Timing Analyzer report for Final_Clock_Project
Tue May 21 16:06:48 2024
Quartus Prime Version 22.1std.0 Build 915 10/25/2022 SC Lite Edition


---------------------
; Table of Contents ;
---------------------
  1. Legal Notice
  2. Timing Analyzer Summary
  3. Parallel Compilation
  4. Clocks
  5. Slow 1100mV 85C Model Fmax Summary
  6. Timing Closure Recommendations
  7. Slow 1100mV 85C Model Setup Summary
  8. Slow 1100mV 85C Model Hold Summary
  9. Slow 1100mV 85C Model Recovery Summary
 10. Slow 1100mV 85C Model Removal Summary
 11. Slow 1100mV 85C Model Minimum Pulse Width Summary
 12. Slow 1100mV 85C Model Metastability Summary
 13. Slow 1100mV 0C Model Fmax Summary
 14. Slow 1100mV 0C Model Setup Summary
 15. Slow 1100mV 0C Model Hold Summary
 16. Slow 1100mV 0C Model Recovery Summary
 17. Slow 1100mV 0C Model Removal Summary
 18. Slow 1100mV 0C Model Minimum Pulse Width Summary
 19. Slow 1100mV 0C Model Metastability Summary
 20. Fast 1100mV 85C Model Setup Summary
 21. Fast 1100mV 85C Model Hold Summary
 22. Fast 1100mV 85C Model Recovery Summary
 23. Fast 1100mV 85C Model Removal Summary
 24. Fast 1100mV 85C Model Minimum Pulse Width Summary
 25. Fast 1100mV 85C Model Metastability Summary
 26. Fast 1100mV 0C Model Setup Summary
 27. Fast 1100mV 0C Model Hold Summary
 28. Fast 1100mV 0C Model Recovery Summary
 29. Fast 1100mV 0C Model Removal Summary
 30. Fast 1100mV 0C Model Minimum Pulse Width Summary
 31. Fast 1100mV 0C Model Metastability Summary
 32. Multicorner Timing Analysis Summary
 33. Board Trace Model Assignments
 34. Input Transition Times
 35. Signal Integrity Metrics (Slow 1100mv 0c Model)
 36. Signal Integrity Metrics (Slow 1100mv 85c Model)
 37. Signal Integrity Metrics (Fast 1100mv 0c Model)
 38. Signal Integrity Metrics (Fast 1100mv 85c Model)
 39. Setup Transfers
 40. Hold Transfers
 41. Recovery Transfers
 42. Removal Transfers
 43. Report TCCS
 44. Report RSKM
 45. Unconstrained Paths Summary
 46. Clock Status Summary
 47. Unconstrained Input Ports
 48. Unconstrained Output Ports
 49. Unconstrained Input Ports
 50. Unconstrained Output Ports
 51. Timing Analyzer Messages



----------------
; Legal Notice ;
----------------
Copyright (C) 2022  Intel Corporation. All rights reserved.
Your use of Intel Corporation's design tools, logic functions 
and other software and tools, and any partner logic 
functions, and any output files from any of the foregoing 
(including device programming or simulation files), and any 
associated documentation or information are expressly subject 
to the terms and conditions of the Intel Program License 
Subscription Agreement, the Intel Quartus Prime License Agreement,
the Intel FPGA IP License Agreement, or other applicable license
agreement, including, without limitation, that your use is for
the sole purpose of programming logic devices manufactured by
Intel and sold by Intel or its authorized distributors.  Please
refer to the applicable agreement for further details, at
https://fpgasoftware.intel.com/eula.



+--------------------------------------------------------------------------------+
; Timing Analyzer Summary                                                        ;
+-----------------------+--------------------------------------------------------+
; Quartus Prime Version ; Version 22.1std.0 Build 915 10/25/2022 SC Lite Edition ;
; Timing Analyzer       ; Legacy Timing Analyzer                                 ;
; Revision Name         ; Final_Clock_Project                                    ;
; Device Family         ; Cyclone V                                              ;
; Device Name           ; 5CSEMA5F31C6                                           ;
; Timing Models         ; Final                                                  ;
; Delay Model           ; Combined                                               ;
; Rise/Fall Delays      ; Enabled                                                ;
+-----------------------+--------------------------------------------------------+


+------------------------------------------+
; Parallel Compilation                     ;
+----------------------------+-------------+
; Processors                 ; Number      ;
+----------------------------+-------------+
; Number detected on machine ; 20          ;
; Maximum allowed            ; 14          ;
;                            ;             ;
; Average used               ; 1.86        ;
; Maximum used               ; 14          ;
;                            ;             ;
; Usage by Processor         ; % Time Used ;
;     Processor 1            ; 100.0%      ;
;     Processor 2            ;   7.8%      ;
;     Processor 3            ;   7.6%      ;
;     Processor 4            ;   7.5%      ;
;     Processor 5            ;   6.5%      ;
;     Processor 6            ;   6.5%      ;
;     Processor 7            ;   6.3%      ;
;     Processor 8            ;   6.3%      ;
;     Processor 9            ;   6.3%      ;
;     Processor 10           ;   6.2%      ;
;     Processor 11           ;   6.2%      ;
;     Processor 12           ;   6.2%      ;
;     Processor 13           ;   6.2%      ;
;     Processor 14           ;   6.2%      ;
+----------------------------+-------------+


+------------------------------------------------------------------------------------------------------------------------------------------------------------------------------------------------------------------------------------------------------------------------------------+
; Clocks                                                                                                                                                                                                                                                                             ;
+----------------------------------------------------------+------+--------+------------+-------+-------+------------+-----------+-------------+-------+--------+-----------+------------+----------+--------+--------+--------------------------------------------------------------+
; Clock Name                                               ; Type ; Period ; Frequency  ; Rise  ; Fall  ; Duty Cycle ; Divide by ; Multiply by ; Phase ; Offset ; Edge List ; Edge Shift ; Inverted ; Master ; Source ; Targets                                                      ;
+----------------------------------------------------------+------+--------+------------+-------+-------+------------+-----------+-------------+-------+--------+-----------+------------+----------+--------+--------+--------------------------------------------------------------+
; Clock:clock_v1|Time:time_v1|Counter:count_hours|cnt[1]   ; Base ; 1.000  ; 1000.0 MHz ; 0.000 ; 0.500 ;            ;           ;             ;       ;        ;           ;            ;          ;        ;        ; { Clock:clock_v1|Time:time_v1|Counter:count_hours|cnt[1] }   ;
; Clock:clock_v1|Time:time_v1|Counter:count_minutes|cnt[1] ; Base ; 1.000  ; 1000.0 MHz ; 0.000 ; 0.500 ;            ;           ;             ;       ;        ;           ;            ;          ;        ;        ; { Clock:clock_v1|Time:time_v1|Counter:count_minutes|cnt[1] } ;
; Clock:clock_v1|Time:time_v1|Counter:count_seconds|cnt[1] ; Base ; 1.000  ; 1000.0 MHz ; 0.000 ; 0.500 ;            ;           ;             ;       ;        ;           ;            ;          ;        ;        ; { Clock:clock_v1|Time:time_v1|Counter:count_seconds|cnt[1] } ;
; CLOCK_50                                                 ; Base ; 1.000  ; 1000.0 MHz ; 0.000 ; 0.500 ;            ;           ;             ;       ;        ;           ;            ;          ;        ;        ; { CLOCK_50 }                                                 ;
+----------------------------------------------------------+------+--------+------------+-------+-------+------------+-----------+-------------+-------+--------+-----------+------------+----------+--------+--------+--------------------------------------------------------------+


+------------------------------------------------------------------------------------------------+
; Slow 1100mV 85C Model Fmax Summary                                                             ;
+------------+-----------------+----------------------------------------------------------+------+
; Fmax       ; Restricted Fmax ; Clock Name                                               ; Note ;
+------------+-----------------+----------------------------------------------------------+------+
; 50.38 MHz  ; 50.38 MHz       ; Clock:clock_v1|Time:time_v1|Counter:count_minutes|cnt[1] ;      ;
; 64.97 MHz  ; 64.97 MHz       ; Clock:clock_v1|Time:time_v1|Counter:count_hours|cnt[1]   ;      ;
; 80.97 MHz  ; 80.97 MHz       ; Clock:clock_v1|Time:time_v1|Counter:count_seconds|cnt[1] ;      ;
; 134.59 MHz ; 134.59 MHz      ; CLOCK_50                                                 ;      ;
+------------+-----------------+----------------------------------------------------------+------+
This panel reports FMAX for every clock in the design, regardless of the user-specified clock periods.  FMAX is only computed for paths where the source and destination registers or ports are driven by the same clock.  Paths of different clocks, including generated clocks, are ignored.  For paths between a clock and its inversion, FMAX is computed as if the rising and falling edges are scaled along with FMAX, such that the duty cycle (in terms of a percentage) is maintained. Altera recommends that you always use clock constraints and other slack reports for sign-off analysis.


----------------------------------
; Timing Closure Recommendations ;
----------------------------------
HTML report is unavailable in plain text report export.


+------------------------------------------------------------------------------------+
; Slow 1100mV 85C Model Setup Summary                                                ;
+----------------------------------------------------------+---------+---------------+
; Clock                                                    ; Slack   ; End Point TNS ;
+----------------------------------------------------------+---------+---------------+
; Clock:clock_v1|Time:time_v1|Counter:count_minutes|cnt[1] ; -17.298 ; -195.409      ;
; Clock:clock_v1|Time:time_v1|Counter:count_hours|cnt[1]   ; -14.768 ; -179.503      ;
; Clock:clock_v1|Time:time_v1|Counter:count_seconds|cnt[1] ; -13.753 ; -183.393      ;
; CLOCK_50                                                 ; -6.430  ; -1055.775     ;
+----------------------------------------------------------+---------+---------------+


+-----------------------------------------------------------------------------------+
; Slow 1100mV 85C Model Hold Summary                                                ;
+----------------------------------------------------------+--------+---------------+
; Clock                                                    ; Slack  ; End Point TNS ;
+----------------------------------------------------------+--------+---------------+
; Clock:clock_v1|Time:time_v1|Counter:count_hours|cnt[1]   ; -4.015 ; -23.144       ;
; Clock:clock_v1|Time:time_v1|Counter:count_seconds|cnt[1] ; -3.827 ; -24.863       ;
; Clock:clock_v1|Time:time_v1|Counter:count_minutes|cnt[1] ; -3.712 ; -19.301       ;
; CLOCK_50                                                 ; -2.844 ; -20.685       ;
+----------------------------------------------------------+--------+---------------+


+-----------------------------------------------------------------------------------+
; Slow 1100mV 85C Model Recovery Summary                                            ;
+----------------------------------------------------------+--------+---------------+
; Clock                                                    ; Slack  ; End Point TNS ;
+----------------------------------------------------------+--------+---------------+
; Clock:clock_v1|Time:time_v1|Counter:count_minutes|cnt[1] ; -8.338 ; -107.984      ;
; Clock:clock_v1|Time:time_v1|Counter:count_seconds|cnt[1] ; -8.234 ; -108.239      ;
; Clock:clock_v1|Time:time_v1|Counter:count_hours|cnt[1]   ; -7.982 ; -107.788      ;
+----------------------------------------------------------+--------+---------------+


+----------------------------------------------------------------------------------+
; Slow 1100mV 85C Model Removal Summary                                            ;
+----------------------------------------------------------+-------+---------------+
; Clock                                                    ; Slack ; End Point TNS ;
+----------------------------------------------------------+-------+---------------+
; Clock:clock_v1|Time:time_v1|Counter:count_seconds|cnt[1] ; 0.057 ; 0.000         ;
; Clock:clock_v1|Time:time_v1|Counter:count_hours|cnt[1]   ; 0.126 ; 0.000         ;
; Clock:clock_v1|Time:time_v1|Counter:count_minutes|cnt[1] ; 0.173 ; 0.000         ;
+----------------------------------------------------------+-------+---------------+


+-----------------------------------------------------------------------------------+
; Slow 1100mV 85C Model Minimum Pulse Width Summary                                 ;
+----------------------------------------------------------+--------+---------------+
; Clock                                                    ; Slack  ; End Point TNS ;
+----------------------------------------------------------+--------+---------------+
; Clock:clock_v1|Time:time_v1|Counter:count_minutes|cnt[1] ; -2.813 ; -155.549      ;
; Clock:clock_v1|Time:time_v1|Counter:count_seconds|cnt[1] ; -2.588 ; -128.015      ;
; Clock:clock_v1|Time:time_v1|Counter:count_hours|cnt[1]   ; -2.236 ; -117.686      ;
; CLOCK_50                                                 ; -0.394 ; -190.240      ;
+----------------------------------------------------------+--------+---------------+


-----------------------------------------------
; Slow 1100mV 85C Model Metastability Summary ;
-----------------------------------------------
No synchronizer chains to report.


+------------------------------------------------------------------------------------------------+
; Slow 1100mV 0C Model Fmax Summary                                                              ;
+------------+-----------------+----------------------------------------------------------+------+
; Fmax       ; Restricted Fmax ; Clock Name                                               ; Note ;
+------------+-----------------+----------------------------------------------------------+------+
; 51.44 MHz  ; 51.44 MHz       ; Clock:clock_v1|Time:time_v1|Counter:count_minutes|cnt[1] ;      ;
; 64.93 MHz  ; 64.93 MHz       ; Clock:clock_v1|Time:time_v1|Counter:count_hours|cnt[1]   ;      ;
; 82.49 MHz  ; 82.49 MHz       ; Clock:clock_v1|Time:time_v1|Counter:count_seconds|cnt[1] ;      ;
; 138.16 MHz ; 138.16 MHz      ; CLOCK_50                                                 ;      ;
+------------+-----------------+----------------------------------------------------------+------+
This panel reports FMAX for every clock in the design, regardless of the user-specified clock periods.  FMAX is only computed for paths where the source and destination registers or ports are driven by the same clock.  Paths of different clocks, including generated clocks, are ignored.  For paths between a clock and its inversion, FMAX is computed as if the rising and falling edges are scaled along with FMAX, such that the duty cycle (in terms of a percentage) is maintained. Altera recommends that you always use clock constraints and other slack reports for sign-off analysis.


+------------------------------------------------------------------------------------+
; Slow 1100mV 0C Model Setup Summary                                                 ;
+----------------------------------------------------------+---------+---------------+
; Clock                                                    ; Slack   ; End Point TNS ;
+----------------------------------------------------------+---------+---------------+
; Clock:clock_v1|Time:time_v1|Counter:count_minutes|cnt[1] ; -17.239 ; -197.185      ;
; Clock:clock_v1|Time:time_v1|Counter:count_hours|cnt[1]   ; -14.856 ; -181.559      ;
; Clock:clock_v1|Time:time_v1|Counter:count_seconds|cnt[1] ; -13.971 ; -186.009      ;
; CLOCK_50                                                 ; -6.238  ; -1030.273     ;
+----------------------------------------------------------+---------+---------------+


+-----------------------------------------------------------------------------------+
; Slow 1100mV 0C Model Hold Summary                                                 ;
+----------------------------------------------------------+--------+---------------+
; Clock                                                    ; Slack  ; End Point TNS ;
+----------------------------------------------------------+--------+---------------+
; Clock:clock_v1|Time:time_v1|Counter:count_hours|cnt[1]   ; -4.205 ; -24.512       ;
; Clock:clock_v1|Time:time_v1|Counter:count_seconds|cnt[1] ; -4.046 ; -26.722       ;
; Clock:clock_v1|Time:time_v1|Counter:count_minutes|cnt[1] ; -3.864 ; -20.893       ;
; CLOCK_50                                                 ; -2.900 ; -23.588       ;
+----------------------------------------------------------+--------+---------------+


+-----------------------------------------------------------------------------------+
; Slow 1100mV 0C Model Recovery Summary                                             ;
+----------------------------------------------------------+--------+---------------+
; Clock                                                    ; Slack  ; End Point TNS ;
+----------------------------------------------------------+--------+---------------+
; Clock:clock_v1|Time:time_v1|Counter:count_minutes|cnt[1] ; -8.316 ; -107.276      ;
; Clock:clock_v1|Time:time_v1|Counter:count_seconds|cnt[1] ; -8.187 ; -108.128      ;
; Clock:clock_v1|Time:time_v1|Counter:count_hours|cnt[1]   ; -7.983 ; -108.493      ;
+----------------------------------------------------------+--------+---------------+


+-----------------------------------------------------------------------------------+
; Slow 1100mV 0C Model Removal Summary                                              ;
+----------------------------------------------------------+--------+---------------+
; Clock                                                    ; Slack  ; End Point TNS ;
+----------------------------------------------------------+--------+---------------+
; Clock:clock_v1|Time:time_v1|Counter:count_seconds|cnt[1] ; -0.283 ; -0.655        ;
; Clock:clock_v1|Time:time_v1|Counter:count_hours|cnt[1]   ; -0.128 ; -0.128        ;
; Clock:clock_v1|Time:time_v1|Counter:count_minutes|cnt[1] ; -0.023 ; -0.023        ;
+----------------------------------------------------------+--------+---------------+


+-----------------------------------------------------------------------------------+
; Slow 1100mV 0C Model Minimum Pulse Width Summary                                  ;
+----------------------------------------------------------+--------+---------------+
; Clock                                                    ; Slack  ; End Point TNS ;
+----------------------------------------------------------+--------+---------------+
; Clock:clock_v1|Time:time_v1|Counter:count_minutes|cnt[1] ; -2.938 ; -163.714      ;
; Clock:clock_v1|Time:time_v1|Counter:count_seconds|cnt[1] ; -2.837 ; -142.875      ;
; Clock:clock_v1|Time:time_v1|Counter:count_hours|cnt[1]   ; -2.455 ; -131.114      ;
; CLOCK_50                                                 ; -0.394 ; -206.677      ;
+----------------------------------------------------------+--------+---------------+


----------------------------------------------
; Slow 1100mV 0C Model Metastability Summary ;
----------------------------------------------
No synchronizer chains to report.


+-----------------------------------------------------------------------------------+
; Fast 1100mV 85C Model Setup Summary                                               ;
+----------------------------------------------------------+--------+---------------+
; Clock                                                    ; Slack  ; End Point TNS ;
+----------------------------------------------------------+--------+---------------+
; Clock:clock_v1|Time:time_v1|Counter:count_minutes|cnt[1] ; -9.917 ; -108.996      ;
; Clock:clock_v1|Time:time_v1|Counter:count_hours|cnt[1]   ; -8.200 ; -98.232       ;
; Clock:clock_v1|Time:time_v1|Counter:count_seconds|cnt[1] ; -7.755 ; -98.467       ;
; CLOCK_50                                                 ; -3.603 ; -496.845      ;
+----------------------------------------------------------+--------+---------------+


+-----------------------------------------------------------------------------------+
; Fast 1100mV 85C Model Hold Summary                                                ;
+----------------------------------------------------------+--------+---------------+
; Clock                                                    ; Slack  ; End Point TNS ;
+----------------------------------------------------------+--------+---------------+
; Clock:clock_v1|Time:time_v1|Counter:count_hours|cnt[1]   ; -1.987 ; -11.107       ;
; Clock:clock_v1|Time:time_v1|Counter:count_seconds|cnt[1] ; -1.778 ; -11.308       ;
; Clock:clock_v1|Time:time_v1|Counter:count_minutes|cnt[1] ; -1.774 ; -8.593        ;
; CLOCK_50                                                 ; -1.632 ; -11.621       ;
+----------------------------------------------------------+--------+---------------+


+-----------------------------------------------------------------------------------+
; Fast 1100mV 85C Model Recovery Summary                                            ;
+----------------------------------------------------------+--------+---------------+
; Clock                                                    ; Slack  ; End Point TNS ;
+----------------------------------------------------------+--------+---------------+
; Clock:clock_v1|Time:time_v1|Counter:count_minutes|cnt[1] ; -4.823 ; -63.572       ;
; Clock:clock_v1|Time:time_v1|Counter:count_seconds|cnt[1] ; -4.790 ; -63.573       ;
; Clock:clock_v1|Time:time_v1|Counter:count_hours|cnt[1]   ; -4.775 ; -63.039       ;
+----------------------------------------------------------+--------+---------------+


+----------------------------------------------------------------------------------+
; Fast 1100mV 85C Model Removal Summary                                            ;
+----------------------------------------------------------+-------+---------------+
; Clock                                                    ; Slack ; End Point TNS ;
+----------------------------------------------------------+-------+---------------+
; Clock:clock_v1|Time:time_v1|Counter:count_hours|cnt[1]   ; 0.339 ; 0.000         ;
; Clock:clock_v1|Time:time_v1|Counter:count_seconds|cnt[1] ; 0.348 ; 0.000         ;
; Clock:clock_v1|Time:time_v1|Counter:count_minutes|cnt[1] ; 0.365 ; 0.000         ;
+----------------------------------------------------------+-------+---------------+


+-----------------------------------------------------------------------------------+
; Fast 1100mV 85C Model Minimum Pulse Width Summary                                 ;
+----------------------------------------------------------+--------+---------------+
; Clock                                                    ; Slack  ; End Point TNS ;
+----------------------------------------------------------+--------+---------------+
; Clock:clock_v1|Time:time_v1|Counter:count_minutes|cnt[1] ; -1.078 ; -54.916       ;
; Clock:clock_v1|Time:time_v1|Counter:count_hours|cnt[1]   ; -0.896 ; -34.809       ;
; Clock:clock_v1|Time:time_v1|Counter:count_seconds|cnt[1] ; -0.853 ; -36.595       ;
; CLOCK_50                                                 ; -0.093 ; -30.724       ;
+----------------------------------------------------------+--------+---------------+


-----------------------------------------------
; Fast 1100mV 85C Model Metastability Summary ;
-----------------------------------------------
No synchronizer chains to report.


+-----------------------------------------------------------------------------------+
; Fast 1100mV 0C Model Setup Summary                                                ;
+----------------------------------------------------------+--------+---------------+
; Clock                                                    ; Slack  ; End Point TNS ;
+----------------------------------------------------------+--------+---------------+
; Clock:clock_v1|Time:time_v1|Counter:count_minutes|cnt[1] ; -8.988 ; -99.826       ;
; Clock:clock_v1|Time:time_v1|Counter:count_hours|cnt[1]   ; -7.481 ; -90.229       ;
; Clock:clock_v1|Time:time_v1|Counter:count_seconds|cnt[1] ; -7.124 ; -90.983       ;
; CLOCK_50                                                 ; -3.124 ; -419.303      ;
+----------------------------------------------------------+--------+---------------+


+-----------------------------------------------------------------------------------+
; Fast 1100mV 0C Model Hold Summary                                                 ;
+----------------------------------------------------------+--------+---------------+
; Clock                                                    ; Slack  ; End Point TNS ;
+----------------------------------------------------------+--------+---------------+
; Clock:clock_v1|Time:time_v1|Counter:count_hours|cnt[1]   ; -1.901 ; -10.710       ;
; Clock:clock_v1|Time:time_v1|Counter:count_seconds|cnt[1] ; -1.710 ; -11.048       ;
; Clock:clock_v1|Time:time_v1|Counter:count_minutes|cnt[1] ; -1.695 ; -8.331        ;
; CLOCK_50                                                 ; -1.625 ; -12.526       ;
+----------------------------------------------------------+--------+---------------+


+-----------------------------------------------------------------------------------+
; Fast 1100mV 0C Model Recovery Summary                                             ;
+----------------------------------------------------------+--------+---------------+
; Clock                                                    ; Slack  ; End Point TNS ;
+----------------------------------------------------------+--------+---------------+
; Clock:clock_v1|Time:time_v1|Counter:count_minutes|cnt[1] ; -4.330 ; -57.099       ;
; Clock:clock_v1|Time:time_v1|Counter:count_hours|cnt[1]   ; -4.322 ; -56.643       ;
; Clock:clock_v1|Time:time_v1|Counter:count_seconds|cnt[1] ; -4.278 ; -57.263       ;
+----------------------------------------------------------+--------+---------------+


+----------------------------------------------------------------------------------+
; Fast 1100mV 0C Model Removal Summary                                             ;
+----------------------------------------------------------+-------+---------------+
; Clock                                                    ; Slack ; End Point TNS ;
+----------------------------------------------------------+-------+---------------+
; Clock:clock_v1|Time:time_v1|Counter:count_hours|cnt[1]   ; 0.290 ; 0.000         ;
; Clock:clock_v1|Time:time_v1|Counter:count_seconds|cnt[1] ; 0.312 ; 0.000         ;
; Clock:clock_v1|Time:time_v1|Counter:count_minutes|cnt[1] ; 0.324 ; 0.000         ;
+----------------------------------------------------------+-------+---------------+


+-----------------------------------------------------------------------------------+
; Fast 1100mV 0C Model Minimum Pulse Width Summary                                  ;
+----------------------------------------------------------+--------+---------------+
; Clock                                                    ; Slack  ; End Point TNS ;
+----------------------------------------------------------+--------+---------------+
; Clock:clock_v1|Time:time_v1|Counter:count_minutes|cnt[1] ; -0.985 ; -50.294       ;
; Clock:clock_v1|Time:time_v1|Counter:count_seconds|cnt[1] ; -0.786 ; -33.706       ;
; Clock:clock_v1|Time:time_v1|Counter:count_hours|cnt[1]   ; -0.759 ; -31.374       ;
; CLOCK_50                                                 ; -0.089 ; -30.468       ;
+----------------------------------------------------------+--------+---------------+


----------------------------------------------
; Fast 1100mV 0C Model Metastability Summary ;
----------------------------------------------
No synchronizer chains to report.


+----------------------------------------------------------------------------------------------------------------------------+
; Multicorner Timing Analysis Summary                                                                                        ;
+-----------------------------------------------------------+-----------+---------+----------+---------+---------------------+
; Clock                                                     ; Setup     ; Hold    ; Recovery ; Removal ; Minimum Pulse Width ;
+-----------------------------------------------------------+-----------+---------+----------+---------+---------------------+
; Worst-case Slack                                          ; -17.298   ; -4.205  ; -8.338   ; -0.283  ; -2.938              ;
;  CLOCK_50                                                 ; -6.430    ; -2.900  ; N/A      ; N/A     ; -0.394              ;
;  Clock:clock_v1|Time:time_v1|Counter:count_hours|cnt[1]   ; -14.856   ; -4.205  ; -7.983   ; -0.128  ; -2.455              ;
;  Clock:clock_v1|Time:time_v1|Counter:count_minutes|cnt[1] ; -17.298   ; -3.864  ; -8.338   ; -0.023  ; -2.938              ;
;  Clock:clock_v1|Time:time_v1|Counter:count_seconds|cnt[1] ; -13.971   ; -4.046  ; -8.234   ; -0.283  ; -2.837              ;
; Design-wide TNS                                           ; -1614.08  ; -95.715 ; -324.011 ; -0.806  ; -644.38             ;
;  CLOCK_50                                                 ; -1055.775 ; -23.588 ; N/A      ; N/A     ; -206.677            ;
;  Clock:clock_v1|Time:time_v1|Counter:count_hours|cnt[1]   ; -181.559  ; -24.512 ; -108.493 ; -0.128  ; -131.114            ;
;  Clock:clock_v1|Time:time_v1|Counter:count_minutes|cnt[1] ; -197.185  ; -20.893 ; -107.984 ; -0.023  ; -163.714            ;
;  Clock:clock_v1|Time:time_v1|Counter:count_seconds|cnt[1] ; -186.009  ; -26.722 ; -108.239 ; -0.655  ; -142.875            ;
+-----------------------------------------------------------+-----------+---------+----------+---------+---------------------+


+------------------------------------------------------------------------------------------------------------------------------------------------------------------------------------------------------------------------------------------------------------------------------------------------------------------------------------------------------------------------------------------------------------+
; Board Trace Model Assignments                                                                                                                                                                                                                                                                                                                                                                              ;
+---------+--------------+-------------------+-------------------------+-------------------------+---------------+---------------------+----------------+------------------+--------+------------------+------------------------+------------------------+--------------+---------------+-----------------+-------+---------------------+--------------------+---------------+-----------------+-------------+
; Pin     ; I/O Standard ; Near Tline Length ; Near Tline L per Length ; Near Tline C per Length ; Near Series R ; Near Differential R ; Near Pull-up R ; Near Pull-down R ; Near C ; Far Tline Length ; Far Tline L per Length ; Far Tline C per Length ; Far Series R ; Far Pull-up R ; Far Pull-down R ; Far C ; Termination Voltage ; Far Differential R ; EBD File Name ; EBD Signal Name ; EBD Far-end ;
+---------+--------------+-------------------+-------------------------+-------------------------+---------------+---------------------+----------------+------------------+--------+------------------+------------------------+------------------------+--------------+---------------+-----------------+-------+---------------------+--------------------+---------------+-----------------+-------------+
; HEX5[0] ; 2.5 V        ; 0 in              ; 0 H/in                  ; 0 F/in                  ; short         ; -                   ; open           ; open             ; open   ; 0 in             ; 0 H/in                 ; 0 F/in                 ; short        ; open          ; open            ; open  ; 0 V                 ; -                  ; n/a           ; n/a             ; n/a         ;
; HEX5[1] ; 2.5 V        ; 0 in              ; 0 H/in                  ; 0 F/in                  ; short         ; -                   ; open           ; open             ; open   ; 0 in             ; 0 H/in                 ; 0 F/in                 ; short        ; open          ; open            ; open  ; 0 V                 ; -                  ; n/a           ; n/a             ; n/a         ;
; HEX5[2] ; 2.5 V        ; 0 in              ; 0 H/in                  ; 0 F/in                  ; short         ; -                   ; open           ; open             ; open   ; 0 in             ; 0 H/in                 ; 0 F/in                 ; short        ; open          ; open            ; open  ; 0 V                 ; -                  ; n/a           ; n/a             ; n/a         ;
; HEX5[3] ; 2.5 V        ; 0 in              ; 0 H/in                  ; 0 F/in                  ; short         ; -                   ; open           ; open             ; open   ; 0 in             ; 0 H/in                 ; 0 F/in                 ; short        ; open          ; open            ; open  ; 0 V                 ; -                  ; n/a           ; n/a             ; n/a         ;
; HEX5[4] ; 2.5 V        ; 0 in              ; 0 H/in                  ; 0 F/in                  ; short         ; -                   ; open           ; open             ; open   ; 0 in             ; 0 H/in                 ; 0 F/in                 ; short        ; open          ; open            ; open  ; 0 V                 ; -                  ; n/a           ; n/a             ; n/a         ;
; HEX5[5] ; 2.5 V        ; 0 in              ; 0 H/in                  ; 0 F/in                  ; short         ; -                   ; open           ; open             ; open   ; 0 in             ; 0 H/in                 ; 0 F/in                 ; short        ; open          ; open            ; open  ; 0 V                 ; -                  ; n/a           ; n/a             ; n/a         ;
; HEX5[6] ; 2.5 V        ; 0 in              ; 0 H/in                  ; 0 F/in                  ; short         ; -                   ; open           ; open             ; open   ; 0 in             ; 0 H/in                 ; 0 F/in                 ; short        ; open          ; open            ; open  ; 0 V                 ; -                  ; n/a           ; n/a             ; n/a         ;
; HEX4[0] ; 2.5 V        ; 0 in              ; 0 H/in                  ; 0 F/in                  ; short         ; -                   ; open           ; open             ; open   ; 0 in             ; 0 H/in                 ; 0 F/in                 ; short        ; open          ; open            ; open  ; 0 V                 ; -                  ; n/a           ; n/a             ; n/a         ;
; HEX4[1] ; 2.5 V        ; 0 in              ; 0 H/in                  ; 0 F/in                  ; short         ; -                   ; open           ; open             ; open   ; 0 in             ; 0 H/in                 ; 0 F/in                 ; short        ; open          ; open            ; open  ; 0 V                 ; -                  ; n/a           ; n/a             ; n/a         ;
; HEX4[2] ; 2.5 V        ; 0 in              ; 0 H/in                  ; 0 F/in                  ; short         ; -                   ; open           ; open             ; open   ; 0 in             ; 0 H/in                 ; 0 F/in                 ; short        ; open          ; open            ; open  ; 0 V                 ; -                  ; n/a           ; n/a             ; n/a         ;
; HEX4[3] ; 2.5 V        ; 0 in              ; 0 H/in                  ; 0 F/in                  ; short         ; -                   ; open           ; open             ; open   ; 0 in             ; 0 H/in                 ; 0 F/in                 ; short        ; open          ; open            ; open  ; 0 V                 ; -                  ; n/a           ; n/a             ; n/a         ;
; HEX4[4] ; 2.5 V        ; 0 in              ; 0 H/in                  ; 0 F/in                  ; short         ; -                   ; open           ; open             ; open   ; 0 in             ; 0 H/in                 ; 0 F/in                 ; short        ; open          ; open            ; open  ; 0 V                 ; -                  ; n/a           ; n/a             ; n/a         ;
; HEX4[5] ; 2.5 V        ; 0 in              ; 0 H/in                  ; 0 F/in                  ; short         ; -                   ; open           ; open             ; open   ; 0 in             ; 0 H/in                 ; 0 F/in                 ; short        ; open          ; open            ; open  ; 0 V                 ; -                  ; n/a           ; n/a             ; n/a         ;
; HEX4[6] ; 2.5 V        ; 0 in              ; 0 H/in                  ; 0 F/in                  ; short         ; -                   ; open           ; open             ; open   ; 0 in             ; 0 H/in                 ; 0 F/in                 ; short        ; open          ; open            ; open  ; 0 V                 ; -                  ; n/a           ; n/a             ; n/a         ;
; HEX3[0] ; 2.5 V        ; 0 in              ; 0 H/in                  ; 0 F/in                  ; short         ; -                   ; open           ; open             ; open   ; 0 in             ; 0 H/in                 ; 0 F/in                 ; short        ; open          ; open            ; open  ; 0 V                 ; -                  ; n/a           ; n/a             ; n/a         ;
; HEX3[1] ; 2.5 V        ; 0 in              ; 0 H/in                  ; 0 F/in                  ; short         ; -                   ; open           ; open             ; open   ; 0 in             ; 0 H/in                 ; 0 F/in                 ; short        ; open          ; open            ; open  ; 0 V                 ; -                  ; n/a           ; n/a             ; n/a         ;
; HEX3[2] ; 2.5 V        ; 0 in              ; 0 H/in                  ; 0 F/in                  ; short         ; -                   ; open           ; open             ; open   ; 0 in             ; 0 H/in                 ; 0 F/in                 ; short        ; open          ; open            ; open  ; 0 V                 ; -                  ; n/a           ; n/a             ; n/a         ;
; HEX3[3] ; 2.5 V        ; 0 in              ; 0 H/in                  ; 0 F/in                  ; short         ; -                   ; open           ; open             ; open   ; 0 in             ; 0 H/in                 ; 0 F/in                 ; short        ; open          ; open            ; open  ; 0 V                 ; -                  ; n/a           ; n/a             ; n/a         ;
; HEX3[4] ; 2.5 V        ; 0 in              ; 0 H/in                  ; 0 F/in                  ; short         ; -                   ; open           ; open             ; open   ; 0 in             ; 0 H/in                 ; 0 F/in                 ; short        ; open          ; open            ; open  ; 0 V                 ; -                  ; n/a           ; n/a             ; n/a         ;
; HEX3[5] ; 2.5 V        ; 0 in              ; 0 H/in                  ; 0 F/in                  ; short         ; -                   ; open           ; open             ; open   ; 0 in             ; 0 H/in                 ; 0 F/in                 ; short        ; open          ; open            ; open  ; 0 V                 ; -                  ; n/a           ; n/a             ; n/a         ;
; HEX3[6] ; 2.5 V        ; 0 in              ; 0 H/in                  ; 0 F/in                  ; short         ; -                   ; open           ; open             ; open   ; 0 in             ; 0 H/in                 ; 0 F/in                 ; short        ; open          ; open            ; open  ; 0 V                 ; -                  ; n/a           ; n/a             ; n/a         ;
; HEX2[0] ; 2.5 V        ; 0 in              ; 0 H/in                  ; 0 F/in                  ; short         ; -                   ; open           ; open             ; open   ; 0 in             ; 0 H/in                 ; 0 F/in                 ; short        ; open          ; open            ; open  ; 0 V                 ; -                  ; n/a           ; n/a             ; n/a         ;
; HEX2[1] ; 2.5 V        ; 0 in              ; 0 H/in                  ; 0 F/in                  ; short         ; -                   ; open           ; open             ; open   ; 0 in             ; 0 H/in                 ; 0 F/in                 ; short        ; open          ; open            ; open  ; 0 V                 ; -                  ; n/a           ; n/a             ; n/a         ;
; HEX2[2] ; 2.5 V        ; 0 in              ; 0 H/in                  ; 0 F/in                  ; short         ; -                   ; open           ; open             ; open   ; 0 in             ; 0 H/in                 ; 0 F/in                 ; short        ; open          ; open            ; open  ; 0 V                 ; -                  ; n/a           ; n/a             ; n/a         ;
; HEX2[3] ; 2.5 V        ; 0 in              ; 0 H/in                  ; 0 F/in                  ; short         ; -                   ; open           ; open             ; open   ; 0 in             ; 0 H/in                 ; 0 F/in                 ; short        ; open          ; open            ; open  ; 0 V                 ; -                  ; n/a           ; n/a             ; n/a         ;
; HEX2[4] ; 2.5 V        ; 0 in              ; 0 H/in                  ; 0 F/in                  ; short         ; -                   ; open           ; open             ; open   ; 0 in             ; 0 H/in                 ; 0 F/in                 ; short        ; open          ; open            ; open  ; 0 V                 ; -                  ; n/a           ; n/a             ; n/a         ;
; HEX2[5] ; 2.5 V        ; 0 in              ; 0 H/in                  ; 0 F/in                  ; short         ; -                   ; open           ; open             ; open   ; 0 in             ; 0 H/in                 ; 0 F/in                 ; short        ; open          ; open            ; open  ; 0 V                 ; -                  ; n/a           ; n/a             ; n/a         ;
; HEX2[6] ; 2.5 V        ; 0 in              ; 0 H/in                  ; 0 F/in                  ; short         ; -                   ; open           ; open             ; open   ; 0 in             ; 0 H/in                 ; 0 F/in                 ; short        ; open          ; open            ; open  ; 0 V                 ; -                  ; n/a           ; n/a             ; n/a         ;
; HEX1[0] ; 2.5 V        ; 0 in              ; 0 H/in                  ; 0 F/in                  ; short         ; -                   ; open           ; open             ; open   ; 0 in             ; 0 H/in                 ; 0 F/in                 ; short        ; open          ; open            ; open  ; 0 V                 ; -                  ; n/a           ; n/a             ; n/a         ;
; HEX1[1] ; 2.5 V        ; 0 in              ; 0 H/in                  ; 0 F/in                  ; short         ; -                   ; open           ; open             ; open   ; 0 in             ; 0 H/in                 ; 0 F/in                 ; short        ; open          ; open            ; open  ; 0 V                 ; -                  ; n/a           ; n/a             ; n/a         ;
; HEX1[2] ; 2.5 V        ; 0 in              ; 0 H/in                  ; 0 F/in                  ; short         ; -                   ; open           ; open             ; open   ; 0 in             ; 0 H/in                 ; 0 F/in                 ; short        ; open          ; open            ; open  ; 0 V                 ; -                  ; n/a           ; n/a             ; n/a         ;
; HEX1[3] ; 2.5 V        ; 0 in              ; 0 H/in                  ; 0 F/in                  ; short         ; -                   ; open           ; open             ; open   ; 0 in             ; 0 H/in                 ; 0 F/in                 ; short        ; open          ; open            ; open  ; 0 V                 ; -                  ; n/a           ; n/a             ; n/a         ;
; HEX1[4] ; 2.5 V        ; 0 in              ; 0 H/in                  ; 0 F/in                  ; short         ; -                   ; open           ; open             ; open   ; 0 in             ; 0 H/in                 ; 0 F/in                 ; short        ; open          ; open            ; open  ; 0 V                 ; -                  ; n/a           ; n/a             ; n/a         ;
; HEX1[5] ; 2.5 V        ; 0 in              ; 0 H/in                  ; 0 F/in                  ; short         ; -                   ; open           ; open             ; open   ; 0 in             ; 0 H/in                 ; 0 F/in                 ; short        ; open          ; open            ; open  ; 0 V                 ; -                  ; n/a           ; n/a             ; n/a         ;
; HEX1[6] ; 2.5 V        ; 0 in              ; 0 H/in                  ; 0 F/in                  ; short         ; -                   ; open           ; open             ; open   ; 0 in             ; 0 H/in                 ; 0 F/in                 ; short        ; open          ; open            ; open  ; 0 V                 ; -                  ; n/a           ; n/a             ; n/a         ;
; HEX0[0] ; 2.5 V        ; 0 in              ; 0 H/in                  ; 0 F/in                  ; short         ; -                   ; open           ; open             ; open   ; 0 in             ; 0 H/in                 ; 0 F/in                 ; short        ; open          ; open            ; open  ; 0 V                 ; -                  ; n/a           ; n/a             ; n/a         ;
; HEX0[1] ; 2.5 V        ; 0 in              ; 0 H/in                  ; 0 F/in                  ; short         ; -                   ; open           ; open             ; open   ; 0 in             ; 0 H/in                 ; 0 F/in                 ; short        ; open          ; open            ; open  ; 0 V                 ; -                  ; n/a           ; n/a             ; n/a         ;
; HEX0[2] ; 2.5 V        ; 0 in              ; 0 H/in                  ; 0 F/in                  ; short         ; -                   ; open           ; open             ; open   ; 0 in             ; 0 H/in                 ; 0 F/in                 ; short        ; open          ; open            ; open  ; 0 V                 ; -                  ; n/a           ; n/a             ; n/a         ;
; HEX0[3] ; 2.5 V        ; 0 in              ; 0 H/in                  ; 0 F/in                  ; short         ; -                   ; open           ; open             ; open   ; 0 in             ; 0 H/in                 ; 0 F/in                 ; short        ; open          ; open            ; open  ; 0 V                 ; -                  ; n/a           ; n/a             ; n/a         ;
; HEX0[4] ; 2.5 V        ; 0 in              ; 0 H/in                  ; 0 F/in                  ; short         ; -                   ; open           ; open             ; open   ; 0 in             ; 0 H/in                 ; 0 F/in                 ; short        ; open          ; open            ; open  ; 0 V                 ; -                  ; n/a           ; n/a             ; n/a         ;
; HEX0[5] ; 2.5 V        ; 0 in              ; 0 H/in                  ; 0 F/in                  ; short         ; -                   ; open           ; open             ; open   ; 0 in             ; 0 H/in                 ; 0 F/in                 ; short        ; open          ; open            ; open  ; 0 V                 ; -                  ; n/a           ; n/a             ; n/a         ;
; HEX0[6] ; 2.5 V        ; 0 in              ; 0 H/in                  ; 0 F/in                  ; short         ; -                   ; open           ; open             ; open   ; 0 in             ; 0 H/in                 ; 0 F/in                 ; short        ; open          ; open            ; open  ; 0 V                 ; -                  ; n/a           ; n/a             ; n/a         ;
; LEDR[0] ; 2.5 V        ; 0 in              ; 0 H/in                  ; 0 F/in                  ; short         ; -                   ; open           ; open             ; open   ; 0 in             ; 0 H/in                 ; 0 F/in                 ; short        ; open          ; open            ; open  ; 0 V                 ; -                  ; n/a           ; n/a             ; n/a         ;
; LEDR[1] ; 2.5 V        ; 0 in              ; 0 H/in                  ; 0 F/in                  ; short         ; -                   ; open           ; open             ; open   ; 0 in             ; 0 H/in                 ; 0 F/in                 ; short        ; open          ; open            ; open  ; 0 V                 ; -                  ; n/a           ; n/a             ; n/a         ;
; LEDR[2] ; 2.5 V        ; 0 in              ; 0 H/in                  ; 0 F/in                  ; short         ; -                   ; open           ; open             ; open   ; 0 in             ; 0 H/in                 ; 0 F/in                 ; short        ; open          ; open            ; open  ; 0 V                 ; -                  ; n/a           ; n/a             ; n/a         ;
; LEDR[3] ; 2.5 V        ; 0 in              ; 0 H/in                  ; 0 F/in                  ; short         ; -                   ; open           ; open             ; open   ; 0 in             ; 0 H/in                 ; 0 F/in                 ; short        ; open          ; open            ; open  ; 0 V                 ; -                  ; n/a           ; n/a             ; n/a         ;
; LEDR[4] ; 2.5 V        ; 0 in              ; 0 H/in                  ; 0 F/in                  ; short         ; -                   ; open           ; open             ; open   ; 0 in             ; 0 H/in                 ; 0 F/in                 ; short        ; open          ; open            ; open  ; 0 V                 ; -                  ; n/a           ; n/a             ; n/a         ;
; LEDR[5] ; 2.5 V        ; 0 in              ; 0 H/in                  ; 0 F/in                  ; short         ; -                   ; open           ; open             ; open   ; 0 in             ; 0 H/in                 ; 0 F/in                 ; short        ; open          ; open            ; open  ; 0 V                 ; -                  ; n/a           ; n/a             ; n/a         ;
; LEDR[6] ; 2.5 V        ; 0 in              ; 0 H/in                  ; 0 F/in                  ; short         ; -                   ; open           ; open             ; open   ; 0 in             ; 0 H/in                 ; 0 F/in                 ; short        ; open          ; open            ; open  ; 0 V                 ; -                  ; n/a           ; n/a             ; n/a         ;
; LEDR[7] ; 2.5 V        ; 0 in              ; 0 H/in                  ; 0 F/in                  ; short         ; -                   ; open           ; open             ; open   ; 0 in             ; 0 H/in                 ; 0 F/in                 ; short        ; open          ; open            ; open  ; 0 V                 ; -                  ; n/a           ; n/a             ; n/a         ;
; LEDR[8] ; 2.5 V        ; 0 in              ; 0 H/in                  ; 0 F/in                  ; short         ; -                   ; open           ; open             ; open   ; 0 in             ; 0 H/in                 ; 0 F/in                 ; short        ; open          ; open            ; open  ; 0 V                 ; -                  ; n/a           ; n/a             ; n/a         ;
; LEDR[9] ; 2.5 V        ; 0 in              ; 0 H/in                  ; 0 F/in                  ; short         ; -                   ; open           ; open             ; open   ; 0 in             ; 0 H/in                 ; 0 F/in                 ; short        ; open          ; open            ; open  ; 0 V                 ; -                  ; n/a           ; n/a             ; n/a         ;
+---------+--------------+-------------------+-------------------------+-------------------------+---------------+---------------------+----------------+------------------+--------+------------------+------------------------+------------------------+--------------+---------------+-----------------+-------+---------------------+--------------------+---------------+-----------------+-------------+


+-------------------------------------------------------------+
; Input Transition Times                                      ;
+----------+--------------+-----------------+-----------------+
; Pin      ; I/O Standard ; 10-90 Rise Time ; 90-10 Fall Time ;
+----------+--------------+-----------------+-----------------+
; SW[0]    ; 2.5 V        ; 2000 ps         ; 2000 ps         ;
; SW[1]    ; 2.5 V        ; 2000 ps         ; 2000 ps         ;
; KEY[2]   ; 2.5 V        ; 2000 ps         ; 2000 ps         ;
; CLOCK_50 ; 2.5 V        ; 2000 ps         ; 2000 ps         ;
; KEY[3]   ; 2.5 V        ; 2000 ps         ; 2000 ps         ;
; KEY[1]   ; 2.5 V        ; 2000 ps         ; 2000 ps         ;
; KEY[0]   ; 2.5 V        ; 2000 ps         ; 2000 ps         ;
+----------+--------------+-----------------+-----------------+


+--------------------------------------------------------------------------------------------------------------------------------------------------------------------------------------------------------------------------------------------------------------------------------------------------------------------------------------------------------------------------------------------------------------------------------------------------------------------------------------------------------------------------------------------------------------------------------------------------------------------------------------------------------------------------------------+
; Signal Integrity Metrics (Slow 1100mv 0c Model)                                                                                                                                                                                                                                                                                                                                                                                                                                                                                                                                                                                                                                      ;
+---------+--------------+---------------------+---------------------+------------------------------+------------------------------+---------------------+---------------------+--------------------------------------+--------------------------------------+-----------------------------+-----------------------------+----------------------------+----------------------------+-----------------------------+-----------------------------+--------------------+--------------------+-------------------------------------+-------------------------------------+----------------------------+----------------------------+---------------------------+---------------------------+
; Pin     ; I/O Standard ; Board Delay on Rise ; Board Delay on Fall ; Steady State Voh at FPGA Pin ; Steady State Vol at FPGA Pin ; Voh Max at FPGA Pin ; Vol Min at FPGA Pin ; Ringback Voltage on Rise at FPGA Pin ; Ringback Voltage on Fall at FPGA Pin ; 10-90 Rise Time at FPGA Pin ; 90-10 Fall Time at FPGA Pin ; Monotonic Rise at FPGA Pin ; Monotonic Fall at FPGA Pin ; Steady State Voh at Far-end ; Steady State Vol at Far-end ; Voh Max at Far-end ; Vol Min at Far-end ; Ringback Voltage on Rise at Far-end ; Ringback Voltage on Fall at Far-end ; 10-90 Rise Time at Far-end ; 90-10 Fall Time at Far-end ; Monotonic Rise at Far-end ; Monotonic Fall at Far-end ;
+---------+--------------+---------------------+---------------------+------------------------------+------------------------------+---------------------+---------------------+--------------------------------------+--------------------------------------+-----------------------------+-----------------------------+----------------------------+----------------------------+-----------------------------+-----------------------------+--------------------+--------------------+-------------------------------------+-------------------------------------+----------------------------+----------------------------+---------------------------+---------------------------+
; HEX5[0] ; 2.5 V        ; 0 s                 ; 0 s                 ; 2.32 V                       ; 3.07e-07 V                   ; 2.36 V              ; -0.0231 V           ; 0.14 V                               ; 0.089 V                              ; 4.52e-10 s                  ; 4.35e-10 s                  ; No                         ; Yes                        ; 2.32 V                      ; 3.07e-07 V                  ; 2.36 V             ; -0.0231 V          ; 0.14 V                              ; 0.089 V                             ; 4.52e-10 s                 ; 4.35e-10 s                 ; No                        ; Yes                       ;
; HEX5[1] ; 2.5 V        ; 0 s                 ; 0 s                 ; 2.32 V                       ; 3.52e-07 V                   ; 2.42 V              ; -0.0557 V           ; 0.175 V                              ; 0.114 V                              ; 4.5e-10 s                   ; 4.35e-10 s                  ; No                         ; No                         ; 2.32 V                      ; 3.52e-07 V                  ; 2.42 V             ; -0.0557 V          ; 0.175 V                             ; 0.114 V                             ; 4.5e-10 s                  ; 4.35e-10 s                 ; No                        ; No                        ;
; HEX5[2] ; 2.5 V        ; 0 s                 ; 0 s                 ; 2.32 V                       ; 3.07e-07 V                   ; 2.36 V              ; -0.0231 V           ; 0.14 V                               ; 0.089 V                              ; 4.52e-10 s                  ; 4.35e-10 s                  ; No                         ; Yes                        ; 2.32 V                      ; 3.07e-07 V                  ; 2.36 V             ; -0.0231 V          ; 0.14 V                              ; 0.089 V                             ; 4.52e-10 s                 ; 4.35e-10 s                 ; No                        ; Yes                       ;
; HEX5[3] ; 2.5 V        ; 0 s                 ; 0 s                 ; 2.32 V                       ; 3.07e-07 V                   ; 2.36 V              ; -0.0231 V           ; 0.14 V                               ; 0.089 V                              ; 4.52e-10 s                  ; 4.35e-10 s                  ; No                         ; Yes                        ; 2.32 V                      ; 3.07e-07 V                  ; 2.36 V             ; -0.0231 V          ; 0.14 V                              ; 0.089 V                             ; 4.52e-10 s                 ; 4.35e-10 s                 ; No                        ; Yes                       ;
; HEX5[4] ; 2.5 V        ; 0 s                 ; 0 s                 ; 2.32 V                       ; 3.52e-07 V                   ; 2.42 V              ; -0.0557 V           ; 0.175 V                              ; 0.114 V                              ; 4.5e-10 s                   ; 4.35e-10 s                  ; No                         ; No                         ; 2.32 V                      ; 3.52e-07 V                  ; 2.42 V             ; -0.0557 V          ; 0.175 V                             ; 0.114 V                             ; 4.5e-10 s                  ; 4.35e-10 s                 ; No                        ; No                        ;
; HEX5[5] ; 2.5 V        ; 0 s                 ; 0 s                 ; 2.32 V                       ; 3.6e-07 V                    ; 2.41 V              ; -0.0463 V           ; 0.201 V                              ; 0.131 V                              ; 4.61e-10 s                  ; 4.53e-10 s                  ; No                         ; Yes                        ; 2.32 V                      ; 3.6e-07 V                   ; 2.41 V             ; -0.0463 V          ; 0.201 V                             ; 0.131 V                             ; 4.61e-10 s                 ; 4.53e-10 s                 ; No                        ; Yes                       ;
; HEX5[6] ; 2.5 V        ; 0 s                 ; 0 s                 ; 2.32 V                       ; 3.52e-07 V                   ; 2.42 V              ; -0.0568 V           ; 0.173 V                              ; 0.113 V                              ; 4.5e-10 s                   ; 4.35e-10 s                  ; No                         ; No                         ; 2.32 V                      ; 3.52e-07 V                  ; 2.42 V             ; -0.0568 V          ; 0.173 V                             ; 0.113 V                             ; 4.5e-10 s                  ; 4.35e-10 s                 ; No                        ; No                        ;
; HEX4[0] ; 2.5 V        ; 0 s                 ; 0 s                 ; 2.32 V                       ; 3.6e-07 V                    ; 2.41 V              ; -0.0463 V           ; 0.201 V                              ; 0.131 V                              ; 4.61e-10 s                  ; 4.53e-10 s                  ; No                         ; Yes                        ; 2.32 V                      ; 3.6e-07 V                   ; 2.41 V             ; -0.0463 V          ; 0.201 V                             ; 0.131 V                             ; 4.61e-10 s                 ; 4.53e-10 s                 ; No                        ; Yes                       ;
; HEX4[1] ; 2.5 V        ; 0 s                 ; 0 s                 ; 2.32 V                       ; 3.6e-07 V                    ; 2.41 V              ; -0.0463 V           ; 0.201 V                              ; 0.131 V                              ; 4.61e-10 s                  ; 4.53e-10 s                  ; No                         ; Yes                        ; 2.32 V                      ; 3.6e-07 V                   ; 2.41 V             ; -0.0463 V          ; 0.201 V                             ; 0.131 V                             ; 4.61e-10 s                 ; 4.53e-10 s                 ; No                        ; Yes                       ;
; HEX4[2] ; 2.5 V        ; 0 s                 ; 0 s                 ; 2.32 V                       ; 3.07e-07 V                   ; 2.36 V              ; -0.0231 V           ; 0.14 V                               ; 0.089 V                              ; 4.52e-10 s                  ; 4.35e-10 s                  ; No                         ; Yes                        ; 2.32 V                      ; 3.07e-07 V                  ; 2.36 V             ; -0.0231 V          ; 0.14 V                              ; 0.089 V                             ; 4.52e-10 s                 ; 4.35e-10 s                 ; No                        ; Yes                       ;
; HEX4[3] ; 2.5 V        ; 0 s                 ; 0 s                 ; 2.32 V                       ; 3.07e-07 V                   ; 2.36 V              ; -0.0231 V           ; 0.14 V                               ; 0.089 V                              ; 4.52e-10 s                  ; 4.35e-10 s                  ; No                         ; Yes                        ; 2.32 V                      ; 3.07e-07 V                  ; 2.36 V             ; -0.0231 V          ; 0.14 V                              ; 0.089 V                             ; 4.52e-10 s                 ; 4.35e-10 s                 ; No                        ; Yes                       ;
; HEX4[4] ; 2.5 V        ; 0 s                 ; 0 s                 ; 2.32 V                       ; 3.07e-07 V                   ; 2.36 V              ; -0.0231 V           ; 0.14 V                               ; 0.089 V                              ; 4.52e-10 s                  ; 4.35e-10 s                  ; No                         ; Yes                        ; 2.32 V                      ; 3.07e-07 V                  ; 2.36 V             ; -0.0231 V          ; 0.14 V                              ; 0.089 V                             ; 4.52e-10 s                 ; 4.35e-10 s                 ; No                        ; Yes                       ;
; HEX4[5] ; 2.5 V        ; 0 s                 ; 0 s                 ; 2.32 V                       ; 3.6e-07 V                    ; 2.41 V              ; -0.0463 V           ; 0.201 V                              ; 0.131 V                              ; 4.61e-10 s                  ; 4.53e-10 s                  ; No                         ; Yes                        ; 2.32 V                      ; 3.6e-07 V                   ; 2.41 V             ; -0.0463 V          ; 0.201 V                             ; 0.131 V                             ; 4.61e-10 s                 ; 4.53e-10 s                 ; No                        ; Yes                       ;
; HEX4[6] ; 2.5 V        ; 0 s                 ; 0 s                 ; 2.32 V                       ; 3.6e-07 V                    ; 2.41 V              ; -0.0463 V           ; 0.201 V                              ; 0.131 V                              ; 4.61e-10 s                  ; 4.53e-10 s                  ; No                         ; Yes                        ; 2.32 V                      ; 3.6e-07 V                   ; 2.41 V             ; -0.0463 V          ; 0.201 V                             ; 0.131 V                             ; 4.61e-10 s                 ; 4.53e-10 s                 ; No                        ; Yes                       ;
; HEX3[0] ; 2.5 V        ; 0 s                 ; 0 s                 ; 2.32 V                       ; 3.6e-07 V                    ; 2.41 V              ; -0.0463 V           ; 0.201 V                              ; 0.131 V                              ; 4.61e-10 s                  ; 4.53e-10 s                  ; No                         ; Yes                        ; 2.32 V                      ; 3.6e-07 V                   ; 2.41 V             ; -0.0463 V          ; 0.201 V                             ; 0.131 V                             ; 4.61e-10 s                 ; 4.53e-10 s                 ; No                        ; Yes                       ;
; HEX3[1] ; 2.5 V        ; 0 s                 ; 0 s                 ; 2.32 V                       ; 3.07e-07 V                   ; 2.36 V              ; -0.0231 V           ; 0.14 V                               ; 0.089 V                              ; 4.52e-10 s                  ; 4.35e-10 s                  ; No                         ; Yes                        ; 2.32 V                      ; 3.07e-07 V                  ; 2.36 V             ; -0.0231 V          ; 0.14 V                              ; 0.089 V                             ; 4.52e-10 s                 ; 4.35e-10 s                 ; No                        ; Yes                       ;
; HEX3[2] ; 2.5 V        ; 0 s                 ; 0 s                 ; 2.32 V                       ; 3.6e-07 V                    ; 2.41 V              ; -0.0463 V           ; 0.201 V                              ; 0.131 V                              ; 4.61e-10 s                  ; 4.53e-10 s                  ; No                         ; Yes                        ; 2.32 V                      ; 3.6e-07 V                   ; 2.41 V             ; -0.0463 V          ; 0.201 V                             ; 0.131 V                             ; 4.61e-10 s                 ; 4.53e-10 s                 ; No                        ; Yes                       ;
; HEX3[3] ; 2.5 V        ; 0 s                 ; 0 s                 ; 2.32 V                       ; 3.07e-07 V                   ; 2.36 V              ; -0.0231 V           ; 0.14 V                               ; 0.089 V                              ; 4.52e-10 s                  ; 4.35e-10 s                  ; No                         ; Yes                        ; 2.32 V                      ; 3.07e-07 V                  ; 2.36 V             ; -0.0231 V          ; 0.14 V                              ; 0.089 V                             ; 4.52e-10 s                 ; 4.35e-10 s                 ; No                        ; Yes                       ;
; HEX3[4] ; 2.5 V        ; 0 s                 ; 0 s                 ; 2.32 V                       ; 3.52e-07 V                   ; 2.42 V              ; -0.0568 V           ; 0.173 V                              ; 0.113 V                              ; 4.5e-10 s                   ; 4.35e-10 s                  ; No                         ; No                         ; 2.32 V                      ; 3.52e-07 V                  ; 2.42 V             ; -0.0568 V          ; 0.173 V                             ; 0.113 V                             ; 4.5e-10 s                  ; 4.35e-10 s                 ; No                        ; No                        ;
; HEX3[5] ; 2.5 V        ; 0 s                 ; 0 s                 ; 2.32 V                       ; 3.07e-07 V                   ; 2.36 V              ; -0.0231 V           ; 0.14 V                               ; 0.089 V                              ; 4.52e-10 s                  ; 4.35e-10 s                  ; No                         ; Yes                        ; 2.32 V                      ; 3.07e-07 V                  ; 2.36 V             ; -0.0231 V          ; 0.14 V                              ; 0.089 V                             ; 4.52e-10 s                 ; 4.35e-10 s                 ; No                        ; Yes                       ;
; HEX3[6] ; 2.5 V        ; 0 s                 ; 0 s                 ; 2.32 V                       ; 3.6e-07 V                    ; 2.41 V              ; -0.0463 V           ; 0.201 V                              ; 0.131 V                              ; 4.61e-10 s                  ; 4.53e-10 s                  ; No                         ; Yes                        ; 2.32 V                      ; 3.6e-07 V                   ; 2.41 V             ; -0.0463 V          ; 0.201 V                             ; 0.131 V                             ; 4.61e-10 s                 ; 4.53e-10 s                 ; No                        ; Yes                       ;
; HEX2[0] ; 2.5 V        ; 0 s                 ; 0 s                 ; 2.32 V                       ; 3.07e-07 V                   ; 2.36 V              ; -0.0231 V           ; 0.14 V                               ; 0.089 V                              ; 4.52e-10 s                  ; 4.35e-10 s                  ; No                         ; Yes                        ; 2.32 V                      ; 3.07e-07 V                  ; 2.36 V             ; -0.0231 V          ; 0.14 V                              ; 0.089 V                             ; 4.52e-10 s                 ; 4.35e-10 s                 ; No                        ; Yes                       ;
; HEX2[1] ; 2.5 V        ; 0 s                 ; 0 s                 ; 2.32 V                       ; 3.52e-07 V                   ; 2.42 V              ; -0.0568 V           ; 0.173 V                              ; 0.113 V                              ; 4.5e-10 s                   ; 4.35e-10 s                  ; No                         ; No                         ; 2.32 V                      ; 3.52e-07 V                  ; 2.42 V             ; -0.0568 V          ; 0.173 V                             ; 0.113 V                             ; 4.5e-10 s                  ; 4.35e-10 s                 ; No                        ; No                        ;
; HEX2[2] ; 2.5 V        ; 0 s                 ; 0 s                 ; 2.32 V                       ; 3.52e-07 V                   ; 2.42 V              ; -0.0557 V           ; 0.175 V                              ; 0.114 V                              ; 4.5e-10 s                   ; 4.35e-10 s                  ; No                         ; No                         ; 2.32 V                      ; 3.52e-07 V                  ; 2.42 V             ; -0.0557 V          ; 0.175 V                             ; 0.114 V                             ; 4.5e-10 s                  ; 4.35e-10 s                 ; No                        ; No                        ;
; HEX2[3] ; 2.5 V        ; 0 s                 ; 0 s                 ; 2.32 V                       ; 3.52e-07 V                   ; 2.42 V              ; -0.0568 V           ; 0.173 V                              ; 0.113 V                              ; 4.5e-10 s                   ; 4.35e-10 s                  ; No                         ; No                         ; 2.32 V                      ; 3.52e-07 V                  ; 2.42 V             ; -0.0568 V          ; 0.173 V                             ; 0.113 V                             ; 4.5e-10 s                  ; 4.35e-10 s                 ; No                        ; No                        ;
; HEX2[4] ; 2.5 V        ; 0 s                 ; 0 s                 ; 2.32 V                       ; 3.52e-07 V                   ; 2.42 V              ; -0.0568 V           ; 0.173 V                              ; 0.113 V                              ; 4.5e-10 s                   ; 4.35e-10 s                  ; No                         ; No                         ; 2.32 V                      ; 3.52e-07 V                  ; 2.42 V             ; -0.0568 V          ; 0.173 V                             ; 0.113 V                             ; 4.5e-10 s                  ; 4.35e-10 s                 ; No                        ; No                        ;
; HEX2[5] ; 2.5 V        ; 0 s                 ; 0 s                 ; 2.32 V                       ; 3.52e-07 V                   ; 2.42 V              ; -0.0557 V           ; 0.175 V                              ; 0.114 V                              ; 4.5e-10 s                   ; 4.35e-10 s                  ; No                         ; No                         ; 2.32 V                      ; 3.52e-07 V                  ; 2.42 V             ; -0.0557 V          ; 0.175 V                             ; 0.114 V                             ; 4.5e-10 s                  ; 4.35e-10 s                 ; No                        ; No                        ;
; HEX2[6] ; 2.5 V        ; 0 s                 ; 0 s                 ; 2.32 V                       ; 3.52e-07 V                   ; 2.42 V              ; -0.0557 V           ; 0.175 V                              ; 0.114 V                              ; 4.5e-10 s                   ; 4.35e-10 s                  ; No                         ; No                         ; 2.32 V                      ; 3.52e-07 V                  ; 2.42 V             ; -0.0557 V          ; 0.175 V                             ; 0.114 V                             ; 4.5e-10 s                  ; 4.35e-10 s                 ; No                        ; No                        ;
; HEX1[0] ; 2.5 V        ; 0 s                 ; 0 s                 ; 2.32 V                       ; 3.52e-07 V                   ; 2.42 V              ; -0.0568 V           ; 0.173 V                              ; 0.113 V                              ; 4.5e-10 s                   ; 4.35e-10 s                  ; No                         ; No                         ; 2.32 V                      ; 3.52e-07 V                  ; 2.42 V             ; -0.0568 V          ; 0.173 V                             ; 0.113 V                             ; 4.5e-10 s                  ; 4.35e-10 s                 ; No                        ; No                        ;
; HEX1[1] ; 2.5 V        ; 0 s                 ; 0 s                 ; 2.32 V                       ; 3.52e-07 V                   ; 2.42 V              ; -0.0557 V           ; 0.175 V                              ; 0.114 V                              ; 4.5e-10 s                   ; 4.35e-10 s                  ; No                         ; No                         ; 2.32 V                      ; 3.52e-07 V                  ; 2.42 V             ; -0.0557 V          ; 0.175 V                             ; 0.114 V                             ; 4.5e-10 s                  ; 4.35e-10 s                 ; No                        ; No                        ;
; HEX1[2] ; 2.5 V        ; 0 s                 ; 0 s                 ; 2.32 V                       ; 3.52e-07 V                   ; 2.42 V              ; -0.0568 V           ; 0.173 V                              ; 0.113 V                              ; 4.5e-10 s                   ; 4.35e-10 s                  ; No                         ; No                         ; 2.32 V                      ; 3.52e-07 V                  ; 2.42 V             ; -0.0568 V          ; 0.173 V                             ; 0.113 V                             ; 4.5e-10 s                  ; 4.35e-10 s                 ; No                        ; No                        ;
; HEX1[3] ; 2.5 V        ; 0 s                 ; 0 s                 ; 2.32 V                       ; 3.52e-07 V                   ; 2.42 V              ; -0.0557 V           ; 0.175 V                              ; 0.114 V                              ; 4.5e-10 s                   ; 4.35e-10 s                  ; No                         ; No                         ; 2.32 V                      ; 3.52e-07 V                  ; 2.42 V             ; -0.0557 V          ; 0.175 V                             ; 0.114 V                             ; 4.5e-10 s                  ; 4.35e-10 s                 ; No                        ; No                        ;
; HEX1[4] ; 2.5 V        ; 0 s                 ; 0 s                 ; 2.32 V                       ; 3.52e-07 V                   ; 2.42 V              ; -0.0568 V           ; 0.173 V                              ; 0.113 V                              ; 4.5e-10 s                   ; 4.35e-10 s                  ; No                         ; No                         ; 2.32 V                      ; 3.52e-07 V                  ; 2.42 V             ; -0.0568 V          ; 0.173 V                             ; 0.113 V                             ; 4.5e-10 s                  ; 4.35e-10 s                 ; No                        ; No                        ;
; HEX1[5] ; 2.5 V        ; 0 s                 ; 0 s                 ; 2.32 V                       ; 3.52e-07 V                   ; 2.42 V              ; -0.0557 V           ; 0.175 V                              ; 0.114 V                              ; 4.5e-10 s                   ; 4.35e-10 s                  ; No                         ; No                         ; 2.32 V                      ; 3.52e-07 V                  ; 2.42 V             ; -0.0557 V          ; 0.175 V                             ; 0.114 V                             ; 4.5e-10 s                  ; 4.35e-10 s                 ; No                        ; No                        ;
; HEX1[6] ; 2.5 V        ; 0 s                 ; 0 s                 ; 2.32 V                       ; 3.52e-07 V                   ; 2.42 V              ; -0.0557 V           ; 0.175 V                              ; 0.114 V                              ; 4.5e-10 s                   ; 4.35e-10 s                  ; No                         ; No                         ; 2.32 V                      ; 3.52e-07 V                  ; 2.42 V             ; -0.0557 V          ; 0.175 V                             ; 0.114 V                             ; 4.5e-10 s                  ; 4.35e-10 s                 ; No                        ; No                        ;
; HEX0[0] ; 2.5 V        ; 0 s                 ; 0 s                 ; 2.32 V                       ; 3.52e-07 V                   ; 2.42 V              ; -0.0568 V           ; 0.173 V                              ; 0.113 V                              ; 4.5e-10 s                   ; 4.35e-10 s                  ; No                         ; No                         ; 2.32 V                      ; 3.52e-07 V                  ; 2.42 V             ; -0.0568 V          ; 0.173 V                             ; 0.113 V                             ; 4.5e-10 s                  ; 4.35e-10 s                 ; No                        ; No                        ;
; HEX0[1] ; 2.5 V        ; 0 s                 ; 0 s                 ; 2.32 V                       ; 3.52e-07 V                   ; 2.42 V              ; -0.0568 V           ; 0.173 V                              ; 0.113 V                              ; 4.5e-10 s                   ; 4.35e-10 s                  ; No                         ; No                         ; 2.32 V                      ; 3.52e-07 V                  ; 2.42 V             ; -0.0568 V          ; 0.173 V                             ; 0.113 V                             ; 4.5e-10 s                  ; 4.35e-10 s                 ; No                        ; No                        ;
; HEX0[2] ; 2.5 V        ; 0 s                 ; 0 s                 ; 2.32 V                       ; 3.52e-07 V                   ; 2.42 V              ; -0.0557 V           ; 0.175 V                              ; 0.114 V                              ; 4.5e-10 s                   ; 4.35e-10 s                  ; No                         ; No                         ; 2.32 V                      ; 3.52e-07 V                  ; 2.42 V             ; -0.0557 V          ; 0.175 V                             ; 0.114 V                             ; 4.5e-10 s                  ; 4.35e-10 s                 ; No                        ; No                        ;
; HEX0[3] ; 2.5 V        ; 0 s                 ; 0 s                 ; 2.32 V                       ; 3.52e-07 V                   ; 2.42 V              ; -0.0568 V           ; 0.173 V                              ; 0.113 V                              ; 4.5e-10 s                   ; 4.35e-10 s                  ; No                         ; No                         ; 2.32 V                      ; 3.52e-07 V                  ; 2.42 V             ; -0.0568 V          ; 0.173 V                             ; 0.113 V                             ; 4.5e-10 s                  ; 4.35e-10 s                 ; No                        ; No                        ;
; HEX0[4] ; 2.5 V        ; 0 s                 ; 0 s                 ; 2.32 V                       ; 3.52e-07 V                   ; 2.42 V              ; -0.0557 V           ; 0.175 V                              ; 0.114 V                              ; 4.5e-10 s                   ; 4.35e-10 s                  ; No                         ; No                         ; 2.32 V                      ; 3.52e-07 V                  ; 2.42 V             ; -0.0557 V          ; 0.175 V                             ; 0.114 V                             ; 4.5e-10 s                  ; 4.35e-10 s                 ; No                        ; No                        ;
; HEX0[5] ; 2.5 V        ; 0 s                 ; 0 s                 ; 2.32 V                       ; 3.52e-07 V                   ; 2.42 V              ; -0.0568 V           ; 0.173 V                              ; 0.113 V                              ; 4.5e-10 s                   ; 4.35e-10 s                  ; No                         ; No                         ; 2.32 V                      ; 3.52e-07 V                  ; 2.42 V             ; -0.0568 V          ; 0.173 V                             ; 0.113 V                             ; 4.5e-10 s                  ; 4.35e-10 s                 ; No                        ; No                        ;
; HEX0[6] ; 2.5 V        ; 0 s                 ; 0 s                 ; 2.32 V                       ; 3.52e-07 V                   ; 2.42 V              ; -0.0557 V           ; 0.175 V                              ; 0.114 V                              ; 4.5e-10 s                   ; 4.35e-10 s                  ; No                         ; No                         ; 2.32 V                      ; 3.52e-07 V                  ; 2.42 V             ; -0.0557 V          ; 0.175 V                             ; 0.114 V                             ; 4.5e-10 s                  ; 4.35e-10 s                 ; No                        ; No                        ;
; LEDR[0] ; 2.5 V        ; 0 s                 ; 0 s                 ; 2.32 V                       ; 3.6e-07 V                    ; 2.41 V              ; -0.0463 V           ; 0.201 V                              ; 0.131 V                              ; 4.61e-10 s                  ; 4.53e-10 s                  ; No                         ; Yes                        ; 2.32 V                      ; 3.6e-07 V                   ; 2.41 V             ; -0.0463 V          ; 0.201 V                             ; 0.131 V                             ; 4.61e-10 s                 ; 4.53e-10 s                 ; No                        ; Yes                       ;
; LEDR[1] ; 2.5 V        ; 0 s                 ; 0 s                 ; 2.32 V                       ; 3.07e-07 V                   ; 2.36 V              ; -0.0231 V           ; 0.14 V                               ; 0.089 V                              ; 4.52e-10 s                  ; 4.35e-10 s                  ; No                         ; Yes                        ; 2.32 V                      ; 3.07e-07 V                  ; 2.36 V             ; -0.0231 V          ; 0.14 V                              ; 0.089 V                             ; 4.52e-10 s                 ; 4.35e-10 s                 ; No                        ; Yes                       ;
; LEDR[2] ; 2.5 V        ; 0 s                 ; 0 s                 ; 2.32 V                       ; 3.6e-07 V                    ; 2.41 V              ; -0.0463 V           ; 0.201 V                              ; 0.131 V                              ; 4.61e-10 s                  ; 4.53e-10 s                  ; No                         ; Yes                        ; 2.32 V                      ; 3.6e-07 V                   ; 2.41 V             ; -0.0463 V          ; 0.201 V                             ; 0.131 V                             ; 4.61e-10 s                 ; 4.53e-10 s                 ; No                        ; Yes                       ;
; LEDR[3] ; 2.5 V        ; 0 s                 ; 0 s                 ; 2.32 V                       ; 3.6e-07 V                    ; 2.41 V              ; -0.0463 V           ; 0.201 V                              ; 0.131 V                              ; 4.61e-10 s                  ; 4.53e-10 s                  ; No                         ; Yes                        ; 2.32 V                      ; 3.6e-07 V                   ; 2.41 V             ; -0.0463 V          ; 0.201 V                             ; 0.131 V                             ; 4.61e-10 s                 ; 4.53e-10 s                 ; No                        ; Yes                       ;
; LEDR[4] ; 2.5 V        ; 0 s                 ; 0 s                 ; 2.32 V                       ; 3.07e-07 V                   ; 2.36 V              ; -0.0231 V           ; 0.14 V                               ; 0.089 V                              ; 4.52e-10 s                  ; 4.35e-10 s                  ; No                         ; Yes                        ; 2.32 V                      ; 3.07e-07 V                  ; 2.36 V             ; -0.0231 V          ; 0.14 V                              ; 0.089 V                             ; 4.52e-10 s                 ; 4.35e-10 s                 ; No                        ; Yes                       ;
; LEDR[5] ; 2.5 V        ; 0 s                 ; 0 s                 ; 2.32 V                       ; 3.07e-07 V                   ; 2.36 V              ; -0.0231 V           ; 0.14 V                               ; 0.089 V                              ; 4.52e-10 s                  ; 4.35e-10 s                  ; No                         ; Yes                        ; 2.32 V                      ; 3.07e-07 V                  ; 2.36 V             ; -0.0231 V          ; 0.14 V                              ; 0.089 V                             ; 4.52e-10 s                 ; 4.35e-10 s                 ; No                        ; Yes                       ;
; LEDR[6] ; 2.5 V        ; 0 s                 ; 0 s                 ; 2.32 V                       ; 3.6e-07 V                    ; 2.41 V              ; -0.0463 V           ; 0.201 V                              ; 0.131 V                              ; 4.61e-10 s                  ; 4.53e-10 s                  ; No                         ; Yes                        ; 2.32 V                      ; 3.6e-07 V                   ; 2.41 V             ; -0.0463 V          ; 0.201 V                             ; 0.131 V                             ; 4.61e-10 s                 ; 4.53e-10 s                 ; No                        ; Yes                       ;
; LEDR[7] ; 2.5 V        ; 0 s                 ; 0 s                 ; 2.32 V                       ; 3.6e-07 V                    ; 2.41 V              ; -0.0463 V           ; 0.201 V                              ; 0.131 V                              ; 4.61e-10 s                  ; 4.53e-10 s                  ; No                         ; Yes                        ; 2.32 V                      ; 3.6e-07 V                   ; 2.41 V             ; -0.0463 V          ; 0.201 V                             ; 0.131 V                             ; 4.61e-10 s                 ; 4.53e-10 s                 ; No                        ; Yes                       ;
; LEDR[8] ; 2.5 V        ; 0 s                 ; 0 s                 ; 2.32 V                       ; 3.6e-07 V                    ; 2.41 V              ; -0.0463 V           ; 0.201 V                              ; 0.131 V                              ; 4.61e-10 s                  ; 4.53e-10 s                  ; No                         ; Yes                        ; 2.32 V                      ; 3.6e-07 V                   ; 2.41 V             ; -0.0463 V          ; 0.201 V                             ; 0.131 V                             ; 4.61e-10 s                 ; 4.53e-10 s                 ; No                        ; Yes                       ;
; LEDR[9] ; 2.5 V        ; 0 s                 ; 0 s                 ; 2.32 V                       ; 3.07e-07 V                   ; 2.36 V              ; -0.0231 V           ; 0.14 V                               ; 0.089 V                              ; 4.52e-10 s                  ; 4.35e-10 s                  ; No                         ; Yes                        ; 2.32 V                      ; 3.07e-07 V                  ; 2.36 V             ; -0.0231 V          ; 0.14 V                              ; 0.089 V                             ; 4.52e-10 s                 ; 4.35e-10 s                 ; No                        ; Yes                       ;
+---------+--------------+---------------------+---------------------+------------------------------+------------------------------+---------------------+---------------------+--------------------------------------+--------------------------------------+-----------------------------+-----------------------------+----------------------------+----------------------------+-----------------------------+-----------------------------+--------------------+--------------------+-------------------------------------+-------------------------------------+----------------------------+----------------------------+---------------------------+---------------------------+


+--------------------------------------------------------------------------------------------------------------------------------------------------------------------------------------------------------------------------------------------------------------------------------------------------------------------------------------------------------------------------------------------------------------------------------------------------------------------------------------------------------------------------------------------------------------------------------------------------------------------------------------------------------------------------------------+
; Signal Integrity Metrics (Slow 1100mv 85c Model)                                                                                                                                                                                                                                                                                                                                                                                                                                                                                                                                                                                                                                     ;
+---------+--------------+---------------------+---------------------+------------------------------+------------------------------+---------------------+---------------------+--------------------------------------+--------------------------------------+-----------------------------+-----------------------------+----------------------------+----------------------------+-----------------------------+-----------------------------+--------------------+--------------------+-------------------------------------+-------------------------------------+----------------------------+----------------------------+---------------------------+---------------------------+
; Pin     ; I/O Standard ; Board Delay on Rise ; Board Delay on Fall ; Steady State Voh at FPGA Pin ; Steady State Vol at FPGA Pin ; Voh Max at FPGA Pin ; Vol Min at FPGA Pin ; Ringback Voltage on Rise at FPGA Pin ; Ringback Voltage on Fall at FPGA Pin ; 10-90 Rise Time at FPGA Pin ; 90-10 Fall Time at FPGA Pin ; Monotonic Rise at FPGA Pin ; Monotonic Fall at FPGA Pin ; Steady State Voh at Far-end ; Steady State Vol at Far-end ; Voh Max at Far-end ; Vol Min at Far-end ; Ringback Voltage on Rise at Far-end ; Ringback Voltage on Fall at Far-end ; 10-90 Rise Time at Far-end ; 90-10 Fall Time at Far-end ; Monotonic Rise at Far-end ; Monotonic Fall at Far-end ;
+---------+--------------+---------------------+---------------------+------------------------------+------------------------------+---------------------+---------------------+--------------------------------------+--------------------------------------+-----------------------------+-----------------------------+----------------------------+----------------------------+-----------------------------+-----------------------------+--------------------+--------------------+-------------------------------------+-------------------------------------+----------------------------+----------------------------+---------------------------+---------------------------+
; HEX5[0] ; 2.5 V        ; 0 s                 ; 0 s                 ; 2.32 V                       ; 3.49e-05 V                   ; 2.34 V              ; -0.0118 V           ; 0.182 V                              ; 0.051 V                              ; 4.81e-10 s                  ; 4.83e-10 s                  ; Yes                        ; Yes                        ; 2.32 V                      ; 3.49e-05 V                  ; 2.34 V             ; -0.0118 V          ; 0.182 V                             ; 0.051 V                             ; 4.81e-10 s                 ; 4.83e-10 s                 ; Yes                       ; Yes                       ;
; HEX5[1] ; 2.5 V        ; 0 s                 ; 0 s                 ; 2.32 V                       ; 3.88e-05 V                   ; 2.39 V              ; -0.037 V            ; 0.188 V                              ; 0.158 V                              ; 4.67e-10 s                  ; 4.67e-10 s                  ; No                         ; Yes                        ; 2.32 V                      ; 3.88e-05 V                  ; 2.39 V             ; -0.037 V           ; 0.188 V                             ; 0.158 V                             ; 4.67e-10 s                 ; 4.67e-10 s                 ; No                        ; Yes                       ;
; HEX5[2] ; 2.5 V        ; 0 s                 ; 0 s                 ; 2.32 V                       ; 3.49e-05 V                   ; 2.34 V              ; -0.0118 V           ; 0.182 V                              ; 0.051 V                              ; 4.81e-10 s                  ; 4.83e-10 s                  ; Yes                        ; Yes                        ; 2.32 V                      ; 3.49e-05 V                  ; 2.34 V             ; -0.0118 V          ; 0.182 V                             ; 0.051 V                             ; 4.81e-10 s                 ; 4.83e-10 s                 ; Yes                       ; Yes                       ;
; HEX5[3] ; 2.5 V        ; 0 s                 ; 0 s                 ; 2.32 V                       ; 3.49e-05 V                   ; 2.34 V              ; -0.0118 V           ; 0.182 V                              ; 0.051 V                              ; 4.81e-10 s                  ; 4.83e-10 s                  ; Yes                        ; Yes                        ; 2.32 V                      ; 3.49e-05 V                  ; 2.34 V             ; -0.0118 V          ; 0.182 V                             ; 0.051 V                             ; 4.81e-10 s                 ; 4.83e-10 s                 ; Yes                       ; Yes                       ;
; HEX5[4] ; 2.5 V        ; 0 s                 ; 0 s                 ; 2.32 V                       ; 3.88e-05 V                   ; 2.39 V              ; -0.037 V            ; 0.188 V                              ; 0.158 V                              ; 4.67e-10 s                  ; 4.67e-10 s                  ; No                         ; Yes                        ; 2.32 V                      ; 3.88e-05 V                  ; 2.39 V             ; -0.037 V           ; 0.188 V                             ; 0.158 V                             ; 4.67e-10 s                 ; 4.67e-10 s                 ; No                        ; Yes                       ;
; HEX5[5] ; 2.5 V        ; 0 s                 ; 0 s                 ; 2.32 V                       ; 3.96e-05 V                   ; 2.38 V              ; -0.0306 V           ; 0.23 V                               ; 0.206 V                              ; 4.83e-10 s                  ; 5.01e-10 s                  ; No                         ; Yes                        ; 2.32 V                      ; 3.96e-05 V                  ; 2.38 V             ; -0.0306 V          ; 0.23 V                              ; 0.206 V                             ; 4.83e-10 s                 ; 5.01e-10 s                 ; No                        ; Yes                       ;
; HEX5[6] ; 2.5 V        ; 0 s                 ; 0 s                 ; 2.32 V                       ; 3.88e-05 V                   ; 2.39 V              ; -0.0374 V           ; 0.189 V                              ; 0.158 V                              ; 4.66e-10 s                  ; 4.67e-10 s                  ; No                         ; Yes                        ; 2.32 V                      ; 3.88e-05 V                  ; 2.39 V             ; -0.0374 V          ; 0.189 V                             ; 0.158 V                             ; 4.66e-10 s                 ; 4.67e-10 s                 ; No                        ; Yes                       ;
; HEX4[0] ; 2.5 V        ; 0 s                 ; 0 s                 ; 2.32 V                       ; 3.96e-05 V                   ; 2.38 V              ; -0.0306 V           ; 0.23 V                               ; 0.206 V                              ; 4.83e-10 s                  ; 5.01e-10 s                  ; No                         ; Yes                        ; 2.32 V                      ; 3.96e-05 V                  ; 2.38 V             ; -0.0306 V          ; 0.23 V                              ; 0.206 V                             ; 4.83e-10 s                 ; 5.01e-10 s                 ; No                        ; Yes                       ;
; HEX4[1] ; 2.5 V        ; 0 s                 ; 0 s                 ; 2.32 V                       ; 3.96e-05 V                   ; 2.38 V              ; -0.0306 V           ; 0.23 V                               ; 0.206 V                              ; 4.83e-10 s                  ; 5.01e-10 s                  ; No                         ; Yes                        ; 2.32 V                      ; 3.96e-05 V                  ; 2.38 V             ; -0.0306 V          ; 0.23 V                              ; 0.206 V                             ; 4.83e-10 s                 ; 5.01e-10 s                 ; No                        ; Yes                       ;
; HEX4[2] ; 2.5 V        ; 0 s                 ; 0 s                 ; 2.32 V                       ; 3.49e-05 V                   ; 2.34 V              ; -0.0118 V           ; 0.182 V                              ; 0.051 V                              ; 4.81e-10 s                  ; 4.83e-10 s                  ; Yes                        ; Yes                        ; 2.32 V                      ; 3.49e-05 V                  ; 2.34 V             ; -0.0118 V          ; 0.182 V                             ; 0.051 V                             ; 4.81e-10 s                 ; 4.83e-10 s                 ; Yes                       ; Yes                       ;
; HEX4[3] ; 2.5 V        ; 0 s                 ; 0 s                 ; 2.32 V                       ; 3.49e-05 V                   ; 2.34 V              ; -0.0118 V           ; 0.182 V                              ; 0.051 V                              ; 4.81e-10 s                  ; 4.83e-10 s                  ; Yes                        ; Yes                        ; 2.32 V                      ; 3.49e-05 V                  ; 2.34 V             ; -0.0118 V          ; 0.182 V                             ; 0.051 V                             ; 4.81e-10 s                 ; 4.83e-10 s                 ; Yes                       ; Yes                       ;
; HEX4[4] ; 2.5 V        ; 0 s                 ; 0 s                 ; 2.32 V                       ; 3.49e-05 V                   ; 2.34 V              ; -0.0118 V           ; 0.182 V                              ; 0.051 V                              ; 4.81e-10 s                  ; 4.83e-10 s                  ; Yes                        ; Yes                        ; 2.32 V                      ; 3.49e-05 V                  ; 2.34 V             ; -0.0118 V          ; 0.182 V                             ; 0.051 V                             ; 4.81e-10 s                 ; 4.83e-10 s                 ; Yes                       ; Yes                       ;
; HEX4[5] ; 2.5 V        ; 0 s                 ; 0 s                 ; 2.32 V                       ; 3.96e-05 V                   ; 2.38 V              ; -0.0306 V           ; 0.23 V                               ; 0.206 V                              ; 4.83e-10 s                  ; 5.01e-10 s                  ; No                         ; Yes                        ; 2.32 V                      ; 3.96e-05 V                  ; 2.38 V             ; -0.0306 V          ; 0.23 V                              ; 0.206 V                             ; 4.83e-10 s                 ; 5.01e-10 s                 ; No                        ; Yes                       ;
; HEX4[6] ; 2.5 V        ; 0 s                 ; 0 s                 ; 2.32 V                       ; 3.96e-05 V                   ; 2.38 V              ; -0.0306 V           ; 0.23 V                               ; 0.206 V                              ; 4.83e-10 s                  ; 5.01e-10 s                  ; No                         ; Yes                        ; 2.32 V                      ; 3.96e-05 V                  ; 2.38 V             ; -0.0306 V          ; 0.23 V                              ; 0.206 V                             ; 4.83e-10 s                 ; 5.01e-10 s                 ; No                        ; Yes                       ;
; HEX3[0] ; 2.5 V        ; 0 s                 ; 0 s                 ; 2.32 V                       ; 3.96e-05 V                   ; 2.38 V              ; -0.0306 V           ; 0.23 V                               ; 0.206 V                              ; 4.83e-10 s                  ; 5.01e-10 s                  ; No                         ; Yes                        ; 2.32 V                      ; 3.96e-05 V                  ; 2.38 V             ; -0.0306 V          ; 0.23 V                              ; 0.206 V                             ; 4.83e-10 s                 ; 5.01e-10 s                 ; No                        ; Yes                       ;
; HEX3[1] ; 2.5 V        ; 0 s                 ; 0 s                 ; 2.32 V                       ; 3.49e-05 V                   ; 2.34 V              ; -0.0118 V           ; 0.182 V                              ; 0.051 V                              ; 4.81e-10 s                  ; 4.83e-10 s                  ; Yes                        ; Yes                        ; 2.32 V                      ; 3.49e-05 V                  ; 2.34 V             ; -0.0118 V          ; 0.182 V                             ; 0.051 V                             ; 4.81e-10 s                 ; 4.83e-10 s                 ; Yes                       ; Yes                       ;
; HEX3[2] ; 2.5 V        ; 0 s                 ; 0 s                 ; 2.32 V                       ; 3.96e-05 V                   ; 2.38 V              ; -0.0306 V           ; 0.23 V                               ; 0.206 V                              ; 4.83e-10 s                  ; 5.01e-10 s                  ; No                         ; Yes                        ; 2.32 V                      ; 3.96e-05 V                  ; 2.38 V             ; -0.0306 V          ; 0.23 V                              ; 0.206 V                             ; 4.83e-10 s                 ; 5.01e-10 s                 ; No                        ; Yes                       ;
; HEX3[3] ; 2.5 V        ; 0 s                 ; 0 s                 ; 2.32 V                       ; 3.49e-05 V                   ; 2.34 V              ; -0.0118 V           ; 0.182 V                              ; 0.051 V                              ; 4.81e-10 s                  ; 4.83e-10 s                  ; Yes                        ; Yes                        ; 2.32 V                      ; 3.49e-05 V                  ; 2.34 V             ; -0.0118 V          ; 0.182 V                             ; 0.051 V                             ; 4.81e-10 s                 ; 4.83e-10 s                 ; Yes                       ; Yes                       ;
; HEX3[4] ; 2.5 V        ; 0 s                 ; 0 s                 ; 2.32 V                       ; 3.88e-05 V                   ; 2.39 V              ; -0.0374 V           ; 0.189 V                              ; 0.158 V                              ; 4.66e-10 s                  ; 4.67e-10 s                  ; No                         ; Yes                        ; 2.32 V                      ; 3.88e-05 V                  ; 2.39 V             ; -0.0374 V          ; 0.189 V                             ; 0.158 V                             ; 4.66e-10 s                 ; 4.67e-10 s                 ; No                        ; Yes                       ;
; HEX3[5] ; 2.5 V        ; 0 s                 ; 0 s                 ; 2.32 V                       ; 3.49e-05 V                   ; 2.34 V              ; -0.0118 V           ; 0.182 V                              ; 0.051 V                              ; 4.81e-10 s                  ; 4.83e-10 s                  ; Yes                        ; Yes                        ; 2.32 V                      ; 3.49e-05 V                  ; 2.34 V             ; -0.0118 V          ; 0.182 V                             ; 0.051 V                             ; 4.81e-10 s                 ; 4.83e-10 s                 ; Yes                       ; Yes                       ;
; HEX3[6] ; 2.5 V        ; 0 s                 ; 0 s                 ; 2.32 V                       ; 3.96e-05 V                   ; 2.38 V              ; -0.0306 V           ; 0.23 V                               ; 0.206 V                              ; 4.83e-10 s                  ; 5.01e-10 s                  ; No                         ; Yes                        ; 2.32 V                      ; 3.96e-05 V                  ; 2.38 V             ; -0.0306 V          ; 0.23 V                              ; 0.206 V                             ; 4.83e-10 s                 ; 5.01e-10 s                 ; No                        ; Yes                       ;
; HEX2[0] ; 2.5 V        ; 0 s                 ; 0 s                 ; 2.32 V                       ; 3.49e-05 V                   ; 2.34 V              ; -0.0118 V           ; 0.182 V                              ; 0.051 V                              ; 4.81e-10 s                  ; 4.83e-10 s                  ; Yes                        ; Yes                        ; 2.32 V                      ; 3.49e-05 V                  ; 2.34 V             ; -0.0118 V          ; 0.182 V                             ; 0.051 V                             ; 4.81e-10 s                 ; 4.83e-10 s                 ; Yes                       ; Yes                       ;
; HEX2[1] ; 2.5 V        ; 0 s                 ; 0 s                 ; 2.32 V                       ; 3.88e-05 V                   ; 2.39 V              ; -0.0374 V           ; 0.189 V                              ; 0.158 V                              ; 4.66e-10 s                  ; 4.67e-10 s                  ; No                         ; Yes                        ; 2.32 V                      ; 3.88e-05 V                  ; 2.39 V             ; -0.0374 V          ; 0.189 V                             ; 0.158 V                             ; 4.66e-10 s                 ; 4.67e-10 s                 ; No                        ; Yes                       ;
; HEX2[2] ; 2.5 V        ; 0 s                 ; 0 s                 ; 2.32 V                       ; 3.88e-05 V                   ; 2.39 V              ; -0.037 V            ; 0.188 V                              ; 0.158 V                              ; 4.67e-10 s                  ; 4.67e-10 s                  ; No                         ; Yes                        ; 2.32 V                      ; 3.88e-05 V                  ; 2.39 V             ; -0.037 V           ; 0.188 V                             ; 0.158 V                             ; 4.67e-10 s                 ; 4.67e-10 s                 ; No                        ; Yes                       ;
; HEX2[3] ; 2.5 V        ; 0 s                 ; 0 s                 ; 2.32 V                       ; 3.88e-05 V                   ; 2.39 V              ; -0.0374 V           ; 0.189 V                              ; 0.158 V                              ; 4.66e-10 s                  ; 4.67e-10 s                  ; No                         ; Yes                        ; 2.32 V                      ; 3.88e-05 V                  ; 2.39 V             ; -0.0374 V          ; 0.189 V                             ; 0.158 V                             ; 4.66e-10 s                 ; 4.67e-10 s                 ; No                        ; Yes                       ;
; HEX2[4] ; 2.5 V        ; 0 s                 ; 0 s                 ; 2.32 V                       ; 3.88e-05 V                   ; 2.39 V              ; -0.0374 V           ; 0.189 V                              ; 0.158 V                              ; 4.66e-10 s                  ; 4.67e-10 s                  ; No                         ; Yes                        ; 2.32 V                      ; 3.88e-05 V                  ; 2.39 V             ; -0.0374 V          ; 0.189 V                             ; 0.158 V                             ; 4.66e-10 s                 ; 4.67e-10 s                 ; No                        ; Yes                       ;
; HEX2[5] ; 2.5 V        ; 0 s                 ; 0 s                 ; 2.32 V                       ; 3.88e-05 V                   ; 2.39 V              ; -0.037 V            ; 0.188 V                              ; 0.158 V                              ; 4.67e-10 s                  ; 4.67e-10 s                  ; No                         ; Yes                        ; 2.32 V                      ; 3.88e-05 V                  ; 2.39 V             ; -0.037 V           ; 0.188 V                             ; 0.158 V                             ; 4.67e-10 s                 ; 4.67e-10 s                 ; No                        ; Yes                       ;
; HEX2[6] ; 2.5 V        ; 0 s                 ; 0 s                 ; 2.32 V                       ; 3.88e-05 V                   ; 2.39 V              ; -0.037 V            ; 0.188 V                              ; 0.158 V                              ; 4.67e-10 s                  ; 4.67e-10 s                  ; No                         ; Yes                        ; 2.32 V                      ; 3.88e-05 V                  ; 2.39 V             ; -0.037 V           ; 0.188 V                             ; 0.158 V                             ; 4.67e-10 s                 ; 4.67e-10 s                 ; No                        ; Yes                       ;
; HEX1[0] ; 2.5 V        ; 0 s                 ; 0 s                 ; 2.32 V                       ; 3.88e-05 V                   ; 2.39 V              ; -0.0374 V           ; 0.189 V                              ; 0.158 V                              ; 4.66e-10 s                  ; 4.67e-10 s                  ; No                         ; Yes                        ; 2.32 V                      ; 3.88e-05 V                  ; 2.39 V             ; -0.0374 V          ; 0.189 V                             ; 0.158 V                             ; 4.66e-10 s                 ; 4.67e-10 s                 ; No                        ; Yes                       ;
; HEX1[1] ; 2.5 V        ; 0 s                 ; 0 s                 ; 2.32 V                       ; 3.88e-05 V                   ; 2.39 V              ; -0.037 V            ; 0.188 V                              ; 0.158 V                              ; 4.67e-10 s                  ; 4.67e-10 s                  ; No                         ; Yes                        ; 2.32 V                      ; 3.88e-05 V                  ; 2.39 V             ; -0.037 V           ; 0.188 V                             ; 0.158 V                             ; 4.67e-10 s                 ; 4.67e-10 s                 ; No                        ; Yes                       ;
; HEX1[2] ; 2.5 V        ; 0 s                 ; 0 s                 ; 2.32 V                       ; 3.88e-05 V                   ; 2.39 V              ; -0.0374 V           ; 0.189 V                              ; 0.158 V                              ; 4.66e-10 s                  ; 4.67e-10 s                  ; No                         ; Yes                        ; 2.32 V                      ; 3.88e-05 V                  ; 2.39 V             ; -0.0374 V          ; 0.189 V                             ; 0.158 V                             ; 4.66e-10 s                 ; 4.67e-10 s                 ; No                        ; Yes                       ;
; HEX1[3] ; 2.5 V        ; 0 s                 ; 0 s                 ; 2.32 V                       ; 3.88e-05 V                   ; 2.39 V              ; -0.037 V            ; 0.188 V                              ; 0.158 V                              ; 4.67e-10 s                  ; 4.67e-10 s                  ; No                         ; Yes                        ; 2.32 V                      ; 3.88e-05 V                  ; 2.39 V             ; -0.037 V           ; 0.188 V                             ; 0.158 V                             ; 4.67e-10 s                 ; 4.67e-10 s                 ; No                        ; Yes                       ;
; HEX1[4] ; 2.5 V        ; 0 s                 ; 0 s                 ; 2.32 V                       ; 3.88e-05 V                   ; 2.39 V              ; -0.0374 V           ; 0.189 V                              ; 0.158 V                              ; 4.66e-10 s                  ; 4.67e-10 s                  ; No                         ; Yes                        ; 2.32 V                      ; 3.88e-05 V                  ; 2.39 V             ; -0.0374 V          ; 0.189 V                             ; 0.158 V                             ; 4.66e-10 s                 ; 4.67e-10 s                 ; No                        ; Yes                       ;
; HEX1[5] ; 2.5 V        ; 0 s                 ; 0 s                 ; 2.32 V                       ; 3.88e-05 V                   ; 2.39 V              ; -0.037 V            ; 0.188 V                              ; 0.158 V                              ; 4.67e-10 s                  ; 4.67e-10 s                  ; No                         ; Yes                        ; 2.32 V                      ; 3.88e-05 V                  ; 2.39 V             ; -0.037 V           ; 0.188 V                             ; 0.158 V                             ; 4.67e-10 s                 ; 4.67e-10 s                 ; No                        ; Yes                       ;
; HEX1[6] ; 2.5 V        ; 0 s                 ; 0 s                 ; 2.32 V                       ; 3.88e-05 V                   ; 2.39 V              ; -0.037 V            ; 0.188 V                              ; 0.158 V                              ; 4.67e-10 s                  ; 4.67e-10 s                  ; No                         ; Yes                        ; 2.32 V                      ; 3.88e-05 V                  ; 2.39 V             ; -0.037 V           ; 0.188 V                             ; 0.158 V                             ; 4.67e-10 s                 ; 4.67e-10 s                 ; No                        ; Yes                       ;
; HEX0[0] ; 2.5 V        ; 0 s                 ; 0 s                 ; 2.32 V                       ; 3.88e-05 V                   ; 2.39 V              ; -0.0374 V           ; 0.189 V                              ; 0.158 V                              ; 4.66e-10 s                  ; 4.67e-10 s                  ; No                         ; Yes                        ; 2.32 V                      ; 3.88e-05 V                  ; 2.39 V             ; -0.0374 V          ; 0.189 V                             ; 0.158 V                             ; 4.66e-10 s                 ; 4.67e-10 s                 ; No                        ; Yes                       ;
; HEX0[1] ; 2.5 V        ; 0 s                 ; 0 s                 ; 2.32 V                       ; 3.88e-05 V                   ; 2.39 V              ; -0.0374 V           ; 0.189 V                              ; 0.158 V                              ; 4.66e-10 s                  ; 4.67e-10 s                  ; No                         ; Yes                        ; 2.32 V                      ; 3.88e-05 V                  ; 2.39 V             ; -0.0374 V          ; 0.189 V                             ; 0.158 V                             ; 4.66e-10 s                 ; 4.67e-10 s                 ; No                        ; Yes                       ;
; HEX0[2] ; 2.5 V        ; 0 s                 ; 0 s                 ; 2.32 V                       ; 3.88e-05 V                   ; 2.39 V              ; -0.037 V            ; 0.188 V                              ; 0.158 V                              ; 4.67e-10 s                  ; 4.67e-10 s                  ; No                         ; Yes                        ; 2.32 V                      ; 3.88e-05 V                  ; 2.39 V             ; -0.037 V           ; 0.188 V                             ; 0.158 V                             ; 4.67e-10 s                 ; 4.67e-10 s                 ; No                        ; Yes                       ;
; HEX0[3] ; 2.5 V        ; 0 s                 ; 0 s                 ; 2.32 V                       ; 3.88e-05 V                   ; 2.39 V              ; -0.0374 V           ; 0.189 V                              ; 0.158 V                              ; 4.66e-10 s                  ; 4.67e-10 s                  ; No                         ; Yes                        ; 2.32 V                      ; 3.88e-05 V                  ; 2.39 V             ; -0.0374 V          ; 0.189 V                             ; 0.158 V                             ; 4.66e-10 s                 ; 4.67e-10 s                 ; No                        ; Yes                       ;
; HEX0[4] ; 2.5 V        ; 0 s                 ; 0 s                 ; 2.32 V                       ; 3.88e-05 V                   ; 2.39 V              ; -0.037 V            ; 0.188 V                              ; 0.158 V                              ; 4.67e-10 s                  ; 4.67e-10 s                  ; No                         ; Yes                        ; 2.32 V                      ; 3.88e-05 V                  ; 2.39 V             ; -0.037 V           ; 0.188 V                             ; 0.158 V                             ; 4.67e-10 s                 ; 4.67e-10 s                 ; No                        ; Yes                       ;
; HEX0[5] ; 2.5 V        ; 0 s                 ; 0 s                 ; 2.32 V                       ; 3.88e-05 V                   ; 2.39 V              ; -0.0374 V           ; 0.189 V                              ; 0.158 V                              ; 4.66e-10 s                  ; 4.67e-10 s                  ; No                         ; Yes                        ; 2.32 V                      ; 3.88e-05 V                  ; 2.39 V             ; -0.0374 V          ; 0.189 V                             ; 0.158 V                             ; 4.66e-10 s                 ; 4.67e-10 s                 ; No                        ; Yes                       ;
; HEX0[6] ; 2.5 V        ; 0 s                 ; 0 s                 ; 2.32 V                       ; 3.88e-05 V                   ; 2.39 V              ; -0.037 V            ; 0.188 V                              ; 0.158 V                              ; 4.67e-10 s                  ; 4.67e-10 s                  ; No                         ; Yes                        ; 2.32 V                      ; 3.88e-05 V                  ; 2.39 V             ; -0.037 V           ; 0.188 V                             ; 0.158 V                             ; 4.67e-10 s                 ; 4.67e-10 s                 ; No                        ; Yes                       ;
; LEDR[0] ; 2.5 V        ; 0 s                 ; 0 s                 ; 2.32 V                       ; 3.96e-05 V                   ; 2.38 V              ; -0.0306 V           ; 0.23 V                               ; 0.206 V                              ; 4.83e-10 s                  ; 5.01e-10 s                  ; No                         ; Yes                        ; 2.32 V                      ; 3.96e-05 V                  ; 2.38 V             ; -0.0306 V          ; 0.23 V                              ; 0.206 V                             ; 4.83e-10 s                 ; 5.01e-10 s                 ; No                        ; Yes                       ;
; LEDR[1] ; 2.5 V        ; 0 s                 ; 0 s                 ; 2.32 V                       ; 3.49e-05 V                   ; 2.34 V              ; -0.0118 V           ; 0.182 V                              ; 0.051 V                              ; 4.81e-10 s                  ; 4.83e-10 s                  ; Yes                        ; Yes                        ; 2.32 V                      ; 3.49e-05 V                  ; 2.34 V             ; -0.0118 V          ; 0.182 V                             ; 0.051 V                             ; 4.81e-10 s                 ; 4.83e-10 s                 ; Yes                       ; Yes                       ;
; LEDR[2] ; 2.5 V        ; 0 s                 ; 0 s                 ; 2.32 V                       ; 3.96e-05 V                   ; 2.38 V              ; -0.0306 V           ; 0.23 V                               ; 0.206 V                              ; 4.83e-10 s                  ; 5.01e-10 s                  ; No                         ; Yes                        ; 2.32 V                      ; 3.96e-05 V                  ; 2.38 V             ; -0.0306 V          ; 0.23 V                              ; 0.206 V                             ; 4.83e-10 s                 ; 5.01e-10 s                 ; No                        ; Yes                       ;
; LEDR[3] ; 2.5 V        ; 0 s                 ; 0 s                 ; 2.32 V                       ; 3.96e-05 V                   ; 2.38 V              ; -0.0306 V           ; 0.23 V                               ; 0.206 V                              ; 4.83e-10 s                  ; 5.01e-10 s                  ; No                         ; Yes                        ; 2.32 V                      ; 3.96e-05 V                  ; 2.38 V             ; -0.0306 V          ; 0.23 V                              ; 0.206 V                             ; 4.83e-10 s                 ; 5.01e-10 s                 ; No                        ; Yes                       ;
; LEDR[4] ; 2.5 V        ; 0 s                 ; 0 s                 ; 2.32 V                       ; 3.49e-05 V                   ; 2.34 V              ; -0.0118 V           ; 0.182 V                              ; 0.051 V                              ; 4.81e-10 s                  ; 4.83e-10 s                  ; Yes                        ; Yes                        ; 2.32 V                      ; 3.49e-05 V                  ; 2.34 V             ; -0.0118 V          ; 0.182 V                             ; 0.051 V                             ; 4.81e-10 s                 ; 4.83e-10 s                 ; Yes                       ; Yes                       ;
; LEDR[5] ; 2.5 V        ; 0 s                 ; 0 s                 ; 2.32 V                       ; 3.49e-05 V                   ; 2.34 V              ; -0.0118 V           ; 0.182 V                              ; 0.051 V                              ; 4.81e-10 s                  ; 4.83e-10 s                  ; Yes                        ; Yes                        ; 2.32 V                      ; 3.49e-05 V                  ; 2.34 V             ; -0.0118 V          ; 0.182 V                             ; 0.051 V                             ; 4.81e-10 s                 ; 4.83e-10 s                 ; Yes                       ; Yes                       ;
; LEDR[6] ; 2.5 V        ; 0 s                 ; 0 s                 ; 2.32 V                       ; 3.96e-05 V                   ; 2.38 V              ; -0.0306 V           ; 0.23 V                               ; 0.206 V                              ; 4.83e-10 s                  ; 5.01e-10 s                  ; No                         ; Yes                        ; 2.32 V                      ; 3.96e-05 V                  ; 2.38 V             ; -0.0306 V          ; 0.23 V                              ; 0.206 V                             ; 4.83e-10 s                 ; 5.01e-10 s                 ; No                        ; Yes                       ;
; LEDR[7] ; 2.5 V        ; 0 s                 ; 0 s                 ; 2.32 V                       ; 3.96e-05 V                   ; 2.38 V              ; -0.0306 V           ; 0.23 V                               ; 0.206 V                              ; 4.83e-10 s                  ; 5.01e-10 s                  ; No                         ; Yes                        ; 2.32 V                      ; 3.96e-05 V                  ; 2.38 V             ; -0.0306 V          ; 0.23 V                              ; 0.206 V                             ; 4.83e-10 s                 ; 5.01e-10 s                 ; No                        ; Yes                       ;
; LEDR[8] ; 2.5 V        ; 0 s                 ; 0 s                 ; 2.32 V                       ; 3.96e-05 V                   ; 2.38 V              ; -0.0306 V           ; 0.23 V                               ; 0.206 V                              ; 4.83e-10 s                  ; 5.01e-10 s                  ; No                         ; Yes                        ; 2.32 V                      ; 3.96e-05 V                  ; 2.38 V             ; -0.0306 V          ; 0.23 V                              ; 0.206 V                             ; 4.83e-10 s                 ; 5.01e-10 s                 ; No                        ; Yes                       ;
; LEDR[9] ; 2.5 V        ; 0 s                 ; 0 s                 ; 2.32 V                       ; 3.49e-05 V                   ; 2.34 V              ; -0.0118 V           ; 0.182 V                              ; 0.051 V                              ; 4.81e-10 s                  ; 4.83e-10 s                  ; Yes                        ; Yes                        ; 2.32 V                      ; 3.49e-05 V                  ; 2.34 V             ; -0.0118 V          ; 0.182 V                             ; 0.051 V                             ; 4.81e-10 s                 ; 4.83e-10 s                 ; Yes                       ; Yes                       ;
+---------+--------------+---------------------+---------------------+------------------------------+------------------------------+---------------------+---------------------+--------------------------------------+--------------------------------------+-----------------------------+-----------------------------+----------------------------+----------------------------+-----------------------------+-----------------------------+--------------------+--------------------+-------------------------------------+-------------------------------------+----------------------------+----------------------------+---------------------------+---------------------------+


+--------------------------------------------------------------------------------------------------------------------------------------------------------------------------------------------------------------------------------------------------------------------------------------------------------------------------------------------------------------------------------------------------------------------------------------------------------------------------------------------------------------------------------------------------------------------------------------------------------------------------------------------------------------------------------------+
; Signal Integrity Metrics (Fast 1100mv 0c Model)                                                                                                                                                                                                                                                                                                                                                                                                                                                                                                                                                                                                                                      ;
+---------+--------------+---------------------+---------------------+------------------------------+------------------------------+---------------------+---------------------+--------------------------------------+--------------------------------------+-----------------------------+-----------------------------+----------------------------+----------------------------+-----------------------------+-----------------------------+--------------------+--------------------+-------------------------------------+-------------------------------------+----------------------------+----------------------------+---------------------------+---------------------------+
; Pin     ; I/O Standard ; Board Delay on Rise ; Board Delay on Fall ; Steady State Voh at FPGA Pin ; Steady State Vol at FPGA Pin ; Voh Max at FPGA Pin ; Vol Min at FPGA Pin ; Ringback Voltage on Rise at FPGA Pin ; Ringback Voltage on Fall at FPGA Pin ; 10-90 Rise Time at FPGA Pin ; 90-10 Fall Time at FPGA Pin ; Monotonic Rise at FPGA Pin ; Monotonic Fall at FPGA Pin ; Steady State Voh at Far-end ; Steady State Vol at Far-end ; Voh Max at Far-end ; Vol Min at Far-end ; Ringback Voltage on Rise at Far-end ; Ringback Voltage on Fall at Far-end ; 10-90 Rise Time at Far-end ; 90-10 Fall Time at Far-end ; Monotonic Rise at Far-end ; Monotonic Fall at Far-end ;
+---------+--------------+---------------------+---------------------+------------------------------+------------------------------+---------------------+---------------------+--------------------------------------+--------------------------------------+-----------------------------+-----------------------------+----------------------------+----------------------------+-----------------------------+-----------------------------+--------------------+--------------------+-------------------------------------+-------------------------------------+----------------------------+----------------------------+---------------------------+---------------------------+
; HEX5[0] ; 2.5 V        ; 0 s                 ; 0 s                 ; 2.75 V                       ; 3.54e-06 V                   ; 2.81 V              ; -0.0578 V           ; 0.303 V                              ; 0.28 V                               ; 2.93e-10 s                  ; 3.01e-10 s                  ; No                         ; No                         ; 2.75 V                      ; 3.54e-06 V                  ; 2.81 V             ; -0.0578 V          ; 0.303 V                             ; 0.28 V                              ; 2.93e-10 s                 ; 3.01e-10 s                 ; No                        ; No                        ;
; HEX5[1] ; 2.5 V        ; 0 s                 ; 0 s                 ; 2.75 V                       ; 4.14e-06 V                   ; 2.91 V              ; -0.121 V            ; 0.326 V                              ; 0.297 V                              ; 2.74e-10 s                  ; 2.8e-10 s                   ; No                         ; No                         ; 2.75 V                      ; 4.14e-06 V                  ; 2.91 V             ; -0.121 V           ; 0.326 V                             ; 0.297 V                             ; 2.74e-10 s                 ; 2.8e-10 s                  ; No                        ; No                        ;
; HEX5[2] ; 2.5 V        ; 0 s                 ; 0 s                 ; 2.75 V                       ; 3.54e-06 V                   ; 2.81 V              ; -0.0578 V           ; 0.303 V                              ; 0.28 V                               ; 2.93e-10 s                  ; 3.01e-10 s                  ; No                         ; No                         ; 2.75 V                      ; 3.54e-06 V                  ; 2.81 V             ; -0.0578 V          ; 0.303 V                             ; 0.28 V                              ; 2.93e-10 s                 ; 3.01e-10 s                 ; No                        ; No                        ;
; HEX5[3] ; 2.5 V        ; 0 s                 ; 0 s                 ; 2.75 V                       ; 3.54e-06 V                   ; 2.81 V              ; -0.0578 V           ; 0.303 V                              ; 0.28 V                               ; 2.93e-10 s                  ; 3.01e-10 s                  ; No                         ; No                         ; 2.75 V                      ; 3.54e-06 V                  ; 2.81 V             ; -0.0578 V          ; 0.303 V                             ; 0.28 V                              ; 2.93e-10 s                 ; 3.01e-10 s                 ; No                        ; No                        ;
; HEX5[4] ; 2.5 V        ; 0 s                 ; 0 s                 ; 2.75 V                       ; 4.14e-06 V                   ; 2.91 V              ; -0.121 V            ; 0.326 V                              ; 0.297 V                              ; 2.74e-10 s                  ; 2.8e-10 s                   ; No                         ; No                         ; 2.75 V                      ; 4.14e-06 V                  ; 2.91 V             ; -0.121 V           ; 0.326 V                             ; 0.297 V                             ; 2.74e-10 s                 ; 2.8e-10 s                  ; No                        ; No                        ;
; HEX5[5] ; 2.5 V        ; 0 s                 ; 0 s                 ; 2.75 V                       ; 4.25e-06 V                   ; 2.9 V               ; -0.107 V            ; 0.378 V                              ; 0.16 V                               ; 2.87e-10 s                  ; 4.28e-10 s                  ; No                         ; No                         ; 2.75 V                      ; 4.25e-06 V                  ; 2.9 V              ; -0.107 V           ; 0.378 V                             ; 0.16 V                              ; 2.87e-10 s                 ; 4.28e-10 s                 ; No                        ; No                        ;
; HEX5[6] ; 2.5 V        ; 0 s                 ; 0 s                 ; 2.75 V                       ; 4.14e-06 V                   ; 2.91 V              ; -0.119 V            ; 0.326 V                              ; 0.298 V                              ; 2.74e-10 s                  ; 2.8e-10 s                   ; No                         ; No                         ; 2.75 V                      ; 4.14e-06 V                  ; 2.91 V             ; -0.119 V           ; 0.326 V                             ; 0.298 V                             ; 2.74e-10 s                 ; 2.8e-10 s                  ; No                        ; No                        ;
; HEX4[0] ; 2.5 V        ; 0 s                 ; 0 s                 ; 2.75 V                       ; 4.25e-06 V                   ; 2.9 V               ; -0.107 V            ; 0.378 V                              ; 0.16 V                               ; 2.87e-10 s                  ; 4.28e-10 s                  ; No                         ; No                         ; 2.75 V                      ; 4.25e-06 V                  ; 2.9 V              ; -0.107 V           ; 0.378 V                             ; 0.16 V                              ; 2.87e-10 s                 ; 4.28e-10 s                 ; No                        ; No                        ;
; HEX4[1] ; 2.5 V        ; 0 s                 ; 0 s                 ; 2.75 V                       ; 4.25e-06 V                   ; 2.9 V               ; -0.107 V            ; 0.378 V                              ; 0.16 V                               ; 2.87e-10 s                  ; 4.28e-10 s                  ; No                         ; No                         ; 2.75 V                      ; 4.25e-06 V                  ; 2.9 V              ; -0.107 V           ; 0.378 V                             ; 0.16 V                              ; 2.87e-10 s                 ; 4.28e-10 s                 ; No                        ; No                        ;
; HEX4[2] ; 2.5 V        ; 0 s                 ; 0 s                 ; 2.75 V                       ; 3.54e-06 V                   ; 2.81 V              ; -0.0578 V           ; 0.303 V                              ; 0.28 V                               ; 2.93e-10 s                  ; 3.01e-10 s                  ; No                         ; No                         ; 2.75 V                      ; 3.54e-06 V                  ; 2.81 V             ; -0.0578 V          ; 0.303 V                             ; 0.28 V                              ; 2.93e-10 s                 ; 3.01e-10 s                 ; No                        ; No                        ;
; HEX4[3] ; 2.5 V        ; 0 s                 ; 0 s                 ; 2.75 V                       ; 3.54e-06 V                   ; 2.81 V              ; -0.0578 V           ; 0.303 V                              ; 0.28 V                               ; 2.93e-10 s                  ; 3.01e-10 s                  ; No                         ; No                         ; 2.75 V                      ; 3.54e-06 V                  ; 2.81 V             ; -0.0578 V          ; 0.303 V                             ; 0.28 V                              ; 2.93e-10 s                 ; 3.01e-10 s                 ; No                        ; No                        ;
; HEX4[4] ; 2.5 V        ; 0 s                 ; 0 s                 ; 2.75 V                       ; 3.54e-06 V                   ; 2.81 V              ; -0.0578 V           ; 0.303 V                              ; 0.28 V                               ; 2.93e-10 s                  ; 3.01e-10 s                  ; No                         ; No                         ; 2.75 V                      ; 3.54e-06 V                  ; 2.81 V             ; -0.0578 V          ; 0.303 V                             ; 0.28 V                              ; 2.93e-10 s                 ; 3.01e-10 s                 ; No                        ; No                        ;
; HEX4[5] ; 2.5 V        ; 0 s                 ; 0 s                 ; 2.75 V                       ; 4.25e-06 V                   ; 2.9 V               ; -0.107 V            ; 0.378 V                              ; 0.16 V                               ; 2.87e-10 s                  ; 4.28e-10 s                  ; No                         ; No                         ; 2.75 V                      ; 4.25e-06 V                  ; 2.9 V              ; -0.107 V           ; 0.378 V                             ; 0.16 V                              ; 2.87e-10 s                 ; 4.28e-10 s                 ; No                        ; No                        ;
; HEX4[6] ; 2.5 V        ; 0 s                 ; 0 s                 ; 2.75 V                       ; 4.25e-06 V                   ; 2.9 V               ; -0.107 V            ; 0.378 V                              ; 0.16 V                               ; 2.87e-10 s                  ; 4.28e-10 s                  ; No                         ; No                         ; 2.75 V                      ; 4.25e-06 V                  ; 2.9 V              ; -0.107 V           ; 0.378 V                             ; 0.16 V                              ; 2.87e-10 s                 ; 4.28e-10 s                 ; No                        ; No                        ;
; HEX3[0] ; 2.5 V        ; 0 s                 ; 0 s                 ; 2.75 V                       ; 4.25e-06 V                   ; 2.9 V               ; -0.107 V            ; 0.378 V                              ; 0.16 V                               ; 2.87e-10 s                  ; 4.28e-10 s                  ; No                         ; No                         ; 2.75 V                      ; 4.25e-06 V                  ; 2.9 V              ; -0.107 V           ; 0.378 V                             ; 0.16 V                              ; 2.87e-10 s                 ; 4.28e-10 s                 ; No                        ; No                        ;
; HEX3[1] ; 2.5 V        ; 0 s                 ; 0 s                 ; 2.75 V                       ; 3.54e-06 V                   ; 2.81 V              ; -0.0578 V           ; 0.303 V                              ; 0.28 V                               ; 2.93e-10 s                  ; 3.01e-10 s                  ; No                         ; No                         ; 2.75 V                      ; 3.54e-06 V                  ; 2.81 V             ; -0.0578 V          ; 0.303 V                             ; 0.28 V                              ; 2.93e-10 s                 ; 3.01e-10 s                 ; No                        ; No                        ;
; HEX3[2] ; 2.5 V        ; 0 s                 ; 0 s                 ; 2.75 V                       ; 4.25e-06 V                   ; 2.9 V               ; -0.107 V            ; 0.378 V                              ; 0.16 V                               ; 2.87e-10 s                  ; 4.28e-10 s                  ; No                         ; No                         ; 2.75 V                      ; 4.25e-06 V                  ; 2.9 V              ; -0.107 V           ; 0.378 V                             ; 0.16 V                              ; 2.87e-10 s                 ; 4.28e-10 s                 ; No                        ; No                        ;
; HEX3[3] ; 2.5 V        ; 0 s                 ; 0 s                 ; 2.75 V                       ; 3.54e-06 V                   ; 2.81 V              ; -0.0578 V           ; 0.303 V                              ; 0.28 V                               ; 2.93e-10 s                  ; 3.01e-10 s                  ; No                         ; No                         ; 2.75 V                      ; 3.54e-06 V                  ; 2.81 V             ; -0.0578 V          ; 0.303 V                             ; 0.28 V                              ; 2.93e-10 s                 ; 3.01e-10 s                 ; No                        ; No                        ;
; HEX3[4] ; 2.5 V        ; 0 s                 ; 0 s                 ; 2.75 V                       ; 4.14e-06 V                   ; 2.91 V              ; -0.119 V            ; 0.326 V                              ; 0.298 V                              ; 2.74e-10 s                  ; 2.8e-10 s                   ; No                         ; No                         ; 2.75 V                      ; 4.14e-06 V                  ; 2.91 V             ; -0.119 V           ; 0.326 V                             ; 0.298 V                             ; 2.74e-10 s                 ; 2.8e-10 s                  ; No                        ; No                        ;
; HEX3[5] ; 2.5 V        ; 0 s                 ; 0 s                 ; 2.75 V                       ; 3.54e-06 V                   ; 2.81 V              ; -0.0578 V           ; 0.303 V                              ; 0.28 V                               ; 2.93e-10 s                  ; 3.01e-10 s                  ; No                         ; No                         ; 2.75 V                      ; 3.54e-06 V                  ; 2.81 V             ; -0.0578 V          ; 0.303 V                             ; 0.28 V                              ; 2.93e-10 s                 ; 3.01e-10 s                 ; No                        ; No                        ;
; HEX3[6] ; 2.5 V        ; 0 s                 ; 0 s                 ; 2.75 V                       ; 4.25e-06 V                   ; 2.9 V               ; -0.107 V            ; 0.378 V                              ; 0.16 V                               ; 2.87e-10 s                  ; 4.28e-10 s                  ; No                         ; No                         ; 2.75 V                      ; 4.25e-06 V                  ; 2.9 V              ; -0.107 V           ; 0.378 V                             ; 0.16 V                              ; 2.87e-10 s                 ; 4.28e-10 s                 ; No                        ; No                        ;
; HEX2[0] ; 2.5 V        ; 0 s                 ; 0 s                 ; 2.75 V                       ; 3.54e-06 V                   ; 2.81 V              ; -0.0578 V           ; 0.303 V                              ; 0.28 V                               ; 2.93e-10 s                  ; 3.01e-10 s                  ; No                         ; No                         ; 2.75 V                      ; 3.54e-06 V                  ; 2.81 V             ; -0.0578 V          ; 0.303 V                             ; 0.28 V                              ; 2.93e-10 s                 ; 3.01e-10 s                 ; No                        ; No                        ;
; HEX2[1] ; 2.5 V        ; 0 s                 ; 0 s                 ; 2.75 V                       ; 4.14e-06 V                   ; 2.91 V              ; -0.119 V            ; 0.326 V                              ; 0.298 V                              ; 2.74e-10 s                  ; 2.8e-10 s                   ; No                         ; No                         ; 2.75 V                      ; 4.14e-06 V                  ; 2.91 V             ; -0.119 V           ; 0.326 V                             ; 0.298 V                             ; 2.74e-10 s                 ; 2.8e-10 s                  ; No                        ; No                        ;
; HEX2[2] ; 2.5 V        ; 0 s                 ; 0 s                 ; 2.75 V                       ; 4.14e-06 V                   ; 2.91 V              ; -0.121 V            ; 0.326 V                              ; 0.297 V                              ; 2.74e-10 s                  ; 2.8e-10 s                   ; No                         ; No                         ; 2.75 V                      ; 4.14e-06 V                  ; 2.91 V             ; -0.121 V           ; 0.326 V                             ; 0.297 V                             ; 2.74e-10 s                 ; 2.8e-10 s                  ; No                        ; No                        ;
; HEX2[3] ; 2.5 V        ; 0 s                 ; 0 s                 ; 2.75 V                       ; 4.14e-06 V                   ; 2.91 V              ; -0.119 V            ; 0.326 V                              ; 0.298 V                              ; 2.74e-10 s                  ; 2.8e-10 s                   ; No                         ; No                         ; 2.75 V                      ; 4.14e-06 V                  ; 2.91 V             ; -0.119 V           ; 0.326 V                             ; 0.298 V                             ; 2.74e-10 s                 ; 2.8e-10 s                  ; No                        ; No                        ;
; HEX2[4] ; 2.5 V        ; 0 s                 ; 0 s                 ; 2.75 V                       ; 4.14e-06 V                   ; 2.91 V              ; -0.119 V            ; 0.326 V                              ; 0.298 V                              ; 2.74e-10 s                  ; 2.8e-10 s                   ; No                         ; No                         ; 2.75 V                      ; 4.14e-06 V                  ; 2.91 V             ; -0.119 V           ; 0.326 V                             ; 0.298 V                             ; 2.74e-10 s                 ; 2.8e-10 s                  ; No                        ; No                        ;
; HEX2[5] ; 2.5 V        ; 0 s                 ; 0 s                 ; 2.75 V                       ; 4.14e-06 V                   ; 2.91 V              ; -0.121 V            ; 0.326 V                              ; 0.297 V                              ; 2.74e-10 s                  ; 2.8e-10 s                   ; No                         ; No                         ; 2.75 V                      ; 4.14e-06 V                  ; 2.91 V             ; -0.121 V           ; 0.326 V                             ; 0.297 V                             ; 2.74e-10 s                 ; 2.8e-10 s                  ; No                        ; No                        ;
; HEX2[6] ; 2.5 V        ; 0 s                 ; 0 s                 ; 2.75 V                       ; 4.14e-06 V                   ; 2.91 V              ; -0.121 V            ; 0.326 V                              ; 0.297 V                              ; 2.74e-10 s                  ; 2.8e-10 s                   ; No                         ; No                         ; 2.75 V                      ; 4.14e-06 V                  ; 2.91 V             ; -0.121 V           ; 0.326 V                             ; 0.297 V                             ; 2.74e-10 s                 ; 2.8e-10 s                  ; No                        ; No                        ;
; HEX1[0] ; 2.5 V        ; 0 s                 ; 0 s                 ; 2.75 V                       ; 4.14e-06 V                   ; 2.91 V              ; -0.119 V            ; 0.326 V                              ; 0.298 V                              ; 2.74e-10 s                  ; 2.8e-10 s                   ; No                         ; No                         ; 2.75 V                      ; 4.14e-06 V                  ; 2.91 V             ; -0.119 V           ; 0.326 V                             ; 0.298 V                             ; 2.74e-10 s                 ; 2.8e-10 s                  ; No                        ; No                        ;
; HEX1[1] ; 2.5 V        ; 0 s                 ; 0 s                 ; 2.75 V                       ; 4.14e-06 V                   ; 2.91 V              ; -0.121 V            ; 0.326 V                              ; 0.297 V                              ; 2.74e-10 s                  ; 2.8e-10 s                   ; No                         ; No                         ; 2.75 V                      ; 4.14e-06 V                  ; 2.91 V             ; -0.121 V           ; 0.326 V                             ; 0.297 V                             ; 2.74e-10 s                 ; 2.8e-10 s                  ; No                        ; No                        ;
; HEX1[2] ; 2.5 V        ; 0 s                 ; 0 s                 ; 2.75 V                       ; 4.14e-06 V                   ; 2.91 V              ; -0.119 V            ; 0.326 V                              ; 0.298 V                              ; 2.74e-10 s                  ; 2.8e-10 s                   ; No                         ; No                         ; 2.75 V                      ; 4.14e-06 V                  ; 2.91 V             ; -0.119 V           ; 0.326 V                             ; 0.298 V                             ; 2.74e-10 s                 ; 2.8e-10 s                  ; No                        ; No                        ;
; HEX1[3] ; 2.5 V        ; 0 s                 ; 0 s                 ; 2.75 V                       ; 4.14e-06 V                   ; 2.91 V              ; -0.121 V            ; 0.326 V                              ; 0.297 V                              ; 2.74e-10 s                  ; 2.8e-10 s                   ; No                         ; No                         ; 2.75 V                      ; 4.14e-06 V                  ; 2.91 V             ; -0.121 V           ; 0.326 V                             ; 0.297 V                             ; 2.74e-10 s                 ; 2.8e-10 s                  ; No                        ; No                        ;
; HEX1[4] ; 2.5 V        ; 0 s                 ; 0 s                 ; 2.75 V                       ; 4.14e-06 V                   ; 2.91 V              ; -0.119 V            ; 0.326 V                              ; 0.298 V                              ; 2.74e-10 s                  ; 2.8e-10 s                   ; No                         ; No                         ; 2.75 V                      ; 4.14e-06 V                  ; 2.91 V             ; -0.119 V           ; 0.326 V                             ; 0.298 V                             ; 2.74e-10 s                 ; 2.8e-10 s                  ; No                        ; No                        ;
; HEX1[5] ; 2.5 V        ; 0 s                 ; 0 s                 ; 2.75 V                       ; 4.14e-06 V                   ; 2.91 V              ; -0.121 V            ; 0.326 V                              ; 0.297 V                              ; 2.74e-10 s                  ; 2.8e-10 s                   ; No                         ; No                         ; 2.75 V                      ; 4.14e-06 V                  ; 2.91 V             ; -0.121 V           ; 0.326 V                             ; 0.297 V                             ; 2.74e-10 s                 ; 2.8e-10 s                  ; No                        ; No                        ;
; HEX1[6] ; 2.5 V        ; 0 s                 ; 0 s                 ; 2.75 V                       ; 4.14e-06 V                   ; 2.91 V              ; -0.121 V            ; 0.326 V                              ; 0.297 V                              ; 2.74e-10 s                  ; 2.8e-10 s                   ; No                         ; No                         ; 2.75 V                      ; 4.14e-06 V                  ; 2.91 V             ; -0.121 V           ; 0.326 V                             ; 0.297 V                             ; 2.74e-10 s                 ; 2.8e-10 s                  ; No                        ; No                        ;
; HEX0[0] ; 2.5 V        ; 0 s                 ; 0 s                 ; 2.75 V                       ; 4.14e-06 V                   ; 2.91 V              ; -0.119 V            ; 0.326 V                              ; 0.298 V                              ; 2.74e-10 s                  ; 2.8e-10 s                   ; No                         ; No                         ; 2.75 V                      ; 4.14e-06 V                  ; 2.91 V             ; -0.119 V           ; 0.326 V                             ; 0.298 V                             ; 2.74e-10 s                 ; 2.8e-10 s                  ; No                        ; No                        ;
; HEX0[1] ; 2.5 V        ; 0 s                 ; 0 s                 ; 2.75 V                       ; 4.14e-06 V                   ; 2.91 V              ; -0.119 V            ; 0.326 V                              ; 0.298 V                              ; 2.74e-10 s                  ; 2.8e-10 s                   ; No                         ; No                         ; 2.75 V                      ; 4.14e-06 V                  ; 2.91 V             ; -0.119 V           ; 0.326 V                             ; 0.298 V                             ; 2.74e-10 s                 ; 2.8e-10 s                  ; No                        ; No                        ;
; HEX0[2] ; 2.5 V        ; 0 s                 ; 0 s                 ; 2.75 V                       ; 4.14e-06 V                   ; 2.91 V              ; -0.121 V            ; 0.326 V                              ; 0.297 V                              ; 2.74e-10 s                  ; 2.8e-10 s                   ; No                         ; No                         ; 2.75 V                      ; 4.14e-06 V                  ; 2.91 V             ; -0.121 V           ; 0.326 V                             ; 0.297 V                             ; 2.74e-10 s                 ; 2.8e-10 s                  ; No                        ; No                        ;
; HEX0[3] ; 2.5 V        ; 0 s                 ; 0 s                 ; 2.75 V                       ; 4.14e-06 V                   ; 2.91 V              ; -0.119 V            ; 0.326 V                              ; 0.298 V                              ; 2.74e-10 s                  ; 2.8e-10 s                   ; No                         ; No                         ; 2.75 V                      ; 4.14e-06 V                  ; 2.91 V             ; -0.119 V           ; 0.326 V                             ; 0.298 V                             ; 2.74e-10 s                 ; 2.8e-10 s                  ; No                        ; No                        ;
; HEX0[4] ; 2.5 V        ; 0 s                 ; 0 s                 ; 2.75 V                       ; 4.14e-06 V                   ; 2.91 V              ; -0.121 V            ; 0.326 V                              ; 0.297 V                              ; 2.74e-10 s                  ; 2.8e-10 s                   ; No                         ; No                         ; 2.75 V                      ; 4.14e-06 V                  ; 2.91 V             ; -0.121 V           ; 0.326 V                             ; 0.297 V                             ; 2.74e-10 s                 ; 2.8e-10 s                  ; No                        ; No                        ;
; HEX0[5] ; 2.5 V        ; 0 s                 ; 0 s                 ; 2.75 V                       ; 4.14e-06 V                   ; 2.91 V              ; -0.119 V            ; 0.326 V                              ; 0.298 V                              ; 2.74e-10 s                  ; 2.8e-10 s                   ; No                         ; No                         ; 2.75 V                      ; 4.14e-06 V                  ; 2.91 V             ; -0.119 V           ; 0.326 V                             ; 0.298 V                             ; 2.74e-10 s                 ; 2.8e-10 s                  ; No                        ; No                        ;
; HEX0[6] ; 2.5 V        ; 0 s                 ; 0 s                 ; 2.75 V                       ; 4.14e-06 V                   ; 2.91 V              ; -0.121 V            ; 0.326 V                              ; 0.297 V                              ; 2.74e-10 s                  ; 2.8e-10 s                   ; No                         ; No                         ; 2.75 V                      ; 4.14e-06 V                  ; 2.91 V             ; -0.121 V           ; 0.326 V                             ; 0.297 V                             ; 2.74e-10 s                 ; 2.8e-10 s                  ; No                        ; No                        ;
; LEDR[0] ; 2.5 V        ; 0 s                 ; 0 s                 ; 2.75 V                       ; 4.25e-06 V                   ; 2.9 V               ; -0.107 V            ; 0.378 V                              ; 0.16 V                               ; 2.87e-10 s                  ; 4.28e-10 s                  ; No                         ; No                         ; 2.75 V                      ; 4.25e-06 V                  ; 2.9 V              ; -0.107 V           ; 0.378 V                             ; 0.16 V                              ; 2.87e-10 s                 ; 4.28e-10 s                 ; No                        ; No                        ;
; LEDR[1] ; 2.5 V        ; 0 s                 ; 0 s                 ; 2.75 V                       ; 3.54e-06 V                   ; 2.81 V              ; -0.0578 V           ; 0.303 V                              ; 0.28 V                               ; 2.93e-10 s                  ; 3.01e-10 s                  ; No                         ; No                         ; 2.75 V                      ; 3.54e-06 V                  ; 2.81 V             ; -0.0578 V          ; 0.303 V                             ; 0.28 V                              ; 2.93e-10 s                 ; 3.01e-10 s                 ; No                        ; No                        ;
; LEDR[2] ; 2.5 V        ; 0 s                 ; 0 s                 ; 2.75 V                       ; 4.25e-06 V                   ; 2.9 V               ; -0.107 V            ; 0.378 V                              ; 0.16 V                               ; 2.87e-10 s                  ; 4.28e-10 s                  ; No                         ; No                         ; 2.75 V                      ; 4.25e-06 V                  ; 2.9 V              ; -0.107 V           ; 0.378 V                             ; 0.16 V                              ; 2.87e-10 s                 ; 4.28e-10 s                 ; No                        ; No                        ;
; LEDR[3] ; 2.5 V        ; 0 s                 ; 0 s                 ; 2.75 V                       ; 4.25e-06 V                   ; 2.9 V               ; -0.107 V            ; 0.378 V                              ; 0.16 V                               ; 2.87e-10 s                  ; 4.28e-10 s                  ; No                         ; No                         ; 2.75 V                      ; 4.25e-06 V                  ; 2.9 V              ; -0.107 V           ; 0.378 V                             ; 0.16 V                              ; 2.87e-10 s                 ; 4.28e-10 s                 ; No                        ; No                        ;
; LEDR[4] ; 2.5 V        ; 0 s                 ; 0 s                 ; 2.75 V                       ; 3.54e-06 V                   ; 2.81 V              ; -0.0578 V           ; 0.303 V                              ; 0.28 V                               ; 2.93e-10 s                  ; 3.01e-10 s                  ; No                         ; No                         ; 2.75 V                      ; 3.54e-06 V                  ; 2.81 V             ; -0.0578 V          ; 0.303 V                             ; 0.28 V                              ; 2.93e-10 s                 ; 3.01e-10 s                 ; No                        ; No                        ;
; LEDR[5] ; 2.5 V        ; 0 s                 ; 0 s                 ; 2.75 V                       ; 3.54e-06 V                   ; 2.81 V              ; -0.0578 V           ; 0.303 V                              ; 0.28 V                               ; 2.93e-10 s                  ; 3.01e-10 s                  ; No                         ; No                         ; 2.75 V                      ; 3.54e-06 V                  ; 2.81 V             ; -0.0578 V          ; 0.303 V                             ; 0.28 V                              ; 2.93e-10 s                 ; 3.01e-10 s                 ; No                        ; No                        ;
; LEDR[6] ; 2.5 V        ; 0 s                 ; 0 s                 ; 2.75 V                       ; 4.25e-06 V                   ; 2.9 V               ; -0.107 V            ; 0.378 V                              ; 0.16 V                               ; 2.87e-10 s                  ; 4.28e-10 s                  ; No                         ; No                         ; 2.75 V                      ; 4.25e-06 V                  ; 2.9 V              ; -0.107 V           ; 0.378 V                             ; 0.16 V                              ; 2.87e-10 s                 ; 4.28e-10 s                 ; No                        ; No                        ;
; LEDR[7] ; 2.5 V        ; 0 s                 ; 0 s                 ; 2.75 V                       ; 4.25e-06 V                   ; 2.9 V               ; -0.107 V            ; 0.378 V                              ; 0.16 V                               ; 2.87e-10 s                  ; 4.28e-10 s                  ; No                         ; No                         ; 2.75 V                      ; 4.25e-06 V                  ; 2.9 V              ; -0.107 V           ; 0.378 V                             ; 0.16 V                              ; 2.87e-10 s                 ; 4.28e-10 s                 ; No                        ; No                        ;
; LEDR[8] ; 2.5 V        ; 0 s                 ; 0 s                 ; 2.75 V                       ; 4.25e-06 V                   ; 2.9 V               ; -0.107 V            ; 0.378 V                              ; 0.16 V                               ; 2.87e-10 s                  ; 4.28e-10 s                  ; No                         ; No                         ; 2.75 V                      ; 4.25e-06 V                  ; 2.9 V              ; -0.107 V           ; 0.378 V                             ; 0.16 V                              ; 2.87e-10 s                 ; 4.28e-10 s                 ; No                        ; No                        ;
; LEDR[9] ; 2.5 V        ; 0 s                 ; 0 s                 ; 2.75 V                       ; 3.54e-06 V                   ; 2.81 V              ; -0.0578 V           ; 0.303 V                              ; 0.28 V                               ; 2.93e-10 s                  ; 3.01e-10 s                  ; No                         ; No                         ; 2.75 V                      ; 3.54e-06 V                  ; 2.81 V             ; -0.0578 V          ; 0.303 V                             ; 0.28 V                              ; 2.93e-10 s                 ; 3.01e-10 s                 ; No                        ; No                        ;
+---------+--------------+---------------------+---------------------+------------------------------+------------------------------+---------------------+---------------------+--------------------------------------+--------------------------------------+-----------------------------+-----------------------------+----------------------------+----------------------------+-----------------------------+-----------------------------+--------------------+--------------------+-------------------------------------+-------------------------------------+----------------------------+----------------------------+---------------------------+---------------------------+


+--------------------------------------------------------------------------------------------------------------------------------------------------------------------------------------------------------------------------------------------------------------------------------------------------------------------------------------------------------------------------------------------------------------------------------------------------------------------------------------------------------------------------------------------------------------------------------------------------------------------------------------------------------------------------------------+
; Signal Integrity Metrics (Fast 1100mv 85c Model)                                                                                                                                                                                                                                                                                                                                                                                                                                                                                                                                                                                                                                     ;
+---------+--------------+---------------------+---------------------+------------------------------+------------------------------+---------------------+---------------------+--------------------------------------+--------------------------------------+-----------------------------+-----------------------------+----------------------------+----------------------------+-----------------------------+-----------------------------+--------------------+--------------------+-------------------------------------+-------------------------------------+----------------------------+----------------------------+---------------------------+---------------------------+
; Pin     ; I/O Standard ; Board Delay on Rise ; Board Delay on Fall ; Steady State Voh at FPGA Pin ; Steady State Vol at FPGA Pin ; Voh Max at FPGA Pin ; Vol Min at FPGA Pin ; Ringback Voltage on Rise at FPGA Pin ; Ringback Voltage on Fall at FPGA Pin ; 10-90 Rise Time at FPGA Pin ; 90-10 Fall Time at FPGA Pin ; Monotonic Rise at FPGA Pin ; Monotonic Fall at FPGA Pin ; Steady State Voh at Far-end ; Steady State Vol at Far-end ; Voh Max at Far-end ; Vol Min at Far-end ; Ringback Voltage on Rise at Far-end ; Ringback Voltage on Fall at Far-end ; 10-90 Rise Time at Far-end ; 90-10 Fall Time at Far-end ; Monotonic Rise at Far-end ; Monotonic Fall at Far-end ;
+---------+--------------+---------------------+---------------------+------------------------------+------------------------------+---------------------+---------------------+--------------------------------------+--------------------------------------+-----------------------------+-----------------------------+----------------------------+----------------------------+-----------------------------+-----------------------------+--------------------+--------------------+-------------------------------------+-------------------------------------+----------------------------+----------------------------+---------------------------+---------------------------+
; HEX5[0] ; 2.5 V        ; 0 s                 ; 0 s                 ; 2.75 V                       ; 0.000213 V                   ; 2.79 V              ; -0.0324 V           ; 0.139 V                              ; 0.119 V                              ; 4.42e-10 s                  ; 4.33e-10 s                  ; No                         ; Yes                        ; 2.75 V                      ; 0.000213 V                  ; 2.79 V             ; -0.0324 V          ; 0.139 V                             ; 0.119 V                             ; 4.42e-10 s                 ; 4.33e-10 s                 ; No                        ; Yes                       ;
; HEX5[1] ; 2.5 V        ; 0 s                 ; 0 s                 ; 2.75 V                       ; 0.000242 V                   ; 2.86 V              ; -0.0814 V           ; 0.36 V                               ; 0.156 V                              ; 3e-10 s                     ; 4.34e-10 s                  ; No                         ; No                         ; 2.75 V                      ; 0.000242 V                  ; 2.86 V             ; -0.0814 V          ; 0.36 V                              ; 0.156 V                             ; 3e-10 s                    ; 4.34e-10 s                 ; No                        ; No                        ;
; HEX5[2] ; 2.5 V        ; 0 s                 ; 0 s                 ; 2.75 V                       ; 0.000213 V                   ; 2.79 V              ; -0.0324 V           ; 0.139 V                              ; 0.119 V                              ; 4.42e-10 s                  ; 4.33e-10 s                  ; No                         ; Yes                        ; 2.75 V                      ; 0.000213 V                  ; 2.79 V             ; -0.0324 V          ; 0.139 V                             ; 0.119 V                             ; 4.42e-10 s                 ; 4.33e-10 s                 ; No                        ; Yes                       ;
; HEX5[3] ; 2.5 V        ; 0 s                 ; 0 s                 ; 2.75 V                       ; 0.000213 V                   ; 2.79 V              ; -0.0324 V           ; 0.139 V                              ; 0.119 V                              ; 4.42e-10 s                  ; 4.33e-10 s                  ; No                         ; Yes                        ; 2.75 V                      ; 0.000213 V                  ; 2.79 V             ; -0.0324 V          ; 0.139 V                             ; 0.119 V                             ; 4.42e-10 s                 ; 4.33e-10 s                 ; No                        ; Yes                       ;
; HEX5[4] ; 2.5 V        ; 0 s                 ; 0 s                 ; 2.75 V                       ; 0.000242 V                   ; 2.86 V              ; -0.0814 V           ; 0.36 V                               ; 0.156 V                              ; 3e-10 s                     ; 4.34e-10 s                  ; No                         ; No                         ; 2.75 V                      ; 0.000242 V                  ; 2.86 V             ; -0.0814 V          ; 0.36 V                              ; 0.156 V                             ; 3e-10 s                    ; 4.34e-10 s                 ; No                        ; No                        ;
; HEX5[5] ; 2.5 V        ; 0 s                 ; 0 s                 ; 2.75 V                       ; 0.000247 V                   ; 2.85 V              ; -0.0711 V           ; 0.204 V                              ; 0.181 V                              ; 4.55e-10 s                  ; 4.49e-10 s                  ; No                         ; No                         ; 2.75 V                      ; 0.000247 V                  ; 2.85 V             ; -0.0711 V          ; 0.204 V                             ; 0.181 V                             ; 4.55e-10 s                 ; 4.49e-10 s                 ; No                        ; No                        ;
; HEX5[6] ; 2.5 V        ; 0 s                 ; 0 s                 ; 2.75 V                       ; 0.000242 V                   ; 2.86 V              ; -0.0805 V           ; 0.358 V                              ; 0.156 V                              ; 3.01e-10 s                  ; 4.34e-10 s                  ; No                         ; No                         ; 2.75 V                      ; 0.000242 V                  ; 2.86 V             ; -0.0805 V          ; 0.358 V                             ; 0.156 V                             ; 3.01e-10 s                 ; 4.34e-10 s                 ; No                        ; No                        ;
; HEX4[0] ; 2.5 V        ; 0 s                 ; 0 s                 ; 2.75 V                       ; 0.000247 V                   ; 2.85 V              ; -0.0711 V           ; 0.204 V                              ; 0.181 V                              ; 4.55e-10 s                  ; 4.49e-10 s                  ; No                         ; No                         ; 2.75 V                      ; 0.000247 V                  ; 2.85 V             ; -0.0711 V          ; 0.204 V                             ; 0.181 V                             ; 4.55e-10 s                 ; 4.49e-10 s                 ; No                        ; No                        ;
; HEX4[1] ; 2.5 V        ; 0 s                 ; 0 s                 ; 2.75 V                       ; 0.000247 V                   ; 2.85 V              ; -0.0711 V           ; 0.204 V                              ; 0.181 V                              ; 4.55e-10 s                  ; 4.49e-10 s                  ; No                         ; No                         ; 2.75 V                      ; 0.000247 V                  ; 2.85 V             ; -0.0711 V          ; 0.204 V                             ; 0.181 V                             ; 4.55e-10 s                 ; 4.49e-10 s                 ; No                        ; No                        ;
; HEX4[2] ; 2.5 V        ; 0 s                 ; 0 s                 ; 2.75 V                       ; 0.000213 V                   ; 2.79 V              ; -0.0324 V           ; 0.139 V                              ; 0.119 V                              ; 4.42e-10 s                  ; 4.33e-10 s                  ; No                         ; Yes                        ; 2.75 V                      ; 0.000213 V                  ; 2.79 V             ; -0.0324 V          ; 0.139 V                             ; 0.119 V                             ; 4.42e-10 s                 ; 4.33e-10 s                 ; No                        ; Yes                       ;
; HEX4[3] ; 2.5 V        ; 0 s                 ; 0 s                 ; 2.75 V                       ; 0.000213 V                   ; 2.79 V              ; -0.0324 V           ; 0.139 V                              ; 0.119 V                              ; 4.42e-10 s                  ; 4.33e-10 s                  ; No                         ; Yes                        ; 2.75 V                      ; 0.000213 V                  ; 2.79 V             ; -0.0324 V          ; 0.139 V                             ; 0.119 V                             ; 4.42e-10 s                 ; 4.33e-10 s                 ; No                        ; Yes                       ;
; HEX4[4] ; 2.5 V        ; 0 s                 ; 0 s                 ; 2.75 V                       ; 0.000213 V                   ; 2.79 V              ; -0.0324 V           ; 0.139 V                              ; 0.119 V                              ; 4.42e-10 s                  ; 4.33e-10 s                  ; No                         ; Yes                        ; 2.75 V                      ; 0.000213 V                  ; 2.79 V             ; -0.0324 V          ; 0.139 V                             ; 0.119 V                             ; 4.42e-10 s                 ; 4.33e-10 s                 ; No                        ; Yes                       ;
; HEX4[5] ; 2.5 V        ; 0 s                 ; 0 s                 ; 2.75 V                       ; 0.000247 V                   ; 2.85 V              ; -0.0711 V           ; 0.204 V                              ; 0.181 V                              ; 4.55e-10 s                  ; 4.49e-10 s                  ; No                         ; No                         ; 2.75 V                      ; 0.000247 V                  ; 2.85 V             ; -0.0711 V          ; 0.204 V                             ; 0.181 V                             ; 4.55e-10 s                 ; 4.49e-10 s                 ; No                        ; No                        ;
; HEX4[6] ; 2.5 V        ; 0 s                 ; 0 s                 ; 2.75 V                       ; 0.000247 V                   ; 2.85 V              ; -0.0711 V           ; 0.204 V                              ; 0.181 V                              ; 4.55e-10 s                  ; 4.49e-10 s                  ; No                         ; No                         ; 2.75 V                      ; 0.000247 V                  ; 2.85 V             ; -0.0711 V          ; 0.204 V                             ; 0.181 V                             ; 4.55e-10 s                 ; 4.49e-10 s                 ; No                        ; No                        ;
; HEX3[0] ; 2.5 V        ; 0 s                 ; 0 s                 ; 2.75 V                       ; 0.000247 V                   ; 2.85 V              ; -0.0711 V           ; 0.204 V                              ; 0.181 V                              ; 4.55e-10 s                  ; 4.49e-10 s                  ; No                         ; No                         ; 2.75 V                      ; 0.000247 V                  ; 2.85 V             ; -0.0711 V          ; 0.204 V                             ; 0.181 V                             ; 4.55e-10 s                 ; 4.49e-10 s                 ; No                        ; No                        ;
; HEX3[1] ; 2.5 V        ; 0 s                 ; 0 s                 ; 2.75 V                       ; 0.000213 V                   ; 2.79 V              ; -0.0324 V           ; 0.139 V                              ; 0.119 V                              ; 4.42e-10 s                  ; 4.33e-10 s                  ; No                         ; Yes                        ; 2.75 V                      ; 0.000213 V                  ; 2.79 V             ; -0.0324 V          ; 0.139 V                             ; 0.119 V                             ; 4.42e-10 s                 ; 4.33e-10 s                 ; No                        ; Yes                       ;
; HEX3[2] ; 2.5 V        ; 0 s                 ; 0 s                 ; 2.75 V                       ; 0.000247 V                   ; 2.85 V              ; -0.0711 V           ; 0.204 V                              ; 0.181 V                              ; 4.55e-10 s                  ; 4.49e-10 s                  ; No                         ; No                         ; 2.75 V                      ; 0.000247 V                  ; 2.85 V             ; -0.0711 V          ; 0.204 V                             ; 0.181 V                             ; 4.55e-10 s                 ; 4.49e-10 s                 ; No                        ; No                        ;
; HEX3[3] ; 2.5 V        ; 0 s                 ; 0 s                 ; 2.75 V                       ; 0.000213 V                   ; 2.79 V              ; -0.0324 V           ; 0.139 V                              ; 0.119 V                              ; 4.42e-10 s                  ; 4.33e-10 s                  ; No                         ; Yes                        ; 2.75 V                      ; 0.000213 V                  ; 2.79 V             ; -0.0324 V          ; 0.139 V                             ; 0.119 V                             ; 4.42e-10 s                 ; 4.33e-10 s                 ; No                        ; Yes                       ;
; HEX3[4] ; 2.5 V        ; 0 s                 ; 0 s                 ; 2.75 V                       ; 0.000242 V                   ; 2.86 V              ; -0.0805 V           ; 0.358 V                              ; 0.156 V                              ; 3.01e-10 s                  ; 4.34e-10 s                  ; No                         ; No                         ; 2.75 V                      ; 0.000242 V                  ; 2.86 V             ; -0.0805 V          ; 0.358 V                             ; 0.156 V                             ; 3.01e-10 s                 ; 4.34e-10 s                 ; No                        ; No                        ;
; HEX3[5] ; 2.5 V        ; 0 s                 ; 0 s                 ; 2.75 V                       ; 0.000213 V                   ; 2.79 V              ; -0.0324 V           ; 0.139 V                              ; 0.119 V                              ; 4.42e-10 s                  ; 4.33e-10 s                  ; No                         ; Yes                        ; 2.75 V                      ; 0.000213 V                  ; 2.79 V             ; -0.0324 V          ; 0.139 V                             ; 0.119 V                             ; 4.42e-10 s                 ; 4.33e-10 s                 ; No                        ; Yes                       ;
; HEX3[6] ; 2.5 V        ; 0 s                 ; 0 s                 ; 2.75 V                       ; 0.000247 V                   ; 2.85 V              ; -0.0711 V           ; 0.204 V                              ; 0.181 V                              ; 4.55e-10 s                  ; 4.49e-10 s                  ; No                         ; No                         ; 2.75 V                      ; 0.000247 V                  ; 2.85 V             ; -0.0711 V          ; 0.204 V                             ; 0.181 V                             ; 4.55e-10 s                 ; 4.49e-10 s                 ; No                        ; No                        ;
; HEX2[0] ; 2.5 V        ; 0 s                 ; 0 s                 ; 2.75 V                       ; 0.000213 V                   ; 2.79 V              ; -0.0324 V           ; 0.139 V                              ; 0.119 V                              ; 4.42e-10 s                  ; 4.33e-10 s                  ; No                         ; Yes                        ; 2.75 V                      ; 0.000213 V                  ; 2.79 V             ; -0.0324 V          ; 0.139 V                             ; 0.119 V                             ; 4.42e-10 s                 ; 4.33e-10 s                 ; No                        ; Yes                       ;
; HEX2[1] ; 2.5 V        ; 0 s                 ; 0 s                 ; 2.75 V                       ; 0.000242 V                   ; 2.86 V              ; -0.0805 V           ; 0.358 V                              ; 0.156 V                              ; 3.01e-10 s                  ; 4.34e-10 s                  ; No                         ; No                         ; 2.75 V                      ; 0.000242 V                  ; 2.86 V             ; -0.0805 V          ; 0.358 V                             ; 0.156 V                             ; 3.01e-10 s                 ; 4.34e-10 s                 ; No                        ; No                        ;
; HEX2[2] ; 2.5 V        ; 0 s                 ; 0 s                 ; 2.75 V                       ; 0.000242 V                   ; 2.86 V              ; -0.0814 V           ; 0.36 V                               ; 0.156 V                              ; 3e-10 s                     ; 4.34e-10 s                  ; No                         ; No                         ; 2.75 V                      ; 0.000242 V                  ; 2.86 V             ; -0.0814 V          ; 0.36 V                              ; 0.156 V                             ; 3e-10 s                    ; 4.34e-10 s                 ; No                        ; No                        ;
; HEX2[3] ; 2.5 V        ; 0 s                 ; 0 s                 ; 2.75 V                       ; 0.000242 V                   ; 2.86 V              ; -0.0805 V           ; 0.358 V                              ; 0.156 V                              ; 3.01e-10 s                  ; 4.34e-10 s                  ; No                         ; No                         ; 2.75 V                      ; 0.000242 V                  ; 2.86 V             ; -0.0805 V          ; 0.358 V                             ; 0.156 V                             ; 3.01e-10 s                 ; 4.34e-10 s                 ; No                        ; No                        ;
; HEX2[4] ; 2.5 V        ; 0 s                 ; 0 s                 ; 2.75 V                       ; 0.000242 V                   ; 2.86 V              ; -0.0805 V           ; 0.358 V                              ; 0.156 V                              ; 3.01e-10 s                  ; 4.34e-10 s                  ; No                         ; No                         ; 2.75 V                      ; 0.000242 V                  ; 2.86 V             ; -0.0805 V          ; 0.358 V                             ; 0.156 V                             ; 3.01e-10 s                 ; 4.34e-10 s                 ; No                        ; No                        ;
; HEX2[5] ; 2.5 V        ; 0 s                 ; 0 s                 ; 2.75 V                       ; 0.000242 V                   ; 2.86 V              ; -0.0814 V           ; 0.36 V                               ; 0.156 V                              ; 3e-10 s                     ; 4.34e-10 s                  ; No                         ; No                         ; 2.75 V                      ; 0.000242 V                  ; 2.86 V             ; -0.0814 V          ; 0.36 V                              ; 0.156 V                             ; 3e-10 s                    ; 4.34e-10 s                 ; No                        ; No                        ;
; HEX2[6] ; 2.5 V        ; 0 s                 ; 0 s                 ; 2.75 V                       ; 0.000242 V                   ; 2.86 V              ; -0.0814 V           ; 0.36 V                               ; 0.156 V                              ; 3e-10 s                     ; 4.34e-10 s                  ; No                         ; No                         ; 2.75 V                      ; 0.000242 V                  ; 2.86 V             ; -0.0814 V          ; 0.36 V                              ; 0.156 V                             ; 3e-10 s                    ; 4.34e-10 s                 ; No                        ; No                        ;
; HEX1[0] ; 2.5 V        ; 0 s                 ; 0 s                 ; 2.75 V                       ; 0.000242 V                   ; 2.86 V              ; -0.0805 V           ; 0.358 V                              ; 0.156 V                              ; 3.01e-10 s                  ; 4.34e-10 s                  ; No                         ; No                         ; 2.75 V                      ; 0.000242 V                  ; 2.86 V             ; -0.0805 V          ; 0.358 V                             ; 0.156 V                             ; 3.01e-10 s                 ; 4.34e-10 s                 ; No                        ; No                        ;
; HEX1[1] ; 2.5 V        ; 0 s                 ; 0 s                 ; 2.75 V                       ; 0.000242 V                   ; 2.86 V              ; -0.0814 V           ; 0.36 V                               ; 0.156 V                              ; 3e-10 s                     ; 4.34e-10 s                  ; No                         ; No                         ; 2.75 V                      ; 0.000242 V                  ; 2.86 V             ; -0.0814 V          ; 0.36 V                              ; 0.156 V                             ; 3e-10 s                    ; 4.34e-10 s                 ; No                        ; No                        ;
; HEX1[2] ; 2.5 V        ; 0 s                 ; 0 s                 ; 2.75 V                       ; 0.000242 V                   ; 2.86 V              ; -0.0805 V           ; 0.358 V                              ; 0.156 V                              ; 3.01e-10 s                  ; 4.34e-10 s                  ; No                         ; No                         ; 2.75 V                      ; 0.000242 V                  ; 2.86 V             ; -0.0805 V          ; 0.358 V                             ; 0.156 V                             ; 3.01e-10 s                 ; 4.34e-10 s                 ; No                        ; No                        ;
; HEX1[3] ; 2.5 V        ; 0 s                 ; 0 s                 ; 2.75 V                       ; 0.000242 V                   ; 2.86 V              ; -0.0814 V           ; 0.36 V                               ; 0.156 V                              ; 3e-10 s                     ; 4.34e-10 s                  ; No                         ; No                         ; 2.75 V                      ; 0.000242 V                  ; 2.86 V             ; -0.0814 V          ; 0.36 V                              ; 0.156 V                             ; 3e-10 s                    ; 4.34e-10 s                 ; No                        ; No                        ;
; HEX1[4] ; 2.5 V        ; 0 s                 ; 0 s                 ; 2.75 V                       ; 0.000242 V                   ; 2.86 V              ; -0.0805 V           ; 0.358 V                              ; 0.156 V                              ; 3.01e-10 s                  ; 4.34e-10 s                  ; No                         ; No                         ; 2.75 V                      ; 0.000242 V                  ; 2.86 V             ; -0.0805 V          ; 0.358 V                             ; 0.156 V                             ; 3.01e-10 s                 ; 4.34e-10 s                 ; No                        ; No                        ;
; HEX1[5] ; 2.5 V        ; 0 s                 ; 0 s                 ; 2.75 V                       ; 0.000242 V                   ; 2.86 V              ; -0.0814 V           ; 0.36 V                               ; 0.156 V                              ; 3e-10 s                     ; 4.34e-10 s                  ; No                         ; No                         ; 2.75 V                      ; 0.000242 V                  ; 2.86 V             ; -0.0814 V          ; 0.36 V                              ; 0.156 V                             ; 3e-10 s                    ; 4.34e-10 s                 ; No                        ; No                        ;
; HEX1[6] ; 2.5 V        ; 0 s                 ; 0 s                 ; 2.75 V                       ; 0.000242 V                   ; 2.86 V              ; -0.0814 V           ; 0.36 V                               ; 0.156 V                              ; 3e-10 s                     ; 4.34e-10 s                  ; No                         ; No                         ; 2.75 V                      ; 0.000242 V                  ; 2.86 V             ; -0.0814 V          ; 0.36 V                              ; 0.156 V                             ; 3e-10 s                    ; 4.34e-10 s                 ; No                        ; No                        ;
; HEX0[0] ; 2.5 V        ; 0 s                 ; 0 s                 ; 2.75 V                       ; 0.000242 V                   ; 2.86 V              ; -0.0805 V           ; 0.358 V                              ; 0.156 V                              ; 3.01e-10 s                  ; 4.34e-10 s                  ; No                         ; No                         ; 2.75 V                      ; 0.000242 V                  ; 2.86 V             ; -0.0805 V          ; 0.358 V                             ; 0.156 V                             ; 3.01e-10 s                 ; 4.34e-10 s                 ; No                        ; No                        ;
; HEX0[1] ; 2.5 V        ; 0 s                 ; 0 s                 ; 2.75 V                       ; 0.000242 V                   ; 2.86 V              ; -0.0805 V           ; 0.358 V                              ; 0.156 V                              ; 3.01e-10 s                  ; 4.34e-10 s                  ; No                         ; No                         ; 2.75 V                      ; 0.000242 V                  ; 2.86 V             ; -0.0805 V          ; 0.358 V                             ; 0.156 V                             ; 3.01e-10 s                 ; 4.34e-10 s                 ; No                        ; No                        ;
; HEX0[2] ; 2.5 V        ; 0 s                 ; 0 s                 ; 2.75 V                       ; 0.000242 V                   ; 2.86 V              ; -0.0814 V           ; 0.36 V                               ; 0.156 V                              ; 3e-10 s                     ; 4.34e-10 s                  ; No                         ; No                         ; 2.75 V                      ; 0.000242 V                  ; 2.86 V             ; -0.0814 V          ; 0.36 V                              ; 0.156 V                             ; 3e-10 s                    ; 4.34e-10 s                 ; No                        ; No                        ;
; HEX0[3] ; 2.5 V        ; 0 s                 ; 0 s                 ; 2.75 V                       ; 0.000242 V                   ; 2.86 V              ; -0.0805 V           ; 0.358 V                              ; 0.156 V                              ; 3.01e-10 s                  ; 4.34e-10 s                  ; No                         ; No                         ; 2.75 V                      ; 0.000242 V                  ; 2.86 V             ; -0.0805 V          ; 0.358 V                             ; 0.156 V                             ; 3.01e-10 s                 ; 4.34e-10 s                 ; No                        ; No                        ;
; HEX0[4] ; 2.5 V        ; 0 s                 ; 0 s                 ; 2.75 V                       ; 0.000242 V                   ; 2.86 V              ; -0.0814 V           ; 0.36 V                               ; 0.156 V                              ; 3e-10 s                     ; 4.34e-10 s                  ; No                         ; No                         ; 2.75 V                      ; 0.000242 V                  ; 2.86 V             ; -0.0814 V          ; 0.36 V                              ; 0.156 V                             ; 3e-10 s                    ; 4.34e-10 s                 ; No                        ; No                        ;
; HEX0[5] ; 2.5 V        ; 0 s                 ; 0 s                 ; 2.75 V                       ; 0.000242 V                   ; 2.86 V              ; -0.0805 V           ; 0.358 V                              ; 0.156 V                              ; 3.01e-10 s                  ; 4.34e-10 s                  ; No                         ; No                         ; 2.75 V                      ; 0.000242 V                  ; 2.86 V             ; -0.0805 V          ; 0.358 V                             ; 0.156 V                             ; 3.01e-10 s                 ; 4.34e-10 s                 ; No                        ; No                        ;
; HEX0[6] ; 2.5 V        ; 0 s                 ; 0 s                 ; 2.75 V                       ; 0.000242 V                   ; 2.86 V              ; -0.0814 V           ; 0.36 V                               ; 0.156 V                              ; 3e-10 s                     ; 4.34e-10 s                  ; No                         ; No                         ; 2.75 V                      ; 0.000242 V                  ; 2.86 V             ; -0.0814 V          ; 0.36 V                              ; 0.156 V                             ; 3e-10 s                    ; 4.34e-10 s                 ; No                        ; No                        ;
; LEDR[0] ; 2.5 V        ; 0 s                 ; 0 s                 ; 2.75 V                       ; 0.000247 V                   ; 2.85 V              ; -0.0711 V           ; 0.204 V                              ; 0.181 V                              ; 4.55e-10 s                  ; 4.49e-10 s                  ; No                         ; No                         ; 2.75 V                      ; 0.000247 V                  ; 2.85 V             ; -0.0711 V          ; 0.204 V                             ; 0.181 V                             ; 4.55e-10 s                 ; 4.49e-10 s                 ; No                        ; No                        ;
; LEDR[1] ; 2.5 V        ; 0 s                 ; 0 s                 ; 2.75 V                       ; 0.000213 V                   ; 2.79 V              ; -0.0324 V           ; 0.139 V                              ; 0.119 V                              ; 4.42e-10 s                  ; 4.33e-10 s                  ; No                         ; Yes                        ; 2.75 V                      ; 0.000213 V                  ; 2.79 V             ; -0.0324 V          ; 0.139 V                             ; 0.119 V                             ; 4.42e-10 s                 ; 4.33e-10 s                 ; No                        ; Yes                       ;
; LEDR[2] ; 2.5 V        ; 0 s                 ; 0 s                 ; 2.75 V                       ; 0.000247 V                   ; 2.85 V              ; -0.0711 V           ; 0.204 V                              ; 0.181 V                              ; 4.55e-10 s                  ; 4.49e-10 s                  ; No                         ; No                         ; 2.75 V                      ; 0.000247 V                  ; 2.85 V             ; -0.0711 V          ; 0.204 V                             ; 0.181 V                             ; 4.55e-10 s                 ; 4.49e-10 s                 ; No                        ; No                        ;
; LEDR[3] ; 2.5 V        ; 0 s                 ; 0 s                 ; 2.75 V                       ; 0.000247 V                   ; 2.85 V              ; -0.0711 V           ; 0.204 V                              ; 0.181 V                              ; 4.55e-10 s                  ; 4.49e-10 s                  ; No                         ; No                         ; 2.75 V                      ; 0.000247 V                  ; 2.85 V             ; -0.0711 V          ; 0.204 V                             ; 0.181 V                             ; 4.55e-10 s                 ; 4.49e-10 s                 ; No                        ; No                        ;
; LEDR[4] ; 2.5 V        ; 0 s                 ; 0 s                 ; 2.75 V                       ; 0.000213 V                   ; 2.79 V              ; -0.0324 V           ; 0.139 V                              ; 0.119 V                              ; 4.42e-10 s                  ; 4.33e-10 s                  ; No                         ; Yes                        ; 2.75 V                      ; 0.000213 V                  ; 2.79 V             ; -0.0324 V          ; 0.139 V                             ; 0.119 V                             ; 4.42e-10 s                 ; 4.33e-10 s                 ; No                        ; Yes                       ;
; LEDR[5] ; 2.5 V        ; 0 s                 ; 0 s                 ; 2.75 V                       ; 0.000213 V                   ; 2.79 V              ; -0.0324 V           ; 0.139 V                              ; 0.119 V                              ; 4.42e-10 s                  ; 4.33e-10 s                  ; No                         ; Yes                        ; 2.75 V                      ; 0.000213 V                  ; 2.79 V             ; -0.0324 V          ; 0.139 V                             ; 0.119 V                             ; 4.42e-10 s                 ; 4.33e-10 s                 ; No                        ; Yes                       ;
; LEDR[6] ; 2.5 V        ; 0 s                 ; 0 s                 ; 2.75 V                       ; 0.000247 V                   ; 2.85 V              ; -0.0711 V           ; 0.204 V                              ; 0.181 V                              ; 4.55e-10 s                  ; 4.49e-10 s                  ; No                         ; No                         ; 2.75 V                      ; 0.000247 V                  ; 2.85 V             ; -0.0711 V          ; 0.204 V                             ; 0.181 V                             ; 4.55e-10 s                 ; 4.49e-10 s                 ; No                        ; No                        ;
; LEDR[7] ; 2.5 V        ; 0 s                 ; 0 s                 ; 2.75 V                       ; 0.000247 V                   ; 2.85 V              ; -0.0711 V           ; 0.204 V                              ; 0.181 V                              ; 4.55e-10 s                  ; 4.49e-10 s                  ; No                         ; No                         ; 2.75 V                      ; 0.000247 V                  ; 2.85 V             ; -0.0711 V          ; 0.204 V                             ; 0.181 V                             ; 4.55e-10 s                 ; 4.49e-10 s                 ; No                        ; No                        ;
; LEDR[8] ; 2.5 V        ; 0 s                 ; 0 s                 ; 2.75 V                       ; 0.000247 V                   ; 2.85 V              ; -0.0711 V           ; 0.204 V                              ; 0.181 V                              ; 4.55e-10 s                  ; 4.49e-10 s                  ; No                         ; No                         ; 2.75 V                      ; 0.000247 V                  ; 2.85 V             ; -0.0711 V          ; 0.204 V                             ; 0.181 V                             ; 4.55e-10 s                 ; 4.49e-10 s                 ; No                        ; No                        ;
; LEDR[9] ; 2.5 V        ; 0 s                 ; 0 s                 ; 2.75 V                       ; 0.000213 V                   ; 2.79 V              ; -0.0324 V           ; 0.139 V                              ; 0.119 V                              ; 4.42e-10 s                  ; 4.33e-10 s                  ; No                         ; Yes                        ; 2.75 V                      ; 0.000213 V                  ; 2.79 V             ; -0.0324 V          ; 0.139 V                             ; 0.119 V                             ; 4.42e-10 s                 ; 4.33e-10 s                 ; No                        ; Yes                       ;
+---------+--------------+---------------------+---------------------+------------------------------+------------------------------+---------------------+---------------------+--------------------------------------+--------------------------------------+-----------------------------+-----------------------------+----------------------------+----------------------------+-----------------------------+-----------------------------+--------------------+--------------------+-------------------------------------+-------------------------------------+----------------------------+----------------------------+---------------------------+---------------------------+


+-----------------------------------------------------------------------------------------------------------------------------------------------------------------+
; Setup Transfers                                                                                                                                                 ;
+----------------------------------------------------------+----------------------------------------------------------+----------+----------+----------+----------+
; From Clock                                               ; To Clock                                                 ; RR Paths ; FR Paths ; RF Paths ; FF Paths ;
+----------------------------------------------------------+----------------------------------------------------------+----------+----------+----------+----------+
; Clock:clock_v1|Time:time_v1|Counter:count_hours|cnt[1]   ; Clock:clock_v1|Time:time_v1|Counter:count_hours|cnt[1]   ; 352      ; 352      ; 70       ; 70       ;
; CLOCK_50                                                 ; Clock:clock_v1|Time:time_v1|Counter:count_hours|cnt[1]   ; 79680    ; 0        ; 18732    ; 0        ;
; Clock:clock_v1|Time:time_v1|Counter:count_minutes|cnt[1] ; Clock:clock_v1|Time:time_v1|Counter:count_minutes|cnt[1] ; 352      ; 352      ; 70       ; 70       ;
; CLOCK_50                                                 ; Clock:clock_v1|Time:time_v1|Counter:count_minutes|cnt[1] ; 89718    ; 0        ; 21105    ; 0        ;
; Clock:clock_v1|Time:time_v1|Counter:count_seconds|cnt[1] ; Clock:clock_v1|Time:time_v1|Counter:count_seconds|cnt[1] ; 352      ; 352      ; 70       ; 70       ;
; CLOCK_50                                                 ; Clock:clock_v1|Time:time_v1|Counter:count_seconds|cnt[1] ; 208362   ; 0        ; 49292    ; 0        ;
; Clock:clock_v1|Time:time_v1|Counter:count_hours|cnt[1]   ; CLOCK_50                                                 ; 4        ; 4        ; 0        ; 0        ;
; Clock:clock_v1|Time:time_v1|Counter:count_minutes|cnt[1] ; CLOCK_50                                                 ; 16       ; 16       ; 0        ; 0        ;
; Clock:clock_v1|Time:time_v1|Counter:count_seconds|cnt[1] ; CLOCK_50                                                 ; 28       ; 28       ; 0        ; 0        ;
; CLOCK_50                                                 ; CLOCK_50                                                 ; 29039    ; 0        ; 0        ; 0        ;
+----------------------------------------------------------+----------------------------------------------------------+----------+----------+----------+----------+
Entries labeled "false path" only account for clock-to-clock false paths and not path-based false paths. As a result, actual path counts may be lower than reported.


+-----------------------------------------------------------------------------------------------------------------------------------------------------------------+
; Hold Transfers                                                                                                                                                  ;
+----------------------------------------------------------+----------------------------------------------------------+----------+----------+----------+----------+
; From Clock                                               ; To Clock                                                 ; RR Paths ; FR Paths ; RF Paths ; FF Paths ;
+----------------------------------------------------------+----------------------------------------------------------+----------+----------+----------+----------+
; Clock:clock_v1|Time:time_v1|Counter:count_hours|cnt[1]   ; Clock:clock_v1|Time:time_v1|Counter:count_hours|cnt[1]   ; 352      ; 352      ; 70       ; 70       ;
; CLOCK_50                                                 ; Clock:clock_v1|Time:time_v1|Counter:count_hours|cnt[1]   ; 79680    ; 0        ; 18732    ; 0        ;
; Clock:clock_v1|Time:time_v1|Counter:count_minutes|cnt[1] ; Clock:clock_v1|Time:time_v1|Counter:count_minutes|cnt[1] ; 352      ; 352      ; 70       ; 70       ;
; CLOCK_50                                                 ; Clock:clock_v1|Time:time_v1|Counter:count_minutes|cnt[1] ; 89718    ; 0        ; 21105    ; 0        ;
; Clock:clock_v1|Time:time_v1|Counter:count_seconds|cnt[1] ; Clock:clock_v1|Time:time_v1|Counter:count_seconds|cnt[1] ; 352      ; 352      ; 70       ; 70       ;
; CLOCK_50                                                 ; Clock:clock_v1|Time:time_v1|Counter:count_seconds|cnt[1] ; 208362   ; 0        ; 49292    ; 0        ;
; Clock:clock_v1|Time:time_v1|Counter:count_hours|cnt[1]   ; CLOCK_50                                                 ; 4        ; 4        ; 0        ; 0        ;
; Clock:clock_v1|Time:time_v1|Counter:count_minutes|cnt[1] ; CLOCK_50                                                 ; 16       ; 16       ; 0        ; 0        ;
; Clock:clock_v1|Time:time_v1|Counter:count_seconds|cnt[1] ; CLOCK_50                                                 ; 28       ; 28       ; 0        ; 0        ;
; CLOCK_50                                                 ; CLOCK_50                                                 ; 29039    ; 0        ; 0        ; 0        ;
+----------------------------------------------------------+----------------------------------------------------------+----------+----------+----------+----------+
Entries labeled "false path" only account for clock-to-clock false paths and not path-based false paths. As a result, actual path counts may be lower than reported.


+-------------------------------------------------------------------------------------------------------------------+
; Recovery Transfers                                                                                                ;
+------------+----------------------------------------------------------+----------+----------+----------+----------+
; From Clock ; To Clock                                                 ; RR Paths ; FR Paths ; RF Paths ; FF Paths ;
+------------+----------------------------------------------------------+----------+----------+----------+----------+
; CLOCK_50   ; Clock:clock_v1|Time:time_v1|Counter:count_hours|cnt[1]   ; 224      ; 0        ; 224      ; 0        ;
; CLOCK_50   ; Clock:clock_v1|Time:time_v1|Counter:count_minutes|cnt[1] ; 224      ; 0        ; 224      ; 0        ;
; CLOCK_50   ; Clock:clock_v1|Time:time_v1|Counter:count_seconds|cnt[1] ; 224      ; 0        ; 224      ; 0        ;
+------------+----------------------------------------------------------+----------+----------+----------+----------+
Entries labeled "false path" only account for clock-to-clock false paths and not path-based false paths. As a result, actual path counts may be lower than reported.


+-------------------------------------------------------------------------------------------------------------------+
; Removal Transfers                                                                                                 ;
+------------+----------------------------------------------------------+----------+----------+----------+----------+
; From Clock ; To Clock                                                 ; RR Paths ; FR Paths ; RF Paths ; FF Paths ;
+------------+----------------------------------------------------------+----------+----------+----------+----------+
; CLOCK_50   ; Clock:clock_v1|Time:time_v1|Counter:count_hours|cnt[1]   ; 224      ; 0        ; 224      ; 0        ;
; CLOCK_50   ; Clock:clock_v1|Time:time_v1|Counter:count_minutes|cnt[1] ; 224      ; 0        ; 224      ; 0        ;
; CLOCK_50   ; Clock:clock_v1|Time:time_v1|Counter:count_seconds|cnt[1] ; 224      ; 0        ; 224      ; 0        ;
+------------+----------------------------------------------------------+----------+----------+----------+----------+
Entries labeled "false path" only account for clock-to-clock false paths and not path-based false paths. As a result, actual path counts may be lower than reported.


---------------
; Report TCCS ;
---------------
No dedicated SERDES Transmitter circuitry present in device or used in design


---------------
; Report RSKM ;
---------------
No non-DPA dedicated SERDES Receiver circuitry present in device or used in design


+------------------------------------------------+
; Unconstrained Paths Summary                    ;
+---------------------------------+-------+------+
; Property                        ; Setup ; Hold ;
+---------------------------------+-------+------+
; Illegal Clocks                  ; 0     ; 0    ;
; Unconstrained Clocks            ; 0     ; 0    ;
; Unconstrained Input Ports       ; 4     ; 4    ;
; Unconstrained Input Port Paths  ; 267   ; 267  ;
; Unconstrained Output Ports      ; 46    ; 46   ;
; Unconstrained Output Port Paths ; 46    ; 46   ;
+---------------------------------+-------+------+


+------------------------------------------------------------------------------------------------------------------------------------------+
; Clock Status Summary                                                                                                                     ;
+----------------------------------------------------------+----------------------------------------------------------+------+-------------+
; Target                                                   ; Clock                                                    ; Type ; Status      ;
+----------------------------------------------------------+----------------------------------------------------------+------+-------------+
; CLOCK_50                                                 ; CLOCK_50                                                 ; Base ; Constrained ;
; Clock:clock_v1|Time:time_v1|Counter:count_hours|cnt[1]   ; Clock:clock_v1|Time:time_v1|Counter:count_hours|cnt[1]   ; Base ; Constrained ;
; Clock:clock_v1|Time:time_v1|Counter:count_minutes|cnt[1] ; Clock:clock_v1|Time:time_v1|Counter:count_minutes|cnt[1] ; Base ; Constrained ;
; Clock:clock_v1|Time:time_v1|Counter:count_seconds|cnt[1] ; Clock:clock_v1|Time:time_v1|Counter:count_seconds|cnt[1] ; Base ; Constrained ;
+----------------------------------------------------------+----------------------------------------------------------+------+-------------+


+---------------------------------------------------------------------------------------------------+
; Unconstrained Input Ports                                                                         ;
+------------+--------------------------------------------------------------------------------------+
; Input Port ; Comment                                                                              ;
+------------+--------------------------------------------------------------------------------------+
; KEY[0]     ; No input delay, min/max delays, false-path exceptions, or max skew assignments found ;
; KEY[1]     ; No input delay, min/max delays, false-path exceptions, or max skew assignments found ;
; KEY[2]     ; No input delay, min/max delays, false-path exceptions, or max skew assignments found ;
; KEY[3]     ; No input delay, min/max delays, false-path exceptions, or max skew assignments found ;
+------------+--------------------------------------------------------------------------------------+


+-----------------------------------------------------------------------------------------------------+
; Unconstrained Output Ports                                                                          ;
+-------------+---------------------------------------------------------------------------------------+
; Output Port ; Comment                                                                               ;
+-------------+---------------------------------------------------------------------------------------+
; HEX0[0]     ; No output delay, min/max delays, false-path exceptions, or max skew assignments found ;
; HEX0[1]     ; No output delay, min/max delays, false-path exceptions, or max skew assignments found ;
; HEX0[2]     ; No output delay, min/max delays, false-path exceptions, or max skew assignments found ;
; HEX0[3]     ; No output delay, min/max delays, false-path exceptions, or max skew assignments found ;
; HEX0[4]     ; No output delay, min/max delays, false-path exceptions, or max skew assignments found ;
; HEX0[5]     ; No output delay, min/max delays, false-path exceptions, or max skew assignments found ;
; HEX0[6]     ; No output delay, min/max delays, false-path exceptions, or max skew assignments found ;
; HEX1[0]     ; No output delay, min/max delays, false-path exceptions, or max skew assignments found ;
; HEX1[1]     ; No output delay, min/max delays, false-path exceptions, or max skew assignments found ;
; HEX1[2]     ; No output delay, min/max delays, false-path exceptions, or max skew assignments found ;
; HEX1[3]     ; No output delay, min/max delays, false-path exceptions, or max skew assignments found ;
; HEX1[4]     ; No output delay, min/max delays, false-path exceptions, or max skew assignments found ;
; HEX1[5]     ; No output delay, min/max delays, false-path exceptions, or max skew assignments found ;
; HEX1[6]     ; No output delay, min/max delays, false-path exceptions, or max skew assignments found ;
; HEX2[0]     ; No output delay, min/max delays, false-path exceptions, or max skew assignments found ;
; HEX2[1]     ; No output delay, min/max delays, false-path exceptions, or max skew assignments found ;
; HEX2[2]     ; No output delay, min/max delays, false-path exceptions, or max skew assignments found ;
; HEX2[3]     ; No output delay, min/max delays, false-path exceptions, or max skew assignments found ;
; HEX2[4]     ; No output delay, min/max delays, false-path exceptions, or max skew assignments found ;
; HEX2[5]     ; No output delay, min/max delays, false-path exceptions, or max skew assignments found ;
; HEX2[6]     ; No output delay, min/max delays, false-path exceptions, or max skew assignments found ;
; HEX3[0]     ; No output delay, min/max delays, false-path exceptions, or max skew assignments found ;
; HEX3[1]     ; No output delay, min/max delays, false-path exceptions, or max skew assignments found ;
; HEX3[2]     ; No output delay, min/max delays, false-path exceptions, or max skew assignments found ;
; HEX3[3]     ; No output delay, min/max delays, false-path exceptions, or max skew assignments found ;
; HEX3[4]     ; No output delay, min/max delays, false-path exceptions, or max skew assignments found ;
; HEX3[5]     ; No output delay, min/max delays, false-path exceptions, or max skew assignments found ;
; HEX3[6]     ; No output delay, min/max delays, false-path exceptions, or max skew assignments found ;
; HEX4[0]     ; No output delay, min/max delays, false-path exceptions, or max skew assignments found ;
; HEX4[1]     ; No output delay, min/max delays, false-path exceptions, or max skew assignments found ;
; HEX4[2]     ; No output delay, min/max delays, false-path exceptions, or max skew assignments found ;
; HEX4[3]     ; No output delay, min/max delays, false-path exceptions, or max skew assignments found ;
; HEX4[4]     ; No output delay, min/max delays, false-path exceptions, or max skew assignments found ;
; HEX4[5]     ; No output delay, min/max delays, false-path exceptions, or max skew assignments found ;
; HEX4[6]     ; No output delay, min/max delays, false-path exceptions, or max skew assignments found ;
; HEX5[0]     ; No output delay, min/max delays, false-path exceptions, or max skew assignments found ;
; HEX5[1]     ; No output delay, min/max delays, false-path exceptions, or max skew assignments found ;
; HEX5[2]     ; No output delay, min/max delays, false-path exceptions, or max skew assignments found ;
; HEX5[3]     ; No output delay, min/max delays, false-path exceptions, or max skew assignments found ;
; HEX5[4]     ; No output delay, min/max delays, false-path exceptions, or max skew assignments found ;
; HEX5[5]     ; No output delay, min/max delays, false-path exceptions, or max skew assignments found ;
; HEX5[6]     ; No output delay, min/max delays, false-path exceptions, or max skew assignments found ;
; LEDR[0]     ; No output delay, min/max delays, false-path exceptions, or max skew assignments found ;
; LEDR[7]     ; No output delay, min/max delays, false-path exceptions, or max skew assignments found ;
; LEDR[8]     ; No output delay, min/max delays, false-path exceptions, or max skew assignments found ;
; LEDR[9]     ; No output delay, min/max delays, false-path exceptions, or max skew assignments found ;
+-------------+---------------------------------------------------------------------------------------+


+---------------------------------------------------------------------------------------------------+
; Unconstrained Input Ports                                                                         ;
+------------+--------------------------------------------------------------------------------------+
; Input Port ; Comment                                                                              ;
+------------+--------------------------------------------------------------------------------------+
; KEY[0]     ; No input delay, min/max delays, false-path exceptions, or max skew assignments found ;
; KEY[1]     ; No input delay, min/max delays, false-path exceptions, or max skew assignments found ;
; KEY[2]     ; No input delay, min/max delays, false-path exceptions, or max skew assignments found ;
; KEY[3]     ; No input delay, min/max delays, false-path exceptions, or max skew assignments found ;
+------------+--------------------------------------------------------------------------------------+


+-----------------------------------------------------------------------------------------------------+
; Unconstrained Output Ports                                                                          ;
+-------------+---------------------------------------------------------------------------------------+
; Output Port ; Comment                                                                               ;
+-------------+---------------------------------------------------------------------------------------+
; HEX0[0]     ; No output delay, min/max delays, false-path exceptions, or max skew assignments found ;
; HEX0[1]     ; No output delay, min/max delays, false-path exceptions, or max skew assignments found ;
; HEX0[2]     ; No output delay, min/max delays, false-path exceptions, or max skew assignments found ;
; HEX0[3]     ; No output delay, min/max delays, false-path exceptions, or max skew assignments found ;
; HEX0[4]     ; No output delay, min/max delays, false-path exceptions, or max skew assignments found ;
; HEX0[5]     ; No output delay, min/max delays, false-path exceptions, or max skew assignments found ;
; HEX0[6]     ; No output delay, min/max delays, false-path exceptions, or max skew assignments found ;
; HEX1[0]     ; No output delay, min/max delays, false-path exceptions, or max skew assignments found ;
; HEX1[1]     ; No output delay, min/max delays, false-path exceptions, or max skew assignments found ;
; HEX1[2]     ; No output delay, min/max delays, false-path exceptions, or max skew assignments found ;
; HEX1[3]     ; No output delay, min/max delays, false-path exceptions, or max skew assignments found ;
; HEX1[4]     ; No output delay, min/max delays, false-path exceptions, or max skew assignments found ;
; HEX1[5]     ; No output delay, min/max delays, false-path exceptions, or max skew assignments found ;
; HEX1[6]     ; No output delay, min/max delays, false-path exceptions, or max skew assignments found ;
; HEX2[0]     ; No output delay, min/max delays, false-path exceptions, or max skew assignments found ;
; HEX2[1]     ; No output delay, min/max delays, false-path exceptions, or max skew assignments found ;
; HEX2[2]     ; No output delay, min/max delays, false-path exceptions, or max skew assignments found ;
; HEX2[3]     ; No output delay, min/max delays, false-path exceptions, or max skew assignments found ;
; HEX2[4]     ; No output delay, min/max delays, false-path exceptions, or max skew assignments found ;
; HEX2[5]     ; No output delay, min/max delays, false-path exceptions, or max skew assignments found ;
; HEX2[6]     ; No output delay, min/max delays, false-path exceptions, or max skew assignments found ;
; HEX3[0]     ; No output delay, min/max delays, false-path exceptions, or max skew assignments found ;
; HEX3[1]     ; No output delay, min/max delays, false-path exceptions, or max skew assignments found ;
; HEX3[2]     ; No output delay, min/max delays, false-path exceptions, or max skew assignments found ;
; HEX3[3]     ; No output delay, min/max delays, false-path exceptions, or max skew assignments found ;
; HEX3[4]     ; No output delay, min/max delays, false-path exceptions, or max skew assignments found ;
; HEX3[5]     ; No output delay, min/max delays, false-path exceptions, or max skew assignments found ;
; HEX3[6]     ; No output delay, min/max delays, false-path exceptions, or max skew assignments found ;
; HEX4[0]     ; No output delay, min/max delays, false-path exceptions, or max skew assignments found ;
; HEX4[1]     ; No output delay, min/max delays, false-path exceptions, or max skew assignments found ;
; HEX4[2]     ; No output delay, min/max delays, false-path exceptions, or max skew assignments found ;
; HEX4[3]     ; No output delay, min/max delays, false-path exceptions, or max skew assignments found ;
; HEX4[4]     ; No output delay, min/max delays, false-path exceptions, or max skew assignments found ;
; HEX4[5]     ; No output delay, min/max delays, false-path exceptions, or max skew assignments found ;
; HEX4[6]     ; No output delay, min/max delays, false-path exceptions, or max skew assignments found ;
; HEX5[0]     ; No output delay, min/max delays, false-path exceptions, or max skew assignments found ;
; HEX5[1]     ; No output delay, min/max delays, false-path exceptions, or max skew assignments found ;
; HEX5[2]     ; No output delay, min/max delays, false-path exceptions, or max skew assignments found ;
; HEX5[3]     ; No output delay, min/max delays, false-path exceptions, or max skew assignments found ;
; HEX5[4]     ; No output delay, min/max delays, false-path exceptions, or max skew assignments found ;
; HEX5[5]     ; No output delay, min/max delays, false-path exceptions, or max skew assignments found ;
; HEX5[6]     ; No output delay, min/max delays, false-path exceptions, or max skew assignments found ;
; LEDR[0]     ; No output delay, min/max delays, false-path exceptions, or max skew assignments found ;
; LEDR[7]     ; No output delay, min/max delays, false-path exceptions, or max skew assignments found ;
; LEDR[8]     ; No output delay, min/max delays, false-path exceptions, or max skew assignments found ;
; LEDR[9]     ; No output delay, min/max delays, false-path exceptions, or max skew assignments found ;
+-------------+---------------------------------------------------------------------------------------+


+--------------------------+
; Timing Analyzer Messages ;
+--------------------------+
Info: *******************************************************************
Info: Running Quartus Prime Timing Analyzer
    Info: Version 22.1std.0 Build 915 10/25/2022 SC Lite Edition
    Info: Processing started: Tue May 21 16:06:45 2024
Info: Command: quartus_sta Final_Clock_Project -c Final_Clock_Project
Info: qsta_default_script.tcl version: #1
Warning (18236): Number of processors has not been specified which may cause overloading on shared machines.  Set the global assignment NUM_PARALLEL_PROCESSORS in your QSF to an appropriate value for best performance.
Info (20030): Parallel compilation is enabled and will use 14 of the 14 processors detected
Info (21077): Low junction temperature is 0 degrees C
Info (21077): High junction temperature is 85 degrees C
Warning (335093): The Timing Analyzer is analyzing 42 combinational loops as latches. For more details, run the Check Timing command in the Timing Analyzer or view the "User-Specified and Inferred Latches" table in the Analysis & Synthesis report.
Critical Warning (332012): Synopsys Design Constraints File file not found: 'Final_Clock_Project.sdc'. A Synopsys Design Constraints File is required by the Timing Analyzer to get proper timing constraints. Without it, the Compiler will not properly optimize the design.
Info (332142): No user constrained base clocks found in the design. Calling "derive_clocks -period 1.0"
Info (332105): Deriving Clocks
    Info (332105): create_clock -period 1.000 -name CLOCK_50 CLOCK_50
    Info (332105): create_clock -period 1.000 -name Clock:clock_v1|Time:time_v1|Counter:count_hours|cnt[1] Clock:clock_v1|Time:time_v1|Counter:count_hours|cnt[1]
    Info (332105): create_clock -period 1.000 -name Clock:clock_v1|Time:time_v1|Counter:count_minutes|cnt[1] Clock:clock_v1|Time:time_v1|Counter:count_minutes|cnt[1]
    Info (332105): create_clock -period 1.000 -name Clock:clock_v1|Time:time_v1|Counter:count_seconds|cnt[1] Clock:clock_v1|Time:time_v1|Counter:count_seconds|cnt[1]
Info (332097): The following timing edges are non-unate.  The Timing Analyzer will assume pos-unate behavior for these edges in the clock network.
    Info (332098): Cell: display|Convert_Hours|Div0|auto_generated|divider|divider|op_6~13  from: cin  to: sumout
    Info (332098): Cell: display|Convert_Hours|Div0|auto_generated|divider|divider|op_6~17  from: cin  to: sumout
    Info (332098): Cell: display|Convert_Hours|Div0|auto_generated|divider|divider|op_6~1  from: cin  to: sumout
    Info (332098): Cell: display|Convert_Hours|Div0|auto_generated|divider|divider|op_6~21  from: datac  to: sumout
    Info (332098): Cell: display|Convert_Hours|Div0|auto_generated|divider|divider|op_6~9  from: cin  to: sumout
    Info (332098): Cell: display|Convert_Hours|Mod0|auto_generated|divider|divider|StageOut[31]~1  from: datab  to: combout
    Info (332098): Cell: display|Convert_Hours|Mod0|auto_generated|divider|divider|StageOut[31]~1  from: dataf  to: combout
    Info (332098): Cell: display|Convert_Hours|Mod0|auto_generated|divider|divider|StageOut[32]~3  from: dataa  to: combout
    Info (332098): Cell: display|Convert_Hours|Mod0|auto_generated|divider|divider|StageOut[32]~3  from: datab  to: combout
    Info (332098): Cell: display|Convert_Hours|Mod0|auto_generated|divider|divider|StageOut[33]~6  from: dataa  to: combout
    Info (332098): Cell: display|Convert_Hours|Mod0|auto_generated|divider|divider|StageOut[33]~6  from: datab  to: combout
    Info (332098): Cell: display|Convert_Hours|Mod0|auto_generated|divider|divider|op_6~13  from: cin  to: sumout
    Info (332098): Cell: display|Convert_Hours|Mod0|auto_generated|divider|divider|op_6~1  from: cin  to: sumout
    Info (332098): Cell: display|Convert_Hours|Mod0|auto_generated|divider|divider|op_6~25  from: cin  to: sumout
    Info (332098): Cell: display|Convert_Hours|Mod0|auto_generated|divider|divider|op_6~5  from: dataa  to: sumout
    Info (332098): Cell: display|Convert_Hours|Mod0|auto_generated|divider|divider|op_6~9  from: cin  to: sumout
    Info (332098): Cell: display|Convert_Hours|Mod0|auto_generated|divider|divider|op_7~13  from: cin  to: sumout
    Info (332098): Cell: display|Convert_Hours|Mod0|auto_generated|divider|divider|op_7~13  from: datab  to: sumout
    Info (332098): Cell: display|Convert_Hours|Mod0|auto_generated|divider|divider|op_7~13  from: datad  to: sumout
    Info (332098): Cell: display|Convert_Hours|Mod0|auto_generated|divider|divider|op_7~17  from: cin  to: sumout
    Info (332098): Cell: display|Convert_Hours|Mod0|auto_generated|divider|divider|op_7~17  from: datab  to: sumout
    Info (332098): Cell: display|Convert_Hours|Mod0|auto_generated|divider|divider|op_7~17  from: datad  to: sumout
    Info (332098): Cell: display|Convert_Hours|Mod0|auto_generated|divider|divider|op_7~26  from: datab  to: cout
    Info (332098): Cell: display|Convert_Hours|Mod0|auto_generated|divider|divider|op_7~5  from: cin  to: sumout
    Info (332098): Cell: display|Convert_Hours|Mod0|auto_generated|divider|divider|op_7~9  from: datab  to: sumout
    Info (332098): Cell: display|Convert_Hours|Mod0|auto_generated|divider|divider|op_7~9  from: datac  to: sumout
    Info (332098): Cell: display|Convert_Hours|Mod0|auto_generated|divider|divider|op_7~9  from: datad  to: sumout
    Info (332098): Cell: display|Convert_Mins|Div0|auto_generated|divider|divider|op_6~13  from: cin  to: sumout
    Info (332098): Cell: display|Convert_Mins|Div0|auto_generated|divider|divider|op_6~17  from: cin  to: sumout
    Info (332098): Cell: display|Convert_Mins|Div0|auto_generated|divider|divider|op_6~1  from: cin  to: sumout
    Info (332098): Cell: display|Convert_Mins|Div0|auto_generated|divider|divider|op_6~21  from: dataa  to: sumout
    Info (332098): Cell: display|Convert_Mins|Div0|auto_generated|divider|divider|op_6~9  from: cin  to: sumout
    Info (332098): Cell: display|Convert_Mins|Mod0|auto_generated|divider|divider|StageOut[31]~1  from: datab  to: combout
    Info (332098): Cell: display|Convert_Mins|Mod0|auto_generated|divider|divider|StageOut[31]~1  from: dataf  to: combout
    Info (332098): Cell: display|Convert_Mins|Mod0|auto_generated|divider|divider|StageOut[32]~3  from: dataa  to: combout
    Info (332098): Cell: display|Convert_Mins|Mod0|auto_generated|divider|divider|StageOut[32]~3  from: datab  to: combout
    Info (332098): Cell: display|Convert_Mins|Mod0|auto_generated|divider|divider|StageOut[33]~6  from: dataa  to: combout
    Info (332098): Cell: display|Convert_Mins|Mod0|auto_generated|divider|divider|StageOut[33]~6  from: datab  to: combout
    Info (332098): Cell: display|Convert_Mins|Mod0|auto_generated|divider|divider|op_6~13  from: cin  to: sumout
    Info (332098): Cell: display|Convert_Mins|Mod0|auto_generated|divider|divider|op_6~1  from: cin  to: sumout
    Info (332098): Cell: display|Convert_Mins|Mod0|auto_generated|divider|divider|op_6~25  from: cin  to: sumout
    Info (332098): Cell: display|Convert_Mins|Mod0|auto_generated|divider|divider|op_6~5  from: datab  to: sumout
    Info (332098): Cell: display|Convert_Mins|Mod0|auto_generated|divider|divider|op_6~9  from: cin  to: sumout
    Info (332098): Cell: display|Convert_Mins|Mod0|auto_generated|divider|divider|op_7~13  from: cin  to: sumout
    Info (332098): Cell: display|Convert_Mins|Mod0|auto_generated|divider|divider|op_7~13  from: dataa  to: sumout
    Info (332098): Cell: display|Convert_Mins|Mod0|auto_generated|divider|divider|op_7~13  from: datad  to: sumout
    Info (332098): Cell: display|Convert_Mins|Mod0|auto_generated|divider|divider|op_7~17  from: cin  to: sumout
    Info (332098): Cell: display|Convert_Mins|Mod0|auto_generated|divider|divider|op_7~17  from: datab  to: sumout
    Info (332098): Cell: display|Convert_Mins|Mod0|auto_generated|divider|divider|op_7~17  from: datad  to: sumout
    Info (332098): Cell: display|Convert_Mins|Mod0|auto_generated|divider|divider|op_7~26  from: datab  to: cout
    Info (332098): Cell: display|Convert_Mins|Mod0|auto_generated|divider|divider|op_7~5  from: cin  to: sumout
    Info (332098): Cell: display|Convert_Mins|Mod0|auto_generated|divider|divider|op_7~9  from: dataa  to: sumout
    Info (332098): Cell: display|Convert_Mins|Mod0|auto_generated|divider|divider|op_7~9  from: datac  to: sumout
    Info (332098): Cell: display|Convert_Mins|Mod0|auto_generated|divider|divider|op_7~9  from: datad  to: sumout
    Info (332098): Cell: display|Convert_Secs|Div0|auto_generated|divider|divider|op_6~13  from: cin  to: sumout
    Info (332098): Cell: display|Convert_Secs|Div0|auto_generated|divider|divider|op_6~17  from: cin  to: sumout
    Info (332098): Cell: display|Convert_Secs|Div0|auto_generated|divider|divider|op_6~1  from: cin  to: sumout
    Info (332098): Cell: display|Convert_Secs|Div0|auto_generated|divider|divider|op_6~21  from: datac  to: sumout
    Info (332098): Cell: display|Convert_Secs|Div0|auto_generated|divider|divider|op_6~9  from: cin  to: sumout
    Info (332098): Cell: display|Convert_Secs|Mod0|auto_generated|divider|divider|StageOut[31]~1  from: datab  to: combout
    Info (332098): Cell: display|Convert_Secs|Mod0|auto_generated|divider|divider|StageOut[31]~1  from: datad  to: combout
    Info (332098): Cell: display|Convert_Secs|Mod0|auto_generated|divider|divider|StageOut[32]~3  from: dataa  to: combout
    Info (332098): Cell: display|Convert_Secs|Mod0|auto_generated|divider|divider|StageOut[32]~3  from: datab  to: combout
    Info (332098): Cell: display|Convert_Secs|Mod0|auto_generated|divider|divider|StageOut[33]~6  from: dataa  to: combout
    Info (332098): Cell: display|Convert_Secs|Mod0|auto_generated|divider|divider|StageOut[33]~6  from: datab  to: combout
    Info (332098): Cell: display|Convert_Secs|Mod0|auto_generated|divider|divider|op_6~13  from: cin  to: sumout
    Info (332098): Cell: display|Convert_Secs|Mod0|auto_generated|divider|divider|op_6~1  from: cin  to: sumout
    Info (332098): Cell: display|Convert_Secs|Mod0|auto_generated|divider|divider|op_6~25  from: cin  to: sumout
    Info (332098): Cell: display|Convert_Secs|Mod0|auto_generated|divider|divider|op_6~5  from: dataa  to: sumout
    Info (332098): Cell: display|Convert_Secs|Mod0|auto_generated|divider|divider|op_6~9  from: cin  to: sumout
    Info (332098): Cell: display|Convert_Secs|Mod0|auto_generated|divider|divider|op_7~13  from: cin  to: sumout
    Info (332098): Cell: display|Convert_Secs|Mod0|auto_generated|divider|divider|op_7~13  from: datab  to: sumout
    Info (332098): Cell: display|Convert_Secs|Mod0|auto_generated|divider|divider|op_7~13  from: datad  to: sumout
    Info (332098): Cell: display|Convert_Secs|Mod0|auto_generated|divider|divider|op_7~17  from: cin  to: sumout
    Info (332098): Cell: display|Convert_Secs|Mod0|auto_generated|divider|divider|op_7~17  from: datab  to: sumout
    Info (332098): Cell: display|Convert_Secs|Mod0|auto_generated|divider|divider|op_7~17  from: datad  to: sumout
    Info (332098): Cell: display|Convert_Secs|Mod0|auto_generated|divider|divider|op_7~26  from: datab  to: cout
    Info (332098): Cell: display|Convert_Secs|Mod0|auto_generated|divider|divider|op_7~5  from: cin  to: sumout
    Info (332098): Cell: display|Convert_Secs|Mod0|auto_generated|divider|divider|op_7~9  from: datab  to: sumout
    Info (332098): Cell: display|Convert_Secs|Mod0|auto_generated|divider|divider|op_7~9  from: datac  to: sumout
    Info (332098): Cell: display|Convert_Secs|Mod0|auto_generated|divider|divider|op_7~9  from: datad  to: sumout
Info (332143): No user constrained clock uncertainty found in the design. Calling "derive_clock_uncertainty"
Info (332123): Deriving Clock Uncertainty. Please refer to report_sdc in the Timing Analyzer to see clock uncertainties.
Info: Found TIMING_ANALYZER_REPORT_SCRIPT_INCLUDE_DEFAULT_ANALYSIS = ON
Info: Analyzing Slow 1100mV 85C Model
Critical Warning (332148): Timing requirements not met
    Info (11105): For recommendations on closing timing, run Report Timing Closure Recommendations in the Timing Analyzer.
Info (332146): Worst-case setup slack is -17.298
    Info (332119):     Slack       End Point TNS Clock 
    Info (332119): ========= =================== =====================
    Info (332119):   -17.298            -195.409 Clock:clock_v1|Time:time_v1|Counter:count_minutes|cnt[1] 
    Info (332119):   -14.768            -179.503 Clock:clock_v1|Time:time_v1|Counter:count_hours|cnt[1] 
    Info (332119):   -13.753            -183.393 Clock:clock_v1|Time:time_v1|Counter:count_seconds|cnt[1] 
    Info (332119):    -6.430           -1055.775 CLOCK_50 
Info (332146): Worst-case hold slack is -4.015
    Info (332119):     Slack       End Point TNS Clock 
    Info (332119): ========= =================== =====================
    Info (332119):    -4.015             -23.144 Clock:clock_v1|Time:time_v1|Counter:count_hours|cnt[1] 
    Info (332119):    -3.827             -24.863 Clock:clock_v1|Time:time_v1|Counter:count_seconds|cnt[1] 
    Info (332119):    -3.712             -19.301 Clock:clock_v1|Time:time_v1|Counter:count_minutes|cnt[1] 
    Info (332119):    -2.844             -20.685 CLOCK_50 
Info (332146): Worst-case recovery slack is -8.338
    Info (332119):     Slack       End Point TNS Clock 
    Info (332119): ========= =================== =====================
    Info (332119):    -8.338            -107.984 Clock:clock_v1|Time:time_v1|Counter:count_minutes|cnt[1] 
    Info (332119):    -8.234            -108.239 Clock:clock_v1|Time:time_v1|Counter:count_seconds|cnt[1] 
    Info (332119):    -7.982            -107.788 Clock:clock_v1|Time:time_v1|Counter:count_hours|cnt[1] 
Info (332146): Worst-case removal slack is 0.057
    Info (332119):     Slack       End Point TNS Clock 
    Info (332119): ========= =================== =====================
    Info (332119):     0.057               0.000 Clock:clock_v1|Time:time_v1|Counter:count_seconds|cnt[1] 
    Info (332119):     0.126               0.000 Clock:clock_v1|Time:time_v1|Counter:count_hours|cnt[1] 
    Info (332119):     0.173               0.000 Clock:clock_v1|Time:time_v1|Counter:count_minutes|cnt[1] 
Info (332146): Worst-case minimum pulse width slack is -2.813
    Info (332119):     Slack       End Point TNS Clock 
    Info (332119): ========= =================== =====================
    Info (332119):    -2.813            -155.549 Clock:clock_v1|Time:time_v1|Counter:count_minutes|cnt[1] 
    Info (332119):    -2.588            -128.015 Clock:clock_v1|Time:time_v1|Counter:count_seconds|cnt[1] 
    Info (332119):    -2.236            -117.686 Clock:clock_v1|Time:time_v1|Counter:count_hours|cnt[1] 
    Info (332119):    -0.394            -190.240 CLOCK_50 
Info: Analyzing Slow 1100mV 0C Model
Info (334003): Started post-fitting delay annotation
Info (334004): Delay annotation completed successfully
Info (332097): The following timing edges are non-unate.  The Timing Analyzer will assume pos-unate behavior for these edges in the clock network.
    Info (332098): Cell: display|Convert_Hours|Div0|auto_generated|divider|divider|op_6~13  from: cin  to: sumout
    Info (332098): Cell: display|Convert_Hours|Div0|auto_generated|divider|divider|op_6~17  from: cin  to: sumout
    Info (332098): Cell: display|Convert_Hours|Div0|auto_generated|divider|divider|op_6~1  from: cin  to: sumout
    Info (332098): Cell: display|Convert_Hours|Div0|auto_generated|divider|divider|op_6~21  from: datac  to: sumout
    Info (332098): Cell: display|Convert_Hours|Div0|auto_generated|divider|divider|op_6~9  from: cin  to: sumout
    Info (332098): Cell: display|Convert_Hours|Mod0|auto_generated|divider|divider|StageOut[31]~1  from: datab  to: combout
    Info (332098): Cell: display|Convert_Hours|Mod0|auto_generated|divider|divider|StageOut[31]~1  from: dataf  to: combout
    Info (332098): Cell: display|Convert_Hours|Mod0|auto_generated|divider|divider|StageOut[32]~3  from: dataa  to: combout
    Info (332098): Cell: display|Convert_Hours|Mod0|auto_generated|divider|divider|StageOut[32]~3  from: datab  to: combout
    Info (332098): Cell: display|Convert_Hours|Mod0|auto_generated|divider|divider|StageOut[33]~6  from: dataa  to: combout
    Info (332098): Cell: display|Convert_Hours|Mod0|auto_generated|divider|divider|StageOut[33]~6  from: datab  to: combout
    Info (332098): Cell: display|Convert_Hours|Mod0|auto_generated|divider|divider|op_6~13  from: cin  to: sumout
    Info (332098): Cell: display|Convert_Hours|Mod0|auto_generated|divider|divider|op_6~1  from: cin  to: sumout
    Info (332098): Cell: display|Convert_Hours|Mod0|auto_generated|divider|divider|op_6~25  from: cin  to: sumout
    Info (332098): Cell: display|Convert_Hours|Mod0|auto_generated|divider|divider|op_6~5  from: dataa  to: sumout
    Info (332098): Cell: display|Convert_Hours|Mod0|auto_generated|divider|divider|op_6~9  from: cin  to: sumout
    Info (332098): Cell: display|Convert_Hours|Mod0|auto_generated|divider|divider|op_7~13  from: cin  to: sumout
    Info (332098): Cell: display|Convert_Hours|Mod0|auto_generated|divider|divider|op_7~13  from: datab  to: sumout
    Info (332098): Cell: display|Convert_Hours|Mod0|auto_generated|divider|divider|op_7~13  from: datad  to: sumout
    Info (332098): Cell: display|Convert_Hours|Mod0|auto_generated|divider|divider|op_7~17  from: cin  to: sumout
    Info (332098): Cell: display|Convert_Hours|Mod0|auto_generated|divider|divider|op_7~17  from: datab  to: sumout
    Info (332098): Cell: display|Convert_Hours|Mod0|auto_generated|divider|divider|op_7~17  from: datad  to: sumout
    Info (332098): Cell: display|Convert_Hours|Mod0|auto_generated|divider|divider|op_7~26  from: datab  to: cout
    Info (332098): Cell: display|Convert_Hours|Mod0|auto_generated|divider|divider|op_7~5  from: cin  to: sumout
    Info (332098): Cell: display|Convert_Hours|Mod0|auto_generated|divider|divider|op_7~9  from: datab  to: sumout
    Info (332098): Cell: display|Convert_Hours|Mod0|auto_generated|divider|divider|op_7~9  from: datac  to: sumout
    Info (332098): Cell: display|Convert_Hours|Mod0|auto_generated|divider|divider|op_7~9  from: datad  to: sumout
    Info (332098): Cell: display|Convert_Mins|Div0|auto_generated|divider|divider|op_6~13  from: cin  to: sumout
    Info (332098): Cell: display|Convert_Mins|Div0|auto_generated|divider|divider|op_6~17  from: cin  to: sumout
    Info (332098): Cell: display|Convert_Mins|Div0|auto_generated|divider|divider|op_6~1  from: cin  to: sumout
    Info (332098): Cell: display|Convert_Mins|Div0|auto_generated|divider|divider|op_6~21  from: dataa  to: sumout
    Info (332098): Cell: display|Convert_Mins|Div0|auto_generated|divider|divider|op_6~9  from: cin  to: sumout
    Info (332098): Cell: display|Convert_Mins|Mod0|auto_generated|divider|divider|StageOut[31]~1  from: datab  to: combout
    Info (332098): Cell: display|Convert_Mins|Mod0|auto_generated|divider|divider|StageOut[31]~1  from: dataf  to: combout
    Info (332098): Cell: display|Convert_Mins|Mod0|auto_generated|divider|divider|StageOut[32]~3  from: dataa  to: combout
    Info (332098): Cell: display|Convert_Mins|Mod0|auto_generated|divider|divider|StageOut[32]~3  from: datab  to: combout
    Info (332098): Cell: display|Convert_Mins|Mod0|auto_generated|divider|divider|StageOut[33]~6  from: dataa  to: combout
    Info (332098): Cell: display|Convert_Mins|Mod0|auto_generated|divider|divider|StageOut[33]~6  from: datab  to: combout
    Info (332098): Cell: display|Convert_Mins|Mod0|auto_generated|divider|divider|op_6~13  from: cin  to: sumout
    Info (332098): Cell: display|Convert_Mins|Mod0|auto_generated|divider|divider|op_6~1  from: cin  to: sumout
    Info (332098): Cell: display|Convert_Mins|Mod0|auto_generated|divider|divider|op_6~25  from: cin  to: sumout
    Info (332098): Cell: display|Convert_Mins|Mod0|auto_generated|divider|divider|op_6~5  from: datab  to: sumout
    Info (332098): Cell: display|Convert_Mins|Mod0|auto_generated|divider|divider|op_6~9  from: cin  to: sumout
    Info (332098): Cell: display|Convert_Mins|Mod0|auto_generated|divider|divider|op_7~13  from: cin  to: sumout
    Info (332098): Cell: display|Convert_Mins|Mod0|auto_generated|divider|divider|op_7~13  from: dataa  to: sumout
    Info (332098): Cell: display|Convert_Mins|Mod0|auto_generated|divider|divider|op_7~13  from: datad  to: sumout
    Info (332098): Cell: display|Convert_Mins|Mod0|auto_generated|divider|divider|op_7~17  from: cin  to: sumout
    Info (332098): Cell: display|Convert_Mins|Mod0|auto_generated|divider|divider|op_7~17  from: datab  to: sumout
    Info (332098): Cell: display|Convert_Mins|Mod0|auto_generated|divider|divider|op_7~17  from: datad  to: sumout
    Info (332098): Cell: display|Convert_Mins|Mod0|auto_generated|divider|divider|op_7~26  from: datab  to: cout
    Info (332098): Cell: display|Convert_Mins|Mod0|auto_generated|divider|divider|op_7~5  from: cin  to: sumout
    Info (332098): Cell: display|Convert_Mins|Mod0|auto_generated|divider|divider|op_7~9  from: dataa  to: sumout
    Info (332098): Cell: display|Convert_Mins|Mod0|auto_generated|divider|divider|op_7~9  from: datac  to: sumout
    Info (332098): Cell: display|Convert_Mins|Mod0|auto_generated|divider|divider|op_7~9  from: datad  to: sumout
    Info (332098): Cell: display|Convert_Secs|Div0|auto_generated|divider|divider|op_6~13  from: cin  to: sumout
    Info (332098): Cell: display|Convert_Secs|Div0|auto_generated|divider|divider|op_6~17  from: cin  to: sumout
    Info (332098): Cell: display|Convert_Secs|Div0|auto_generated|divider|divider|op_6~1  from: cin  to: sumout
    Info (332098): Cell: display|Convert_Secs|Div0|auto_generated|divider|divider|op_6~21  from: datac  to: sumout
    Info (332098): Cell: display|Convert_Secs|Div0|auto_generated|divider|divider|op_6~9  from: cin  to: sumout
    Info (332098): Cell: display|Convert_Secs|Mod0|auto_generated|divider|divider|StageOut[31]~1  from: datab  to: combout
    Info (332098): Cell: display|Convert_Secs|Mod0|auto_generated|divider|divider|StageOut[31]~1  from: datad  to: combout
    Info (332098): Cell: display|Convert_Secs|Mod0|auto_generated|divider|divider|StageOut[32]~3  from: dataa  to: combout
    Info (332098): Cell: display|Convert_Secs|Mod0|auto_generated|divider|divider|StageOut[32]~3  from: datab  to: combout
    Info (332098): Cell: display|Convert_Secs|Mod0|auto_generated|divider|divider|StageOut[33]~6  from: dataa  to: combout
    Info (332098): Cell: display|Convert_Secs|Mod0|auto_generated|divider|divider|StageOut[33]~6  from: datab  to: combout
    Info (332098): Cell: display|Convert_Secs|Mod0|auto_generated|divider|divider|op_6~13  from: cin  to: sumout
    Info (332098): Cell: display|Convert_Secs|Mod0|auto_generated|divider|divider|op_6~1  from: cin  to: sumout
    Info (332098): Cell: display|Convert_Secs|Mod0|auto_generated|divider|divider|op_6~25  from: cin  to: sumout
    Info (332098): Cell: display|Convert_Secs|Mod0|auto_generated|divider|divider|op_6~5  from: dataa  to: sumout
    Info (332098): Cell: display|Convert_Secs|Mod0|auto_generated|divider|divider|op_6~9  from: cin  to: sumout
    Info (332098): Cell: display|Convert_Secs|Mod0|auto_generated|divider|divider|op_7~13  from: cin  to: sumout
    Info (332098): Cell: display|Convert_Secs|Mod0|auto_generated|divider|divider|op_7~13  from: datab  to: sumout
    Info (332098): Cell: display|Convert_Secs|Mod0|auto_generated|divider|divider|op_7~13  from: datad  to: sumout
    Info (332098): Cell: display|Convert_Secs|Mod0|auto_generated|divider|divider|op_7~17  from: cin  to: sumout
    Info (332098): Cell: display|Convert_Secs|Mod0|auto_generated|divider|divider|op_7~17  from: datab  to: sumout
    Info (332098): Cell: display|Convert_Secs|Mod0|auto_generated|divider|divider|op_7~17  from: datad  to: sumout
    Info (332098): Cell: display|Convert_Secs|Mod0|auto_generated|divider|divider|op_7~26  from: datab  to: cout
    Info (332098): Cell: display|Convert_Secs|Mod0|auto_generated|divider|divider|op_7~5  from: cin  to: sumout
    Info (332098): Cell: display|Convert_Secs|Mod0|auto_generated|divider|divider|op_7~9  from: datab  to: sumout
    Info (332098): Cell: display|Convert_Secs|Mod0|auto_generated|divider|divider|op_7~9  from: datac  to: sumout
    Info (332098): Cell: display|Convert_Secs|Mod0|auto_generated|divider|divider|op_7~9  from: datad  to: sumout
Info (332123): Deriving Clock Uncertainty. Please refer to report_sdc in the Timing Analyzer to see clock uncertainties.
Critical Warning (332148): Timing requirements not met
    Info (11105): For recommendations on closing timing, run Report Timing Closure Recommendations in the Timing Analyzer.
Info (332146): Worst-case setup slack is -17.239
    Info (332119):     Slack       End Point TNS Clock 
    Info (332119): ========= =================== =====================
    Info (332119):   -17.239            -197.185 Clock:clock_v1|Time:time_v1|Counter:count_minutes|cnt[1] 
    Info (332119):   -14.856            -181.559 Clock:clock_v1|Time:time_v1|Counter:count_hours|cnt[1] 
    Info (332119):   -13.971            -186.009 Clock:clock_v1|Time:time_v1|Counter:count_seconds|cnt[1] 
    Info (332119):    -6.238           -1030.273 CLOCK_50 
Info (332146): Worst-case hold slack is -4.205
    Info (332119):     Slack       End Point TNS Clock 
    Info (332119): ========= =================== =====================
    Info (332119):    -4.205             -24.512 Clock:clock_v1|Time:time_v1|Counter:count_hours|cnt[1] 
    Info (332119):    -4.046             -26.722 Clock:clock_v1|Time:time_v1|Counter:count_seconds|cnt[1] 
    Info (332119):    -3.864             -20.893 Clock:clock_v1|Time:time_v1|Counter:count_minutes|cnt[1] 
    Info (332119):    -2.900             -23.588 CLOCK_50 
Info (332146): Worst-case recovery slack is -8.316
    Info (332119):     Slack       End Point TNS Clock 
    Info (332119): ========= =================== =====================
    Info (332119):    -8.316            -107.276 Clock:clock_v1|Time:time_v1|Counter:count_minutes|cnt[1] 
    Info (332119):    -8.187            -108.128 Clock:clock_v1|Time:time_v1|Counter:count_seconds|cnt[1] 
    Info (332119):    -7.983            -108.493 Clock:clock_v1|Time:time_v1|Counter:count_hours|cnt[1] 
Info (332146): Worst-case removal slack is -0.283
    Info (332119):     Slack       End Point TNS Clock 
    Info (332119): ========= =================== =====================
    Info (332119):    -0.283              -0.655 Clock:clock_v1|Time:time_v1|Counter:count_seconds|cnt[1] 
    Info (332119):    -0.128              -0.128 Clock:clock_v1|Time:time_v1|Counter:count_hours|cnt[1] 
    Info (332119):    -0.023              -0.023 Clock:clock_v1|Time:time_v1|Counter:count_minutes|cnt[1] 
Info (332146): Worst-case minimum pulse width slack is -2.938
    Info (332119):     Slack       End Point TNS Clock 
    Info (332119): ========= =================== =====================
    Info (332119):    -2.938            -163.714 Clock:clock_v1|Time:time_v1|Counter:count_minutes|cnt[1] 
    Info (332119):    -2.837            -142.875 Clock:clock_v1|Time:time_v1|Counter:count_seconds|cnt[1] 
    Info (332119):    -2.455            -131.114 Clock:clock_v1|Time:time_v1|Counter:count_hours|cnt[1] 
    Info (332119):    -0.394            -206.677 CLOCK_50 
Info: Analyzing Fast 1100mV 85C Model
Info (334003): Started post-fitting delay annotation
Info (334004): Delay annotation completed successfully
Info (332097): The following timing edges are non-unate.  The Timing Analyzer will assume pos-unate behavior for these edges in the clock network.
    Info (332098): Cell: display|Convert_Hours|Div0|auto_generated|divider|divider|op_6~13  from: cin  to: sumout
    Info (332098): Cell: display|Convert_Hours|Div0|auto_generated|divider|divider|op_6~17  from: cin  to: sumout
    Info (332098): Cell: display|Convert_Hours|Div0|auto_generated|divider|divider|op_6~1  from: cin  to: sumout
    Info (332098): Cell: display|Convert_Hours|Div0|auto_generated|divider|divider|op_6~21  from: datac  to: sumout
    Info (332098): Cell: display|Convert_Hours|Div0|auto_generated|divider|divider|op_6~9  from: cin  to: sumout
    Info (332098): Cell: display|Convert_Hours|Mod0|auto_generated|divider|divider|StageOut[31]~1  from: datab  to: combout
    Info (332098): Cell: display|Convert_Hours|Mod0|auto_generated|divider|divider|StageOut[31]~1  from: dataf  to: combout
    Info (332098): Cell: display|Convert_Hours|Mod0|auto_generated|divider|divider|StageOut[32]~3  from: dataa  to: combout
    Info (332098): Cell: display|Convert_Hours|Mod0|auto_generated|divider|divider|StageOut[32]~3  from: datab  to: combout
    Info (332098): Cell: display|Convert_Hours|Mod0|auto_generated|divider|divider|StageOut[33]~6  from: dataa  to: combout
    Info (332098): Cell: display|Convert_Hours|Mod0|auto_generated|divider|divider|StageOut[33]~6  from: datab  to: combout
    Info (332098): Cell: display|Convert_Hours|Mod0|auto_generated|divider|divider|op_6~13  from: cin  to: sumout
    Info (332098): Cell: display|Convert_Hours|Mod0|auto_generated|divider|divider|op_6~1  from: cin  to: sumout
    Info (332098): Cell: display|Convert_Hours|Mod0|auto_generated|divider|divider|op_6~25  from: cin  to: sumout
    Info (332098): Cell: display|Convert_Hours|Mod0|auto_generated|divider|divider|op_6~5  from: dataa  to: sumout
    Info (332098): Cell: display|Convert_Hours|Mod0|auto_generated|divider|divider|op_6~9  from: cin  to: sumout
    Info (332098): Cell: display|Convert_Hours|Mod0|auto_generated|divider|divider|op_7~13  from: cin  to: sumout
    Info (332098): Cell: display|Convert_Hours|Mod0|auto_generated|divider|divider|op_7~13  from: datab  to: sumout
    Info (332098): Cell: display|Convert_Hours|Mod0|auto_generated|divider|divider|op_7~13  from: datad  to: sumout
    Info (332098): Cell: display|Convert_Hours|Mod0|auto_generated|divider|divider|op_7~17  from: cin  to: sumout
    Info (332098): Cell: display|Convert_Hours|Mod0|auto_generated|divider|divider|op_7~17  from: datab  to: sumout
    Info (332098): Cell: display|Convert_Hours|Mod0|auto_generated|divider|divider|op_7~17  from: datad  to: sumout
    Info (332098): Cell: display|Convert_Hours|Mod0|auto_generated|divider|divider|op_7~26  from: datab  to: cout
    Info (332098): Cell: display|Convert_Hours|Mod0|auto_generated|divider|divider|op_7~5  from: cin  to: sumout
    Info (332098): Cell: display|Convert_Hours|Mod0|auto_generated|divider|divider|op_7~9  from: datab  to: sumout
    Info (332098): Cell: display|Convert_Hours|Mod0|auto_generated|divider|divider|op_7~9  from: datac  to: sumout
    Info (332098): Cell: display|Convert_Hours|Mod0|auto_generated|divider|divider|op_7~9  from: datad  to: sumout
    Info (332098): Cell: display|Convert_Mins|Div0|auto_generated|divider|divider|op_6~13  from: cin  to: sumout
    Info (332098): Cell: display|Convert_Mins|Div0|auto_generated|divider|divider|op_6~17  from: cin  to: sumout
    Info (332098): Cell: display|Convert_Mins|Div0|auto_generated|divider|divider|op_6~1  from: cin  to: sumout
    Info (332098): Cell: display|Convert_Mins|Div0|auto_generated|divider|divider|op_6~21  from: dataa  to: sumout
    Info (332098): Cell: display|Convert_Mins|Div0|auto_generated|divider|divider|op_6~9  from: cin  to: sumout
    Info (332098): Cell: display|Convert_Mins|Mod0|auto_generated|divider|divider|StageOut[31]~1  from: datab  to: combout
    Info (332098): Cell: display|Convert_Mins|Mod0|auto_generated|divider|divider|StageOut[31]~1  from: dataf  to: combout
    Info (332098): Cell: display|Convert_Mins|Mod0|auto_generated|divider|divider|StageOut[32]~3  from: dataa  to: combout
    Info (332098): Cell: display|Convert_Mins|Mod0|auto_generated|divider|divider|StageOut[32]~3  from: datab  to: combout
    Info (332098): Cell: display|Convert_Mins|Mod0|auto_generated|divider|divider|StageOut[33]~6  from: dataa  to: combout
    Info (332098): Cell: display|Convert_Mins|Mod0|auto_generated|divider|divider|StageOut[33]~6  from: datab  to: combout
    Info (332098): Cell: display|Convert_Mins|Mod0|auto_generated|divider|divider|op_6~13  from: cin  to: sumout
    Info (332098): Cell: display|Convert_Mins|Mod0|auto_generated|divider|divider|op_6~1  from: cin  to: sumout
    Info (332098): Cell: display|Convert_Mins|Mod0|auto_generated|divider|divider|op_6~25  from: cin  to: sumout
    Info (332098): Cell: display|Convert_Mins|Mod0|auto_generated|divider|divider|op_6~5  from: datab  to: sumout
    Info (332098): Cell: display|Convert_Mins|Mod0|auto_generated|divider|divider|op_6~9  from: cin  to: sumout
    Info (332098): Cell: display|Convert_Mins|Mod0|auto_generated|divider|divider|op_7~13  from: cin  to: sumout
    Info (332098): Cell: display|Convert_Mins|Mod0|auto_generated|divider|divider|op_7~13  from: dataa  to: sumout
    Info (332098): Cell: display|Convert_Mins|Mod0|auto_generated|divider|divider|op_7~13  from: datad  to: sumout
    Info (332098): Cell: display|Convert_Mins|Mod0|auto_generated|divider|divider|op_7~17  from: cin  to: sumout
    Info (332098): Cell: display|Convert_Mins|Mod0|auto_generated|divider|divider|op_7~17  from: datab  to: sumout
    Info (332098): Cell: display|Convert_Mins|Mod0|auto_generated|divider|divider|op_7~17  from: datad  to: sumout
    Info (332098): Cell: display|Convert_Mins|Mod0|auto_generated|divider|divider|op_7~26  from: datab  to: cout
    Info (332098): Cell: display|Convert_Mins|Mod0|auto_generated|divider|divider|op_7~5  from: cin  to: sumout
    Info (332098): Cell: display|Convert_Mins|Mod0|auto_generated|divider|divider|op_7~9  from: dataa  to: sumout
    Info (332098): Cell: display|Convert_Mins|Mod0|auto_generated|divider|divider|op_7~9  from: datac  to: sumout
    Info (332098): Cell: display|Convert_Mins|Mod0|auto_generated|divider|divider|op_7~9  from: datad  to: sumout
    Info (332098): Cell: display|Convert_Secs|Div0|auto_generated|divider|divider|op_6~13  from: cin  to: sumout
    Info (332098): Cell: display|Convert_Secs|Div0|auto_generated|divider|divider|op_6~17  from: cin  to: sumout
    Info (332098): Cell: display|Convert_Secs|Div0|auto_generated|divider|divider|op_6~1  from: cin  to: sumout
    Info (332098): Cell: display|Convert_Secs|Div0|auto_generated|divider|divider|op_6~21  from: datac  to: sumout
    Info (332098): Cell: display|Convert_Secs|Div0|auto_generated|divider|divider|op_6~9  from: cin  to: sumout
    Info (332098): Cell: display|Convert_Secs|Mod0|auto_generated|divider|divider|StageOut[31]~1  from: datab  to: combout
    Info (332098): Cell: display|Convert_Secs|Mod0|auto_generated|divider|divider|StageOut[31]~1  from: datad  to: combout
    Info (332098): Cell: display|Convert_Secs|Mod0|auto_generated|divider|divider|StageOut[32]~3  from: dataa  to: combout
    Info (332098): Cell: display|Convert_Secs|Mod0|auto_generated|divider|divider|StageOut[32]~3  from: datab  to: combout
    Info (332098): Cell: display|Convert_Secs|Mod0|auto_generated|divider|divider|StageOut[33]~6  from: dataa  to: combout
    Info (332098): Cell: display|Convert_Secs|Mod0|auto_generated|divider|divider|StageOut[33]~6  from: datab  to: combout
    Info (332098): Cell: display|Convert_Secs|Mod0|auto_generated|divider|divider|op_6~13  from: cin  to: sumout
    Info (332098): Cell: display|Convert_Secs|Mod0|auto_generated|divider|divider|op_6~1  from: cin  to: sumout
    Info (332098): Cell: display|Convert_Secs|Mod0|auto_generated|divider|divider|op_6~25  from: cin  to: sumout
    Info (332098): Cell: display|Convert_Secs|Mod0|auto_generated|divider|divider|op_6~5  from: dataa  to: sumout
    Info (332098): Cell: display|Convert_Secs|Mod0|auto_generated|divider|divider|op_6~9  from: cin  to: sumout
    Info (332098): Cell: display|Convert_Secs|Mod0|auto_generated|divider|divider|op_7~13  from: cin  to: sumout
    Info (332098): Cell: display|Convert_Secs|Mod0|auto_generated|divider|divider|op_7~13  from: datab  to: sumout
    Info (332098): Cell: display|Convert_Secs|Mod0|auto_generated|divider|divider|op_7~13  from: datad  to: sumout
    Info (332098): Cell: display|Convert_Secs|Mod0|auto_generated|divider|divider|op_7~17  from: cin  to: sumout
    Info (332098): Cell: display|Convert_Secs|Mod0|auto_generated|divider|divider|op_7~17  from: datab  to: sumout
    Info (332098): Cell: display|Convert_Secs|Mod0|auto_generated|divider|divider|op_7~17  from: datad  to: sumout
    Info (332098): Cell: display|Convert_Secs|Mod0|auto_generated|divider|divider|op_7~26  from: datab  to: cout
    Info (332098): Cell: display|Convert_Secs|Mod0|auto_generated|divider|divider|op_7~5  from: cin  to: sumout
    Info (332098): Cell: display|Convert_Secs|Mod0|auto_generated|divider|divider|op_7~9  from: datab  to: sumout
    Info (332098): Cell: display|Convert_Secs|Mod0|auto_generated|divider|divider|op_7~9  from: datac  to: sumout
    Info (332098): Cell: display|Convert_Secs|Mod0|auto_generated|divider|divider|op_7~9  from: datad  to: sumout
Info (332123): Deriving Clock Uncertainty. Please refer to report_sdc in the Timing Analyzer to see clock uncertainties.
Critical Warning (332148): Timing requirements not met
    Info (11105): For recommendations on closing timing, run Report Timing Closure Recommendations in the Timing Analyzer.
Info (332146): Worst-case setup slack is -9.917
    Info (332119):     Slack       End Point TNS Clock 
    Info (332119): ========= =================== =====================
    Info (332119):    -9.917            -108.996 Clock:clock_v1|Time:time_v1|Counter:count_minutes|cnt[1] 
    Info (332119):    -8.200             -98.232 Clock:clock_v1|Time:time_v1|Counter:count_hours|cnt[1] 
    Info (332119):    -7.755             -98.467 Clock:clock_v1|Time:time_v1|Counter:count_seconds|cnt[1] 
    Info (332119):    -3.603            -496.845 CLOCK_50 
Info (332146): Worst-case hold slack is -1.987
    Info (332119):     Slack       End Point TNS Clock 
    Info (332119): ========= =================== =====================
    Info (332119):    -1.987             -11.107 Clock:clock_v1|Time:time_v1|Counter:count_hours|cnt[1] 
    Info (332119):    -1.778             -11.308 Clock:clock_v1|Time:time_v1|Counter:count_seconds|cnt[1] 
    Info (332119):    -1.774              -8.593 Clock:clock_v1|Time:time_v1|Counter:count_minutes|cnt[1] 
    Info (332119):    -1.632             -11.621 CLOCK_50 
Info (332146): Worst-case recovery slack is -4.823
    Info (332119):     Slack       End Point TNS Clock 
    Info (332119): ========= =================== =====================
    Info (332119):    -4.823             -63.572 Clock:clock_v1|Time:time_v1|Counter:count_minutes|cnt[1] 
    Info (332119):    -4.790             -63.573 Clock:clock_v1|Time:time_v1|Counter:count_seconds|cnt[1] 
    Info (332119):    -4.775             -63.039 Clock:clock_v1|Time:time_v1|Counter:count_hours|cnt[1] 
Info (332146): Worst-case removal slack is 0.339
    Info (332119):     Slack       End Point TNS Clock 
    Info (332119): ========= =================== =====================
    Info (332119):     0.339               0.000 Clock:clock_v1|Time:time_v1|Counter:count_hours|cnt[1] 
    Info (332119):     0.348               0.000 Clock:clock_v1|Time:time_v1|Counter:count_seconds|cnt[1] 
    Info (332119):     0.365               0.000 Clock:clock_v1|Time:time_v1|Counter:count_minutes|cnt[1] 
Info (332146): Worst-case minimum pulse width slack is -1.078
    Info (332119):     Slack       End Point TNS Clock 
    Info (332119): ========= =================== =====================
    Info (332119):    -1.078             -54.916 Clock:clock_v1|Time:time_v1|Counter:count_minutes|cnt[1] 
    Info (332119):    -0.896             -34.809 Clock:clock_v1|Time:time_v1|Counter:count_hours|cnt[1] 
    Info (332119):    -0.853             -36.595 Clock:clock_v1|Time:time_v1|Counter:count_seconds|cnt[1] 
    Info (332119):    -0.093             -30.724 CLOCK_50 
Info: Analyzing Fast 1100mV 0C Model
Info (332097): The following timing edges are non-unate.  The Timing Analyzer will assume pos-unate behavior for these edges in the clock network.
    Info (332098): Cell: display|Convert_Hours|Div0|auto_generated|divider|divider|op_6~13  from: cin  to: sumout
    Info (332098): Cell: display|Convert_Hours|Div0|auto_generated|divider|divider|op_6~17  from: cin  to: sumout
    Info (332098): Cell: display|Convert_Hours|Div0|auto_generated|divider|divider|op_6~1  from: cin  to: sumout
    Info (332098): Cell: display|Convert_Hours|Div0|auto_generated|divider|divider|op_6~21  from: datac  to: sumout
    Info (332098): Cell: display|Convert_Hours|Div0|auto_generated|divider|divider|op_6~9  from: cin  to: sumout
    Info (332098): Cell: display|Convert_Hours|Mod0|auto_generated|divider|divider|StageOut[31]~1  from: datab  to: combout
    Info (332098): Cell: display|Convert_Hours|Mod0|auto_generated|divider|divider|StageOut[31]~1  from: dataf  to: combout
    Info (332098): Cell: display|Convert_Hours|Mod0|auto_generated|divider|divider|StageOut[32]~3  from: dataa  to: combout
    Info (332098): Cell: display|Convert_Hours|Mod0|auto_generated|divider|divider|StageOut[32]~3  from: datab  to: combout
    Info (332098): Cell: display|Convert_Hours|Mod0|auto_generated|divider|divider|StageOut[33]~6  from: dataa  to: combout
    Info (332098): Cell: display|Convert_Hours|Mod0|auto_generated|divider|divider|StageOut[33]~6  from: datab  to: combout
    Info (332098): Cell: display|Convert_Hours|Mod0|auto_generated|divider|divider|op_6~13  from: cin  to: sumout
    Info (332098): Cell: display|Convert_Hours|Mod0|auto_generated|divider|divider|op_6~1  from: cin  to: sumout
    Info (332098): Cell: display|Convert_Hours|Mod0|auto_generated|divider|divider|op_6~25  from: cin  to: sumout
    Info (332098): Cell: display|Convert_Hours|Mod0|auto_generated|divider|divider|op_6~5  from: dataa  to: sumout
    Info (332098): Cell: display|Convert_Hours|Mod0|auto_generated|divider|divider|op_6~9  from: cin  to: sumout
    Info (332098): Cell: display|Convert_Hours|Mod0|auto_generated|divider|divider|op_7~13  from: cin  to: sumout
    Info (332098): Cell: display|Convert_Hours|Mod0|auto_generated|divider|divider|op_7~13  from: datab  to: sumout
    Info (332098): Cell: display|Convert_Hours|Mod0|auto_generated|divider|divider|op_7~13  from: datad  to: sumout
    Info (332098): Cell: display|Convert_Hours|Mod0|auto_generated|divider|divider|op_7~17  from: cin  to: sumout
    Info (332098): Cell: display|Convert_Hours|Mod0|auto_generated|divider|divider|op_7~17  from: datab  to: sumout
    Info (332098): Cell: display|Convert_Hours|Mod0|auto_generated|divider|divider|op_7~17  from: datad  to: sumout
    Info (332098): Cell: display|Convert_Hours|Mod0|auto_generated|divider|divider|op_7~26  from: datab  to: cout
    Info (332098): Cell: display|Convert_Hours|Mod0|auto_generated|divider|divider|op_7~5  from: cin  to: sumout
    Info (332098): Cell: display|Convert_Hours|Mod0|auto_generated|divider|divider|op_7~9  from: datab  to: sumout
    Info (332098): Cell: display|Convert_Hours|Mod0|auto_generated|divider|divider|op_7~9  from: datac  to: sumout
    Info (332098): Cell: display|Convert_Hours|Mod0|auto_generated|divider|divider|op_7~9  from: datad  to: sumout
    Info (332098): Cell: display|Convert_Mins|Div0|auto_generated|divider|divider|op_6~13  from: cin  to: sumout
    Info (332098): Cell: display|Convert_Mins|Div0|auto_generated|divider|divider|op_6~17  from: cin  to: sumout
    Info (332098): Cell: display|Convert_Mins|Div0|auto_generated|divider|divider|op_6~1  from: cin  to: sumout
    Info (332098): Cell: display|Convert_Mins|Div0|auto_generated|divider|divider|op_6~21  from: dataa  to: sumout
    Info (332098): Cell: display|Convert_Mins|Div0|auto_generated|divider|divider|op_6~9  from: cin  to: sumout
    Info (332098): Cell: display|Convert_Mins|Mod0|auto_generated|divider|divider|StageOut[31]~1  from: datab  to: combout
    Info (332098): Cell: display|Convert_Mins|Mod0|auto_generated|divider|divider|StageOut[31]~1  from: dataf  to: combout
    Info (332098): Cell: display|Convert_Mins|Mod0|auto_generated|divider|divider|StageOut[32]~3  from: dataa  to: combout
    Info (332098): Cell: display|Convert_Mins|Mod0|auto_generated|divider|divider|StageOut[32]~3  from: datab  to: combout
    Info (332098): Cell: display|Convert_Mins|Mod0|auto_generated|divider|divider|StageOut[33]~6  from: dataa  to: combout
    Info (332098): Cell: display|Convert_Mins|Mod0|auto_generated|divider|divider|StageOut[33]~6  from: datab  to: combout
    Info (332098): Cell: display|Convert_Mins|Mod0|auto_generated|divider|divider|op_6~13  from: cin  to: sumout
    Info (332098): Cell: display|Convert_Mins|Mod0|auto_generated|divider|divider|op_6~1  from: cin  to: sumout
    Info (332098): Cell: display|Convert_Mins|Mod0|auto_generated|divider|divider|op_6~25  from: cin  to: sumout
    Info (332098): Cell: display|Convert_Mins|Mod0|auto_generated|divider|divider|op_6~5  from: datab  to: sumout
    Info (332098): Cell: display|Convert_Mins|Mod0|auto_generated|divider|divider|op_6~9  from: cin  to: sumout
    Info (332098): Cell: display|Convert_Mins|Mod0|auto_generated|divider|divider|op_7~13  from: cin  to: sumout
    Info (332098): Cell: display|Convert_Mins|Mod0|auto_generated|divider|divider|op_7~13  from: dataa  to: sumout
    Info (332098): Cell: display|Convert_Mins|Mod0|auto_generated|divider|divider|op_7~13  from: datad  to: sumout
    Info (332098): Cell: display|Convert_Mins|Mod0|auto_generated|divider|divider|op_7~17  from: cin  to: sumout
    Info (332098): Cell: display|Convert_Mins|Mod0|auto_generated|divider|divider|op_7~17  from: datab  to: sumout
    Info (332098): Cell: display|Convert_Mins|Mod0|auto_generated|divider|divider|op_7~17  from: datad  to: sumout
    Info (332098): Cell: display|Convert_Mins|Mod0|auto_generated|divider|divider|op_7~26  from: datab  to: cout
    Info (332098): Cell: display|Convert_Mins|Mod0|auto_generated|divider|divider|op_7~5  from: cin  to: sumout
    Info (332098): Cell: display|Convert_Mins|Mod0|auto_generated|divider|divider|op_7~9  from: dataa  to: sumout
    Info (332098): Cell: display|Convert_Mins|Mod0|auto_generated|divider|divider|op_7~9  from: datac  to: sumout
    Info (332098): Cell: display|Convert_Mins|Mod0|auto_generated|divider|divider|op_7~9  from: datad  to: sumout
    Info (332098): Cell: display|Convert_Secs|Div0|auto_generated|divider|divider|op_6~13  from: cin  to: sumout
    Info (332098): Cell: display|Convert_Secs|Div0|auto_generated|divider|divider|op_6~17  from: cin  to: sumout
    Info (332098): Cell: display|Convert_Secs|Div0|auto_generated|divider|divider|op_6~1  from: cin  to: sumout
    Info (332098): Cell: display|Convert_Secs|Div0|auto_generated|divider|divider|op_6~21  from: datac  to: sumout
    Info (332098): Cell: display|Convert_Secs|Div0|auto_generated|divider|divider|op_6~9  from: cin  to: sumout
    Info (332098): Cell: display|Convert_Secs|Mod0|auto_generated|divider|divider|StageOut[31]~1  from: datab  to: combout
    Info (332098): Cell: display|Convert_Secs|Mod0|auto_generated|divider|divider|StageOut[31]~1  from: datad  to: combout
    Info (332098): Cell: display|Convert_Secs|Mod0|auto_generated|divider|divider|StageOut[32]~3  from: dataa  to: combout
    Info (332098): Cell: display|Convert_Secs|Mod0|auto_generated|divider|divider|StageOut[32]~3  from: datab  to: combout
    Info (332098): Cell: display|Convert_Secs|Mod0|auto_generated|divider|divider|StageOut[33]~6  from: dataa  to: combout
    Info (332098): Cell: display|Convert_Secs|Mod0|auto_generated|divider|divider|StageOut[33]~6  from: datab  to: combout
    Info (332098): Cell: display|Convert_Secs|Mod0|auto_generated|divider|divider|op_6~13  from: cin  to: sumout
    Info (332098): Cell: display|Convert_Secs|Mod0|auto_generated|divider|divider|op_6~1  from: cin  to: sumout
    Info (332098): Cell: display|Convert_Secs|Mod0|auto_generated|divider|divider|op_6~25  from: cin  to: sumout
    Info (332098): Cell: display|Convert_Secs|Mod0|auto_generated|divider|divider|op_6~5  from: dataa  to: sumout
    Info (332098): Cell: display|Convert_Secs|Mod0|auto_generated|divider|divider|op_6~9  from: cin  to: sumout
    Info (332098): Cell: display|Convert_Secs|Mod0|auto_generated|divider|divider|op_7~13  from: cin  to: sumout
    Info (332098): Cell: display|Convert_Secs|Mod0|auto_generated|divider|divider|op_7~13  from: datab  to: sumout
    Info (332098): Cell: display|Convert_Secs|Mod0|auto_generated|divider|divider|op_7~13  from: datad  to: sumout
    Info (332098): Cell: display|Convert_Secs|Mod0|auto_generated|divider|divider|op_7~17  from: cin  to: sumout
    Info (332098): Cell: display|Convert_Secs|Mod0|auto_generated|divider|divider|op_7~17  from: datab  to: sumout
    Info (332098): Cell: display|Convert_Secs|Mod0|auto_generated|divider|divider|op_7~17  from: datad  to: sumout
    Info (332098): Cell: display|Convert_Secs|Mod0|auto_generated|divider|divider|op_7~26  from: datab  to: cout
    Info (332098): Cell: display|Convert_Secs|Mod0|auto_generated|divider|divider|op_7~5  from: cin  to: sumout
    Info (332098): Cell: display|Convert_Secs|Mod0|auto_generated|divider|divider|op_7~9  from: datab  to: sumout
    Info (332098): Cell: display|Convert_Secs|Mod0|auto_generated|divider|divider|op_7~9  from: datac  to: sumout
    Info (332098): Cell: display|Convert_Secs|Mod0|auto_generated|divider|divider|op_7~9  from: datad  to: sumout
Info (332123): Deriving Clock Uncertainty. Please refer to report_sdc in the Timing Analyzer to see clock uncertainties.
Critical Warning (332148): Timing requirements not met
    Info (11105): For recommendations on closing timing, run Report Timing Closure Recommendations in the Timing Analyzer.
Info (332146): Worst-case setup slack is -8.988
    Info (332119):     Slack       End Point TNS Clock 
    Info (332119): ========= =================== =====================
    Info (332119):    -8.988             -99.826 Clock:clock_v1|Time:time_v1|Counter:count_minutes|cnt[1] 
    Info (332119):    -7.481             -90.229 Clock:clock_v1|Time:time_v1|Counter:count_hours|cnt[1] 
    Info (332119):    -7.124             -90.983 Clock:clock_v1|Time:time_v1|Counter:count_seconds|cnt[1] 
    Info (332119):    -3.124            -419.303 CLOCK_50 
Info (332146): Worst-case hold slack is -1.901
    Info (332119):     Slack       End Point TNS Clock 
    Info (332119): ========= =================== =====================
    Info (332119):    -1.901             -10.710 Clock:clock_v1|Time:time_v1|Counter:count_hours|cnt[1] 
    Info (332119):    -1.710             -11.048 Clock:clock_v1|Time:time_v1|Counter:count_seconds|cnt[1] 
    Info (332119):    -1.695              -8.331 Clock:clock_v1|Time:time_v1|Counter:count_minutes|cnt[1] 
    Info (332119):    -1.625             -12.526 CLOCK_50 
Info (332146): Worst-case recovery slack is -4.330
    Info (332119):     Slack       End Point TNS Clock 
    Info (332119): ========= =================== =====================
    Info (332119):    -4.330             -57.099 Clock:clock_v1|Time:time_v1|Counter:count_minutes|cnt[1] 
    Info (332119):    -4.322             -56.643 Clock:clock_v1|Time:time_v1|Counter:count_hours|cnt[1] 
    Info (332119):    -4.278             -57.263 Clock:clock_v1|Time:time_v1|Counter:count_seconds|cnt[1] 
Info (332146): Worst-case removal slack is 0.290
    Info (332119):     Slack       End Point TNS Clock 
    Info (332119): ========= =================== =====================
    Info (332119):     0.290               0.000 Clock:clock_v1|Time:time_v1|Counter:count_hours|cnt[1] 
    Info (332119):     0.312               0.000 Clock:clock_v1|Time:time_v1|Counter:count_seconds|cnt[1] 
    Info (332119):     0.324               0.000 Clock:clock_v1|Time:time_v1|Counter:count_minutes|cnt[1] 
Info (332146): Worst-case minimum pulse width slack is -0.985
    Info (332119):     Slack       End Point TNS Clock 
    Info (332119): ========= =================== =====================
    Info (332119):    -0.985             -50.294 Clock:clock_v1|Time:time_v1|Counter:count_minutes|cnt[1] 
    Info (332119):    -0.786             -33.706 Clock:clock_v1|Time:time_v1|Counter:count_seconds|cnt[1] 
    Info (332119):    -0.759             -31.374 Clock:clock_v1|Time:time_v1|Counter:count_hours|cnt[1] 
    Info (332119):    -0.089             -30.468 CLOCK_50 
Info (332102): Design is not fully constrained for setup requirements
Info (332102): Design is not fully constrained for hold requirements
Info: Quartus Prime Timing Analyzer was successful. 0 errors, 7 warnings
    Info: Peak virtual memory: 5296 megabytes
    Info: Processing ended: Tue May 21 16:06:48 2024
    Info: Elapsed time: 00:00:03
    Info: Total CPU time (on all processors): 00:00:02


