Analysis & Synthesis report for Final_Clock_Project
Tue May 21 16:04:14 2024
Quartus Prime Version 22.1std.0 Build 915 10/25/2022 SC Lite Edition


---------------------
; Table of Contents ;
---------------------
  1. Legal Notice
  2. Analysis & Synthesis Summary
  3. Analysis & Synthesis Settings
  4. Parallel Compilation
  5. Analysis & Synthesis Source Files Read
  6. Analysis & Synthesis Resource Usage Summary
  7. Analysis & Synthesis Resource Utilization by Entity
  8. State Machine - |Final_watch|Clock:clock_v1|ButtonControl:Button_Control_v1|Edit:mode|state
  9. State Machine - |Final_watch|mode_FSM:finite_SM|state_mode
 10. User-Specified and Inferred Latches
 11. Registers Removed During Synthesis
 12. General Register Statistics
 13. Inverted Register Statistics
 14. Multiplexer Restructuring Statistics (Restructuring Performed)
 15. Parameter Settings for User Entity Instance: Clock:clock_v1|ButtonControl:Button_Control_v1|FastAdvance:plus_button
 16. Parameter Settings for User Entity Instance: Clock:clock_v1|ButtonControl:Button_Control_v1|FastAdvance:minus_button
 17. Parameter Settings for User Entity Instance: Clock:clock_v1|FlashControl:flash_v1|Flash_LED:Flash|Counter:p
 18. Parameter Settings for User Entity Instance: Clock:clock_v1|Time:time_v1|Counter:seperate_time
 19. Parameter Settings for User Entity Instance: Clock:clock_v1|Time:time_v1|Counter:count_seconds
 20. Parameter Settings for User Entity Instance: Clock:clock_v1|Time:time_v1|Counter:count_minutes
 21. Parameter Settings for User Entity Instance: Clock:clock_v1|Time:time_v1|Counter:count_hours
 22. Parameter Settings for User Entity Instance: Stop_watch:stopwatch_v1|Counter:count_hundreds
 23. Parameter Settings for User Entity Instance: Stop_watch:stopwatch_v1|Counter:count_seconds
 24. Parameter Settings for User Entity Instance: Stop_watch:stopwatch_v1|Counter:seperate_time
 25. Parameter Settings for User Entity Instance: Stop_watch:stopwatch_v1|Counter:count_minutes
 26. Parameter Settings for User Entity Instance: Count_down_timer:count_down_time_v1|FastAdvance:plus_button_CD
 27. Parameter Settings for User Entity Instance: Count_down_timer:count_down_time_v1|Counter:seperate_time
 28. Parameter Settings for User Entity Instance: Count_down_timer:count_down_time_v1|Counter:count_seconds
 29. Parameter Settings for User Entity Instance: Count_down_timer:count_down_time_v1|Counter:count_minutes
 30. Parameter Settings for User Entity Instance: Count_down_timer:count_down_time_v1|Counter:count_hours
 31. Parameter Settings for User Entity Instance: Count_down_timer:count_down_time_v1|check_values:check1
 32. Parameter Settings for User Entity Instance: Count_down_timer:count_down_time_v1|check_values:check2
 33. Parameter Settings for User Entity Instance: Count_down_timer:count_down_time_v1|check_done:check3
 34. Parameter Settings for Inferred Entity Instance: Display:display|NumConv:Convert_Hours|lpm_divide:Div0
 35. Parameter Settings for Inferred Entity Instance: Display:display|NumConv:Convert_Hours|lpm_divide:Mod0
 36. Parameter Settings for Inferred Entity Instance: Display:display|NumConv:Convert_Mins|lpm_divide:Div0
 37. Parameter Settings for Inferred Entity Instance: Display:display|NumConv:Convert_Mins|lpm_divide:Mod0
 38. Parameter Settings for Inferred Entity Instance: Display:display|NumConv:Convert_Secs|lpm_divide:Div0
 39. Parameter Settings for Inferred Entity Instance: Display:display|NumConv:Convert_Secs|lpm_divide:Mod0
 40. Port Connectivity Checks: "DeMUX4:demultiplexer3"
 41. Port Connectivity Checks: "DeMUX4:demultiplexer2"
 42. Port Connectivity Checks: "DeMUX4:demultiplexer1"
 43. Port Connectivity Checks: "Display:display|SSeg:secs2"
 44. Port Connectivity Checks: "Display:display|SSeg:secs1"
 45. Port Connectivity Checks: "Display:display|SSeg:mins2"
 46. Port Connectivity Checks: "Display:display|SSeg:mins1"
 47. Port Connectivity Checks: "Display:display|SSeg:hours2"
 48. Port Connectivity Checks: "Display:display|SSeg:hours1"
 49. Port Connectivity Checks: "Multiplexer:multiplexer_v1"
 50. Port Connectivity Checks: "Count_down_timer:count_down_time_v1|check_done:check3"
 51. Port Connectivity Checks: "Count_down_timer:count_down_time_v1|check_values:check2"
 52. Port Connectivity Checks: "Count_down_timer:count_down_time_v1|check_values:check1"
 53. Port Connectivity Checks: "Count_down_timer:count_down_time_v1|Counter:count_hours"
 54. Port Connectivity Checks: "Count_down_timer:count_down_time_v1|Counter:count_minutes"
 55. Port Connectivity Checks: "Count_down_timer:count_down_time_v1|Counter:count_seconds"
 56. Port Connectivity Checks: "Count_down_timer:count_down_time_v1|Counter:seperate_time"
 57. Port Connectivity Checks: "Stop_watch:stopwatch_v1|Counter:count_minutes"
 58. Port Connectivity Checks: "Stop_watch:stopwatch_v1|Counter:seperate_time"
 59. Port Connectivity Checks: "Stop_watch:stopwatch_v1|Counter:count_seconds"
 60. Port Connectivity Checks: "Stop_watch:stopwatch_v1|Counter:count_hundreds"
 61. Port Connectivity Checks: "Clock:clock_v1|Time:time_v1|Counter:count_hours"
 62. Port Connectivity Checks: "Clock:clock_v1|Time:time_v1|Counter:count_minutes"
 63. Port Connectivity Checks: "Clock:clock_v1|Time:time_v1|Counter:count_seconds"
 64. Port Connectivity Checks: "Clock:clock_v1|Time:time_v1|Counter:seperate_time"
 65. Port Connectivity Checks: "Clock:clock_v1|Time:time_v1"
 66. Port Connectivity Checks: "Clock:clock_v1|FlashControl:flash_v1|Flash_LED:Flash|Counter:p"
 67. Port Connectivity Checks: "Clock:clock_v1|ButtonControl:Button_Control_v1|Edit:mode|RisingEdge:Rising"
 68. Port Connectivity Checks: "Clock:clock_v1|ButtonControl:Button_Control_v1|Edit:mode|Hold_OneSec:Holding"
 69. Port Connectivity Checks: "Clock:clock_v1|ButtonControl:Button_Control_v1|Edit:mode"
 70. Port Connectivity Checks: "Clock:clock_v1"
 71. Post-Synthesis Netlist Statistics for Top Partition
 72. Elapsed Time Per Partition
 73. Analysis & Synthesis Messages



----------------
; Legal Notice ;
----------------
Copyright (C) 2022  Intel Corporation. All rights reserved.
Your use of Intel Corporation's design tools, logic functions 
and other software and tools, and any partner logic 
functions, and any output files from any of the foregoing 
(including device programming or simulation files), and any 
associated documentation or information are expressly subject 
to the terms and conditions of the Intel Program License 
Subscription Agreement, the Intel Quartus Prime License Agreement,
the Intel FPGA IP License Agreement, or other applicable license
agreement, including, without limitation, that your use is for
the sole purpose of programming logic devices manufactured by
Intel and sold by Intel or its authorized distributors.  Please
refer to the applicable agreement for further details, at
https://fpgasoftware.intel.com/eula.



+----------------------------------------------------------------------------------+
; Analysis & Synthesis Summary                                                     ;
+---------------------------------+------------------------------------------------+
; Analysis & Synthesis Status     ; Successful - Tue May 21 16:04:14 2024          ;
; Quartus Prime Version           ; 22.1std.0 Build 915 10/25/2022 SC Lite Edition ;
; Revision Name                   ; Final_Clock_Project                            ;
; Top-level Entity Name           ; Final_watch                                    ;
; Family                          ; Cyclone V                                      ;
; Logic utilization (in ALMs)     ; N/A                                            ;
; Total registers                 ; 351                                            ;
; Total pins                      ; 59                                             ;
; Total virtual pins              ; 0                                              ;
; Total block memory bits         ; 0                                              ;
; Total DSP Blocks                ; 0                                              ;
; Total HSSI RX PCSs              ; 0                                              ;
; Total HSSI PMA RX Deserializers ; 0                                              ;
; Total HSSI TX PCSs              ; 0                                              ;
; Total HSSI PMA TX Serializers   ; 0                                              ;
; Total PLLs                      ; 0                                              ;
; Total DLLs                      ; 0                                              ;
+---------------------------------+------------------------------------------------+


+----------------------------------------------------------------------------------------------------------------------------+
; Analysis & Synthesis Settings                                                                                              ;
+---------------------------------------------------------------------------------+--------------------+---------------------+
; Option                                                                          ; Setting            ; Default Value       ;
+---------------------------------------------------------------------------------+--------------------+---------------------+
; Device                                                                          ; 5CSEMA5F31C6       ;                     ;
; Top-level entity name                                                           ; Final_watch        ; Final_Clock_Project ;
; Family name                                                                     ; Cyclone V          ; Cyclone V           ;
; Use smart compilation                                                           ; Off                ; Off                 ;
; Enable parallel Assembler and Timing Analyzer during compilation                ; On                 ; On                  ;
; Enable compact report table                                                     ; Off                ; Off                 ;
; Restructure Multiplexers                                                        ; Auto               ; Auto                ;
; MLAB Add Timing Constraints For Mixed-Port Feed-Through Mode Setting Don't Care ; Off                ; Off                 ;
; Create Debugging Nodes for IP Cores                                             ; Off                ; Off                 ;
; Preserve fewer node names                                                       ; On                 ; On                  ;
; Intel FPGA IP Evaluation Mode                                                   ; Enable             ; Enable              ;
; Verilog Version                                                                 ; Verilog_2001       ; Verilog_2001        ;
; VHDL Version                                                                    ; VHDL_1993          ; VHDL_1993           ;
; State Machine Processing                                                        ; Auto               ; Auto                ;
; Safe State Machine                                                              ; Off                ; Off                 ;
; Extract Verilog State Machines                                                  ; On                 ; On                  ;
; Extract VHDL State Machines                                                     ; On                 ; On                  ;
; Ignore Verilog initial constructs                                               ; Off                ; Off                 ;
; Iteration limit for constant Verilog loops                                      ; 5000               ; 5000                ;
; Iteration limit for non-constant Verilog loops                                  ; 250                ; 250                 ;
; Add Pass-Through Logic to Inferred RAMs                                         ; On                 ; On                  ;
; Infer RAMs from Raw Logic                                                       ; On                 ; On                  ;
; Parallel Synthesis                                                              ; On                 ; On                  ;
; DSP Block Balancing                                                             ; Auto               ; Auto                ;
; NOT Gate Push-Back                                                              ; On                 ; On                  ;
; Power-Up Don't Care                                                             ; On                 ; On                  ;
; Remove Redundant Logic Cells                                                    ; Off                ; Off                 ;
; Remove Duplicate Registers                                                      ; On                 ; On                  ;
; Ignore CARRY Buffers                                                            ; Off                ; Off                 ;
; Ignore CASCADE Buffers                                                          ; Off                ; Off                 ;
; Ignore GLOBAL Buffers                                                           ; Off                ; Off                 ;
; Ignore ROW GLOBAL Buffers                                                       ; Off                ; Off                 ;
; Ignore LCELL Buffers                                                            ; Off                ; Off                 ;
; Ignore SOFT Buffers                                                             ; On                 ; On                  ;
; Limit AHDL Integers to 32 Bits                                                  ; Off                ; Off                 ;
; Optimization Technique                                                          ; Balanced           ; Balanced            ;
; Carry Chain Length                                                              ; 70                 ; 70                  ;
; Auto Carry Chains                                                               ; On                 ; On                  ;
; Auto Open-Drain Pins                                                            ; On                 ; On                  ;
; Perform WYSIWYG Primitive Resynthesis                                           ; Off                ; Off                 ;
; Auto ROM Replacement                                                            ; On                 ; On                  ;
; Auto RAM Replacement                                                            ; On                 ; On                  ;
; Auto DSP Block Replacement                                                      ; On                 ; On                  ;
; Auto Shift Register Replacement                                                 ; Auto               ; Auto                ;
; Allow Shift Register Merging across Hierarchies                                 ; Auto               ; Auto                ;
; Auto Clock Enable Replacement                                                   ; On                 ; On                  ;
; Strict RAM Replacement                                                          ; Off                ; Off                 ;
; Allow Synchronous Control Signals                                               ; On                 ; On                  ;
; Force Use of Synchronous Clear Signals                                          ; Off                ; Off                 ;
; Auto Resource Sharing                                                           ; Off                ; Off                 ;
; Allow Any RAM Size For Recognition                                              ; Off                ; Off                 ;
; Allow Any ROM Size For Recognition                                              ; Off                ; Off                 ;
; Allow Any Shift Register Size For Recognition                                   ; Off                ; Off                 ;
; Use LogicLock Constraints during Resource Balancing                             ; On                 ; On                  ;
; Ignore translate_off and synthesis_off directives                               ; Off                ; Off                 ;
; Timing-Driven Synthesis                                                         ; On                 ; On                  ;
; Report Parameter Settings                                                       ; On                 ; On                  ;
; Report Source Assignments                                                       ; On                 ; On                  ;
; Report Connectivity Checks                                                      ; On                 ; On                  ;
; Ignore Maximum Fan-Out Assignments                                              ; Off                ; Off                 ;
; Synchronization Register Chain Length                                           ; 3                  ; 3                   ;
; Power Optimization During Synthesis                                             ; Normal compilation ; Normal compilation  ;
; HDL message level                                                               ; Level2             ; Level2              ;
; Suppress Register Optimization Related Messages                                 ; Off                ; Off                 ;
; Number of Removed Registers Reported in Synthesis Report                        ; 5000               ; 5000                ;
; Number of Swept Nodes Reported in Synthesis Report                              ; 5000               ; 5000                ;
; Number of Inverted Registers Reported in Synthesis Report                       ; 100                ; 100                 ;
; Clock MUX Protection                                                            ; On                 ; On                  ;
; Auto Gated Clock Conversion                                                     ; Off                ; Off                 ;
; Block Design Naming                                                             ; Auto               ; Auto                ;
; SDC constraint protection                                                       ; Off                ; Off                 ;
; Synthesis Effort                                                                ; Auto               ; Auto                ;
; Shift Register Replacement - Allow Asynchronous Clear Signal                    ; On                 ; On                  ;
; Pre-Mapping Resynthesis Optimization                                            ; Off                ; Off                 ;
; Analysis & Synthesis Message Level                                              ; Medium             ; Medium              ;
; Disable Register Merging Across Hierarchies                                     ; Auto               ; Auto                ;
; Resource Aware Inference For Block RAM                                          ; On                 ; On                  ;
; Automatic Parallel Synthesis                                                    ; On                 ; On                  ;
; Partial Reconfiguration Bitstream ID                                            ; Off                ; Off                 ;
+---------------------------------------------------------------------------------+--------------------+---------------------+


+------------------------------------------+
; Parallel Compilation                     ;
+----------------------------+-------------+
; Processors                 ; Number      ;
+----------------------------+-------------+
; Number detected on machine ; 20          ;
; Maximum allowed            ; 14          ;
;                            ;             ;
; Average used               ; 1.00        ;
; Maximum used               ; 14          ;
;                            ;             ;
; Usage by Processor         ; % Time Used ;
;     Processor 1            ; 100.0%      ;
;     Processor 2            ;   0.0%      ;
;     Processor 3            ;   0.0%      ;
;     Processor 4            ;   0.0%      ;
;     Processor 5            ;   0.0%      ;
;     Processor 6            ;   0.0%      ;
;     Processors 7-14        ;   0.0%      ;
+----------------------------+-------------+


+------------------------------------------------------------------------------------------------------------------------------------------------------------------------------------------------+
; Analysis & Synthesis Source Files Read                                                                                                                                                         ;
+----------------------------------+-----------------+------------------------------+--------------------------------------------------------------------------------------------------+---------+
; File Name with User-Entered Path ; Used in Netlist ; File Type                    ; File Name with Absolute Path                                                                     ; Library ;
+----------------------------------+-----------------+------------------------------+--------------------------------------------------------------------------------------------------+---------+
; CDT.v                            ; yes             ; User Verilog HDL File        ; C:/Users/james/OneDrive/Documents/Quartus/Final_Project_1080595_Clock/CDT.v                      ;         ;
; Button_Control.v                 ; yes             ; User Verilog HDL File        ; C:/Users/james/OneDrive/Documents/Quartus/Final_Project_1080595_Clock/Button_Control.v           ;         ;
; Hold_One_Sec.v                   ; yes             ; User Verilog HDL File        ; C:/Users/james/OneDrive/Documents/Quartus/Final_Project_1080595_Clock/Hold_One_Sec.v             ;         ;
; MultiPlexer.v                    ; yes             ; User Verilog HDL File        ; C:/Users/james/OneDrive/Documents/Quartus/Final_Project_1080595_Clock/MultiPlexer.v              ;         ;
; RisingEdge.v                     ; yes             ; User Verilog HDL File        ; C:/Users/james/OneDrive/Documents/Quartus/Final_Project_1080595_Clock/RisingEdge.v               ;         ;
; FlashControl.v                   ; yes             ; User Verilog HDL File        ; C:/Users/james/OneDrive/Documents/Quartus/Final_Project_1080595_Clock/FlashControl.v             ;         ;
; Time.v                           ; yes             ; User Verilog HDL File        ; C:/Users/james/OneDrive/Documents/Quartus/Final_Project_1080595_Clock/Time.v                     ;         ;
; NumConv.v                        ; yes             ; User Verilog HDL File        ; C:/Users/james/OneDrive/Documents/Quartus/Final_Project_1080595_Clock/NumConv.v                  ;         ;
; SSEG.v                           ; yes             ; User Verilog HDL File        ; C:/Users/james/OneDrive/Documents/Quartus/Final_Project_1080595_Clock/SSEG.v                     ;         ;
; Stop_watch.v                     ; yes             ; User Verilog HDL File        ; C:/Users/james/OneDrive/Documents/Quartus/Final_Project_1080595_Clock/Stop_watch.v               ;         ;
; Final_Watch.v                    ; yes             ; User Verilog HDL File        ; C:/Users/james/OneDrive/Documents/Quartus/Final_Project_1080595_Clock/Final_Watch.v              ;         ;
; Fast_Advance.v                   ; yes             ; User Verilog HDL File        ; C:/Users/james/OneDrive/Documents/Quartus/Final_Project_1080595_Clock/Fast_Advance.v             ;         ;
; Display.v                        ; yes             ; User Verilog HDL File        ; C:/Users/james/OneDrive/Documents/Quartus/Final_Project_1080595_Clock/Display.v                  ;         ;
; Edit.v                           ; yes             ; User Verilog HDL File        ; C:/Users/james/OneDrive/Documents/Quartus/Final_Project_1080595_Clock/Edit.v                     ;         ;
; DeMultiplexer.v                  ; yes             ; User Verilog HDL File        ; C:/Users/james/OneDrive/Documents/Quartus/Final_Project_1080595_Clock/DeMultiplexer.v            ;         ;
; Counter.v                        ; yes             ; User Verilog HDL File        ; C:/Users/james/OneDrive/Documents/Quartus/Final_Project_1080595_Clock/Counter.v                  ;         ;
; Clock.v                          ; yes             ; User Verilog HDL File        ; C:/Users/james/OneDrive/Documents/Quartus/Final_Project_1080595_Clock/Clock.v                    ;         ;
; check_values.v                   ; yes             ; User Verilog HDL File        ; C:/Users/james/OneDrive/Documents/Quartus/Final_Project_1080595_Clock/check_values.v             ;         ;
; check_finished.v                 ; yes             ; User Verilog HDL File        ; C:/Users/james/OneDrive/Documents/Quartus/Final_Project_1080595_Clock/check_finished.v           ;         ;
; mode_FSM.v                       ; yes             ; User Verilog HDL File        ; C:/Users/james/OneDrive/Documents/Quartus/Final_Project_1080595_Clock/mode_FSM.v                 ;         ;
; Flash_LED.v                      ; yes             ; User Verilog HDL File        ; C:/Users/james/OneDrive/Documents/Quartus/Final_Project_1080595_Clock/Flash_LED.v                ;         ;
; lpm_divide.tdf                   ; yes             ; Megafunction                 ; c:/intelfpga_lite/22.1std/quartus/libraries/megafunctions/lpm_divide.tdf                         ;         ;
; abs_divider.inc                  ; yes             ; Megafunction                 ; c:/intelfpga_lite/22.1std/quartus/libraries/megafunctions/abs_divider.inc                        ;         ;
; sign_div_unsign.inc              ; yes             ; Megafunction                 ; c:/intelfpga_lite/22.1std/quartus/libraries/megafunctions/sign_div_unsign.inc                    ;         ;
; aglobal221.inc                   ; yes             ; Megafunction                 ; c:/intelfpga_lite/22.1std/quartus/libraries/megafunctions/aglobal221.inc                         ;         ;
; db/lpm_divide_4am.tdf            ; yes             ; Auto-Generated Megafunction  ; C:/Users/james/OneDrive/Documents/Quartus/Final_Project_1080595_Clock/db/lpm_divide_4am.tdf      ;         ;
; db/sign_div_unsign_akh.tdf       ; yes             ; Auto-Generated Megafunction  ; C:/Users/james/OneDrive/Documents/Quartus/Final_Project_1080595_Clock/db/sign_div_unsign_akh.tdf ;         ;
; db/alt_u_div_qse.tdf             ; yes             ; Auto-Generated Megafunction  ; C:/Users/james/OneDrive/Documents/Quartus/Final_Project_1080595_Clock/db/alt_u_div_qse.tdf       ;         ;
; db/lpm_divide_72m.tdf            ; yes             ; Auto-Generated Megafunction  ; C:/Users/james/OneDrive/Documents/Quartus/Final_Project_1080595_Clock/db/lpm_divide_72m.tdf      ;         ;
+----------------------------------+-----------------+------------------------------+--------------------------------------------------------------------------------------------------+---------+


+--------------------------------------------------------------+
; Analysis & Synthesis Resource Usage Summary                  ;
+---------------------------------------------+----------------+
; Resource                                    ; Usage          ;
+---------------------------------------------+----------------+
; Estimate of Logic utilization (ALMs needed) ; 562            ;
;                                             ;                ;
; Combinational ALUT usage for logic          ; 1040           ;
;     -- 7 input functions                    ; 1              ;
;     -- 6 input functions                    ; 80             ;
;     -- 5 input functions                    ; 220            ;
;     -- 4 input functions                    ; 177            ;
;     -- <=3 input functions                  ; 562            ;
;                                             ;                ;
; Dedicated logic registers                   ; 351            ;
;                                             ;                ;
; I/O pins                                    ; 59             ;
;                                             ;                ;
; Total DSP Blocks                            ; 0              ;
;                                             ;                ;
; Maximum fan-out node                        ; CLOCK_50~input ;
; Maximum fan-out                             ; 351            ;
; Total fan-out                               ; 4664           ;
; Average fan-out                             ; 3.09           ;
+---------------------------------------------+----------------+


+-------------------------------------------------------------------------------------------------------------------------------------------------------------------------------------------------------------------------------------------------------------------------------------------------------------------------------------------------+
; Analysis & Synthesis Resource Utilization by Entity                                                                                                                                                                                                                                                                                             ;
+----------------------------------------------+---------------------+---------------------------+-------------------+------------+------+--------------+----------------------------------------------------------------------------------------------------------------------------------------------------+---------------------+--------------+
; Compilation Hierarchy Node                   ; Combinational ALUTs ; Dedicated Logic Registers ; Block Memory Bits ; DSP Blocks ; Pins ; Virtual Pins ; Full Hierarchy Name                                                                                                                                ; Entity Name         ; Library Name ;
+----------------------------------------------+---------------------+---------------------------+-------------------+------------+------+--------------+----------------------------------------------------------------------------------------------------------------------------------------------------+---------------------+--------------+
; |Final_watch                                 ; 1040 (1)            ; 351 (0)                   ; 0                 ; 0          ; 59   ; 0            ; |Final_watch                                                                                                                                       ; Final_watch         ; work         ;
;    |Clock:clock_v1|                          ; 371 (0)             ; 195 (0)                   ; 0                 ; 0          ; 0    ; 0            ; |Final_watch|Clock:clock_v1                                                                                                                        ; Clock               ; work         ;
;       |ButtonControl:Button_Control_v1|      ; 271 (0)             ; 127 (0)                   ; 0                 ; 0          ; 0    ; 0            ; |Final_watch|Clock:clock_v1|ButtonControl:Button_Control_v1                                                                                        ; ButtonControl       ; work         ;
;          |Edit:mode|                         ; 35 (2)              ; 31 (4)                    ; 0                 ; 0          ; 0    ; 0            ; |Final_watch|Clock:clock_v1|ButtonControl:Button_Control_v1|Edit:mode                                                                              ; Edit                ; work         ;
;             |Hold_OneSec:Holding|            ; 32 (32)             ; 26 (26)                   ; 0                 ; 0          ; 0    ; 0            ; |Final_watch|Clock:clock_v1|ButtonControl:Button_Control_v1|Edit:mode|Hold_OneSec:Holding                                                          ; Hold_OneSec         ; work         ;
;             |RisingEdge:Rising|              ; 1 (1)               ; 1 (1)                     ; 0                 ; 0          ; 0    ; 0            ; |Final_watch|Clock:clock_v1|ButtonControl:Button_Control_v1|Edit:mode|RisingEdge:Rising                                                            ; RisingEdge          ; work         ;
;          |FastAdvance:minus_button|          ; 117 (117)           ; 48 (48)                   ; 0                 ; 0          ; 0    ; 0            ; |Final_watch|Clock:clock_v1|ButtonControl:Button_Control_v1|FastAdvance:minus_button                                                               ; FastAdvance         ; work         ;
;          |FastAdvance:plus_button|           ; 119 (119)           ; 48 (48)                   ; 0                 ; 0          ; 0    ; 0            ; |Final_watch|Clock:clock_v1|ButtonControl:Button_Control_v1|FastAdvance:plus_button                                                                ; FastAdvance         ; work         ;
;       |FlashControl:flash_v1|                ; 35 (1)              ; 25 (0)                    ; 0                 ; 0          ; 0    ; 0            ; |Final_watch|Clock:clock_v1|FlashControl:flash_v1                                                                                                  ; FlashControl        ; work         ;
;          |Flash_LED:Flash|                   ; 34 (4)              ; 25 (0)                    ; 0                 ; 0          ; 0    ; 0            ; |Final_watch|Clock:clock_v1|FlashControl:flash_v1|Flash_LED:Flash                                                                                  ; Flash_LED           ; work         ;
;             |Counter:p|                      ; 30 (30)             ; 25 (25)                   ; 0                 ; 0          ; 0    ; 0            ; |Final_watch|Clock:clock_v1|FlashControl:flash_v1|Flash_LED:Flash|Counter:p                                                                        ; Counter             ; work         ;
;       |Time:time_v1|                         ; 65 (11)             ; 43 (0)                    ; 0                 ; 0          ; 0    ; 0            ; |Final_watch|Clock:clock_v1|Time:time_v1                                                                                                           ; Time                ; work         ;
;          |Counter:count_hours|               ; 7 (7)               ; 5 (5)                     ; 0                 ; 0          ; 0    ; 0            ; |Final_watch|Clock:clock_v1|Time:time_v1|Counter:count_hours                                                                                       ; Counter             ; work         ;
;          |Counter:count_minutes|             ; 10 (10)             ; 6 (6)                     ; 0                 ; 0          ; 0    ; 0            ; |Final_watch|Clock:clock_v1|Time:time_v1|Counter:count_minutes                                                                                     ; Counter             ; work         ;
;          |Counter:count_seconds|             ; 11 (11)             ; 6 (6)                     ; 0                 ; 0          ; 0    ; 0            ; |Final_watch|Clock:clock_v1|Time:time_v1|Counter:count_seconds                                                                                     ; Counter             ; work         ;
;          |Counter:seperate_time|             ; 26 (26)             ; 26 (26)                   ; 0                 ; 0          ; 0    ; 0            ; |Final_watch|Clock:clock_v1|Time:time_v1|Counter:seperate_time                                                                                     ; Counter             ; work         ;
;    |Count_down_timer:count_down_time_v1|     ; 244 (9)             ; 112 (2)                   ; 0                 ; 0          ; 0    ; 0            ; |Final_watch|Count_down_timer:count_down_time_v1                                                                                                   ; Count_down_timer    ; work         ;
;       |Counter:count_hours|                  ; 12 (12)             ; 5 (5)                     ; 0                 ; 0          ; 0    ; 0            ; |Final_watch|Count_down_timer:count_down_time_v1|Counter:count_hours                                                                               ; Counter             ; work         ;
;       |Counter:count_minutes|                ; 17 (17)             ; 6 (6)                     ; 0                 ; 0          ; 0    ; 0            ; |Final_watch|Count_down_timer:count_down_time_v1|Counter:count_minutes                                                                             ; Counter             ; work         ;
;       |Counter:count_seconds|                ; 17 (17)             ; 6 (6)                     ; 0                 ; 0          ; 0    ; 0            ; |Final_watch|Count_down_timer:count_down_time_v1|Counter:count_seconds                                                                             ; Counter             ; work         ;
;       |Counter:seperate_time|                ; 53 (53)             ; 26 (26)                   ; 0                 ; 0          ; 0    ; 0            ; |Final_watch|Count_down_timer:count_down_time_v1|Counter:seperate_time                                                                             ; Counter             ; work         ;
;       |FastAdvance:plus_button_CD|           ; 117 (117)           ; 48 (48)                   ; 0                 ; 0          ; 0    ; 0            ; |Final_watch|Count_down_timer:count_down_time_v1|FastAdvance:plus_button_CD                                                                        ; FastAdvance         ; work         ;
;       |RisingEdge:stop_1|                    ; 0 (0)               ; 1 (1)                     ; 0                 ; 0          ; 0    ; 0            ; |Final_watch|Count_down_timer:count_down_time_v1|RisingEdge:stop_1                                                                                 ; RisingEdge          ; work         ;
;       |RisingEdge:stop_all_1|                ; 1 (1)               ; 1 (1)                     ; 0                 ; 0          ; 0    ; 0            ; |Final_watch|Count_down_timer:count_down_time_v1|RisingEdge:stop_all_1                                                                             ; RisingEdge          ; work         ;
;       |check_done:check3|                    ; 4 (4)               ; 6 (6)                     ; 0                 ; 0          ; 0    ; 0            ; |Final_watch|Count_down_timer:count_down_time_v1|check_done:check3                                                                                 ; check_done          ; work         ;
;       |check_values:check1|                  ; 7 (7)               ; 5 (5)                     ; 0                 ; 0          ; 0    ; 0            ; |Final_watch|Count_down_timer:count_down_time_v1|check_values:check1                                                                               ; check_values        ; work         ;
;       |check_values:check2|                  ; 7 (7)               ; 6 (6)                     ; 0                 ; 0          ; 0    ; 0            ; |Final_watch|Count_down_timer:count_down_time_v1|check_values:check2                                                                               ; check_values        ; work         ;
;    |DeMUX4:demultiplexer1|                   ; 2 (2)               ; 0 (0)                     ; 0                 ; 0          ; 0    ; 0            ; |Final_watch|DeMUX4:demultiplexer1                                                                                                                 ; DeMUX4              ; work         ;
;    |DeMUX4:demultiplexer3|                   ; 5 (5)               ; 0 (0)                     ; 0                 ; 0          ; 0    ; 0            ; |Final_watch|DeMUX4:demultiplexer3                                                                                                                 ; DeMUX4              ; work         ;
;    |Display:display|                         ; 326 (0)             ; 0 (0)                     ; 0                 ; 0          ; 0    ; 0            ; |Final_watch|Display:display                                                                                                                       ; Display             ; work         ;
;       |NumConv:Convert_Hours|                ; 78 (0)              ; 0 (0)                     ; 0                 ; 0          ; 0    ; 0            ; |Final_watch|Display:display|NumConv:Convert_Hours                                                                                                 ; NumConv             ; work         ;
;          |lpm_divide:Div0|                   ; 37 (0)              ; 0 (0)                     ; 0                 ; 0          ; 0    ; 0            ; |Final_watch|Display:display|NumConv:Convert_Hours|lpm_divide:Div0                                                                                 ; lpm_divide          ; work         ;
;             |lpm_divide_4am:auto_generated|  ; 37 (0)              ; 0 (0)                     ; 0                 ; 0          ; 0    ; 0            ; |Final_watch|Display:display|NumConv:Convert_Hours|lpm_divide:Div0|lpm_divide_4am:auto_generated                                                   ; lpm_divide_4am      ; work         ;
;                |sign_div_unsign_akh:divider| ; 37 (0)              ; 0 (0)                     ; 0                 ; 0          ; 0    ; 0            ; |Final_watch|Display:display|NumConv:Convert_Hours|lpm_divide:Div0|lpm_divide_4am:auto_generated|sign_div_unsign_akh:divider                       ; sign_div_unsign_akh ; work         ;
;                   |alt_u_div_qse:divider|    ; 37 (37)             ; 0 (0)                     ; 0                 ; 0          ; 0    ; 0            ; |Final_watch|Display:display|NumConv:Convert_Hours|lpm_divide:Div0|lpm_divide_4am:auto_generated|sign_div_unsign_akh:divider|alt_u_div_qse:divider ; alt_u_div_qse       ; work         ;
;          |lpm_divide:Mod0|                   ; 41 (0)              ; 0 (0)                     ; 0                 ; 0          ; 0    ; 0            ; |Final_watch|Display:display|NumConv:Convert_Hours|lpm_divide:Mod0                                                                                 ; lpm_divide          ; work         ;
;             |lpm_divide_72m:auto_generated|  ; 41 (0)              ; 0 (0)                     ; 0                 ; 0          ; 0    ; 0            ; |Final_watch|Display:display|NumConv:Convert_Hours|lpm_divide:Mod0|lpm_divide_72m:auto_generated                                                   ; lpm_divide_72m      ; work         ;
;                |sign_div_unsign_akh:divider| ; 41 (0)              ; 0 (0)                     ; 0                 ; 0          ; 0    ; 0            ; |Final_watch|Display:display|NumConv:Convert_Hours|lpm_divide:Mod0|lpm_divide_72m:auto_generated|sign_div_unsign_akh:divider                       ; sign_div_unsign_akh ; work         ;
;                   |alt_u_div_qse:divider|    ; 41 (41)             ; 0 (0)                     ; 0                 ; 0          ; 0    ; 0            ; |Final_watch|Display:display|NumConv:Convert_Hours|lpm_divide:Mod0|lpm_divide_72m:auto_generated|sign_div_unsign_akh:divider|alt_u_div_qse:divider ; alt_u_div_qse       ; work         ;
;       |NumConv:Convert_Mins|                 ; 78 (0)              ; 0 (0)                     ; 0                 ; 0          ; 0    ; 0            ; |Final_watch|Display:display|NumConv:Convert_Mins                                                                                                  ; NumConv             ; work         ;
;          |lpm_divide:Div0|                   ; 37 (0)              ; 0 (0)                     ; 0                 ; 0          ; 0    ; 0            ; |Final_watch|Display:display|NumConv:Convert_Mins|lpm_divide:Div0                                                                                  ; lpm_divide          ; work         ;
;             |lpm_divide_4am:auto_generated|  ; 37 (0)              ; 0 (0)                     ; 0                 ; 0          ; 0    ; 0            ; |Final_watch|Display:display|NumConv:Convert_Mins|lpm_divide:Div0|lpm_divide_4am:auto_generated                                                    ; lpm_divide_4am      ; work         ;
;                |sign_div_unsign_akh:divider| ; 37 (0)              ; 0 (0)                     ; 0                 ; 0          ; 0    ; 0            ; |Final_watch|Display:display|NumConv:Convert_Mins|lpm_divide:Div0|lpm_divide_4am:auto_generated|sign_div_unsign_akh:divider                        ; sign_div_unsign_akh ; work         ;
;                   |alt_u_div_qse:divider|    ; 37 (37)             ; 0 (0)                     ; 0                 ; 0          ; 0    ; 0            ; |Final_watch|Display:display|NumConv:Convert_Mins|lpm_divide:Div0|lpm_divide_4am:auto_generated|sign_div_unsign_akh:divider|alt_u_div_qse:divider  ; alt_u_div_qse       ; work         ;
;          |lpm_divide:Mod0|                   ; 41 (0)              ; 0 (0)                     ; 0                 ; 0          ; 0    ; 0            ; |Final_watch|Display:display|NumConv:Convert_Mins|lpm_divide:Mod0                                                                                  ; lpm_divide          ; work         ;
;             |lpm_divide_72m:auto_generated|  ; 41 (0)              ; 0 (0)                     ; 0                 ; 0          ; 0    ; 0            ; |Final_watch|Display:display|NumConv:Convert_Mins|lpm_divide:Mod0|lpm_divide_72m:auto_generated                                                    ; lpm_divide_72m      ; work         ;
;                |sign_div_unsign_akh:divider| ; 41 (0)              ; 0 (0)                     ; 0                 ; 0          ; 0    ; 0            ; |Final_watch|Display:display|NumConv:Convert_Mins|lpm_divide:Mod0|lpm_divide_72m:auto_generated|sign_div_unsign_akh:divider                        ; sign_div_unsign_akh ; work         ;
;                   |alt_u_div_qse:divider|    ; 41 (41)             ; 0 (0)                     ; 0                 ; 0          ; 0    ; 0            ; |Final_watch|Display:display|NumConv:Convert_Mins|lpm_divide:Mod0|lpm_divide_72m:auto_generated|sign_div_unsign_akh:divider|alt_u_div_qse:divider  ; alt_u_div_qse       ; work         ;
;       |NumConv:Convert_Secs|                 ; 80 (0)              ; 0 (0)                     ; 0                 ; 0          ; 0    ; 0            ; |Final_watch|Display:display|NumConv:Convert_Secs                                                                                                  ; NumConv             ; work         ;
;          |lpm_divide:Div0|                   ; 38 (0)              ; 0 (0)                     ; 0                 ; 0          ; 0    ; 0            ; |Final_watch|Display:display|NumConv:Convert_Secs|lpm_divide:Div0                                                                                  ; lpm_divide          ; work         ;
;             |lpm_divide_4am:auto_generated|  ; 38 (0)              ; 0 (0)                     ; 0                 ; 0          ; 0    ; 0            ; |Final_watch|Display:display|NumConv:Convert_Secs|lpm_divide:Div0|lpm_divide_4am:auto_generated                                                    ; lpm_divide_4am      ; work         ;
;                |sign_div_unsign_akh:divider| ; 38 (0)              ; 0 (0)                     ; 0                 ; 0          ; 0    ; 0            ; |Final_watch|Display:display|NumConv:Convert_Secs|lpm_divide:Div0|lpm_divide_4am:auto_generated|sign_div_unsign_akh:divider                        ; sign_div_unsign_akh ; work         ;
;                   |alt_u_div_qse:divider|    ; 38 (38)             ; 0 (0)                     ; 0                 ; 0          ; 0    ; 0            ; |Final_watch|Display:display|NumConv:Convert_Secs|lpm_divide:Div0|lpm_divide_4am:auto_generated|sign_div_unsign_akh:divider|alt_u_div_qse:divider  ; alt_u_div_qse       ; work         ;
;          |lpm_divide:Mod0|                   ; 42 (0)              ; 0 (0)                     ; 0                 ; 0          ; 0    ; 0            ; |Final_watch|Display:display|NumConv:Convert_Secs|lpm_divide:Mod0                                                                                  ; lpm_divide          ; work         ;
;             |lpm_divide_72m:auto_generated|  ; 42 (0)              ; 0 (0)                     ; 0                 ; 0          ; 0    ; 0            ; |Final_watch|Display:display|NumConv:Convert_Secs|lpm_divide:Mod0|lpm_divide_72m:auto_generated                                                    ; lpm_divide_72m      ; work         ;
;                |sign_div_unsign_akh:divider| ; 42 (0)              ; 0 (0)                     ; 0                 ; 0          ; 0    ; 0            ; |Final_watch|Display:display|NumConv:Convert_Secs|lpm_divide:Mod0|lpm_divide_72m:auto_generated|sign_div_unsign_akh:divider                        ; sign_div_unsign_akh ; work         ;
;                   |alt_u_div_qse:divider|    ; 42 (42)             ; 0 (0)                     ; 0                 ; 0          ; 0    ; 0            ; |Final_watch|Display:display|NumConv:Convert_Secs|lpm_divide:Mod0|lpm_divide_72m:auto_generated|sign_div_unsign_akh:divider|alt_u_div_qse:divider  ; alt_u_div_qse       ; work         ;
;       |SSeg:hours1|                          ; 15 (15)             ; 0 (0)                     ; 0                 ; 0          ; 0    ; 0            ; |Final_watch|Display:display|SSeg:hours1                                                                                                           ; SSeg                ; work         ;
;       |SSeg:hours2|                          ; 15 (15)             ; 0 (0)                     ; 0                 ; 0          ; 0    ; 0            ; |Final_watch|Display:display|SSeg:hours2                                                                                                           ; SSeg                ; work         ;
;       |SSeg:mins1|                           ; 15 (15)             ; 0 (0)                     ; 0                 ; 0          ; 0    ; 0            ; |Final_watch|Display:display|SSeg:mins1                                                                                                            ; SSeg                ; work         ;
;       |SSeg:mins2|                           ; 15 (15)             ; 0 (0)                     ; 0                 ; 0          ; 0    ; 0            ; |Final_watch|Display:display|SSeg:mins2                                                                                                            ; SSeg                ; work         ;
;       |SSeg:secs1|                           ; 15 (15)             ; 0 (0)                     ; 0                 ; 0          ; 0    ; 0            ; |Final_watch|Display:display|SSeg:secs1                                                                                                            ; SSeg                ; work         ;
;       |SSeg:secs2|                           ; 15 (15)             ; 0 (0)                     ; 0                 ; 0          ; 0    ; 0            ; |Final_watch|Display:display|SSeg:secs2                                                                                                            ; SSeg                ; work         ;
;    |Multiplexer:multiplexer_v1|              ; 31 (31)             ; 0 (0)                     ; 0                 ; 0          ; 0    ; 0            ; |Final_watch|Multiplexer:multiplexer_v1                                                                                                            ; Multiplexer         ; work         ;
;    |Stop_watch:stopwatch_v1|                 ; 56 (5)              ; 40 (1)                    ; 0                 ; 0          ; 0    ; 0            ; |Final_watch|Stop_watch:stopwatch_v1                                                                                                               ; Stop_watch          ; work         ;
;       |Counter:count_hundreds|               ; 11 (11)             ; 7 (7)                     ; 0                 ; 0          ; 0    ; 0            ; |Final_watch|Stop_watch:stopwatch_v1|Counter:count_hundreds                                                                                        ; Counter             ; work         ;
;       |Counter:count_minutes|                ; 10 (10)             ; 6 (6)                     ; 0                 ; 0          ; 0    ; 0            ; |Final_watch|Stop_watch:stopwatch_v1|Counter:count_minutes                                                                                         ; Counter             ; work         ;
;       |Counter:count_seconds|                ; 10 (10)             ; 6 (6)                     ; 0                 ; 0          ; 0    ; 0            ; |Final_watch|Stop_watch:stopwatch_v1|Counter:count_seconds                                                                                         ; Counter             ; work         ;
;       |Counter:seperate_time|                ; 20 (20)             ; 19 (19)                   ; 0                 ; 0          ; 0    ; 0            ; |Final_watch|Stop_watch:stopwatch_v1|Counter:seperate_time                                                                                         ; Counter             ; work         ;
;       |RisingEdge:state_count|               ; 0 (0)               ; 1 (1)                     ; 0                 ; 0          ; 0    ; 0            ; |Final_watch|Stop_watch:stopwatch_v1|RisingEdge:state_count                                                                                        ; RisingEdge          ; work         ;
;    |mode_FSM:finite_SM|                      ; 4 (2)               ; 4 (3)                     ; 0                 ; 0          ; 0    ; 0            ; |Final_watch|mode_FSM:finite_SM                                                                                                                    ; mode_FSM            ; work         ;
;       |RisingEdge:check|                     ; 2 (2)               ; 1 (1)                     ; 0                 ; 0          ; 0    ; 0            ; |Final_watch|mode_FSM:finite_SM|RisingEdge:check                                                                                                   ; RisingEdge          ; work         ;
+----------------------------------------------+---------------------+---------------------------+-------------------+------------+------+--------------+----------------------------------------------------------------------------------------------------------------------------------------------------+---------------------+--------------+
Note: For table entries with two numbers listed, the numbers in parentheses indicate the number of resources of the given type used by the specific entity alone. The numbers listed outside of parentheses indicate the total resources of the given type used by the specific entity and all of its sub-entities in the hierarchy.


Encoding Type:  One-Hot
+---------------------------------------------------------------------------------------------+
; State Machine - |Final_watch|Clock:clock_v1|ButtonControl:Button_Control_v1|Edit:mode|state ;
+-----------------+----------------+-----------------+-----------------+----------------------+
; Name            ; state.EDIT_HRS ; state.EDIT_MINS ; state.EDIT_SECS ; state.EDIT_NONE      ;
+-----------------+----------------+-----------------+-----------------+----------------------+
; state.EDIT_NONE ; 0              ; 0               ; 0               ; 0                    ;
; state.EDIT_SECS ; 0              ; 0               ; 1               ; 1                    ;
; state.EDIT_MINS ; 0              ; 1               ; 0               ; 1                    ;
; state.EDIT_HRS  ; 1              ; 0               ; 0               ; 1                    ;
+-----------------+----------------+-----------------+-----------------+----------------------+


Encoding Type:  One-Hot
+--------------------------------------------------------------------------------------------------------------------------+
; State Machine - |Final_watch|mode_FSM:finite_SM|state_mode                                                               ;
+----------------------------------+-----------------------+----------------------------------+----------------------------+
; Name                             ; state_mode.CLOCK_MODE ; state_mode.COUNT_DOWN_TIMER_MODE ; state_mode.STOP_WATCH_MODE ;
+----------------------------------+-----------------------+----------------------------------+----------------------------+
; state_mode.CLOCK_MODE            ; 0                     ; 0                                ; 0                          ;
; state_mode.STOP_WATCH_MODE       ; 1                     ; 0                                ; 1                          ;
; state_mode.COUNT_DOWN_TIMER_MODE ; 1                     ; 1                                ; 0                          ;
+----------------------------------+-----------------------+----------------------------------+----------------------------+


+-------------------------------------------------------------------------------------------------------------------------------------------------+
; User-Specified and Inferred Latches                                                                                                             ;
+-------------------------------------------------------------------------------------+----------------------------------+------------------------+
; Latch Name                                                                          ; Latch Enable Signal              ; Free of Timing Hazards ;
+-------------------------------------------------------------------------------------+----------------------------------+------------------------+
; Display:display|SSeg:hours1|sseg[0]                                                 ; Display:display|SSeg:hours1|Mux7 ; yes                    ;
; Display:display|SSeg:hours1|sseg[1]                                                 ; Display:display|SSeg:hours1|Mux7 ; yes                    ;
; Display:display|SSeg:hours1|sseg[2]                                                 ; Display:display|SSeg:hours1|Mux7 ; yes                    ;
; Display:display|SSeg:hours1|sseg[3]                                                 ; Display:display|SSeg:hours1|Mux7 ; yes                    ;
; Display:display|SSeg:hours1|sseg[4]                                                 ; Display:display|SSeg:hours1|Mux7 ; yes                    ;
; Display:display|SSeg:hours1|sseg[5]                                                 ; Display:display|SSeg:hours1|Mux7 ; yes                    ;
; Display:display|SSeg:hours1|sseg[6]                                                 ; Display:display|SSeg:hours1|Mux7 ; yes                    ;
; Display:display|SSeg:hours2|sseg[0]                                                 ; Display:display|SSeg:hours2|Mux7 ; yes                    ;
; Display:display|SSeg:hours2|sseg[1]                                                 ; Display:display|SSeg:hours2|Mux7 ; yes                    ;
; Display:display|SSeg:hours2|sseg[2]                                                 ; Display:display|SSeg:hours2|Mux7 ; yes                    ;
; Display:display|SSeg:hours2|sseg[3]                                                 ; Display:display|SSeg:hours2|Mux7 ; yes                    ;
; Display:display|SSeg:hours2|sseg[4]                                                 ; Display:display|SSeg:hours2|Mux7 ; yes                    ;
; Display:display|SSeg:hours2|sseg[5]                                                 ; Display:display|SSeg:hours2|Mux7 ; yes                    ;
; Display:display|SSeg:hours2|sseg[6]                                                 ; Display:display|SSeg:hours2|Mux7 ; yes                    ;
; Display:display|SSeg:mins1|sseg[0]                                                  ; Display:display|SSeg:mins1|Mux7  ; yes                    ;
; Display:display|SSeg:mins1|sseg[1]                                                  ; Display:display|SSeg:mins1|Mux7  ; yes                    ;
; Display:display|SSeg:mins1|sseg[2]                                                  ; Display:display|SSeg:mins1|Mux7  ; yes                    ;
; Display:display|SSeg:mins1|sseg[3]                                                  ; Display:display|SSeg:mins1|Mux7  ; yes                    ;
; Display:display|SSeg:mins1|sseg[4]                                                  ; Display:display|SSeg:mins1|Mux7  ; yes                    ;
; Display:display|SSeg:mins1|sseg[5]                                                  ; Display:display|SSeg:mins1|Mux7  ; yes                    ;
; Display:display|SSeg:mins1|sseg[6]                                                  ; Display:display|SSeg:mins1|Mux7  ; yes                    ;
; Display:display|SSeg:mins2|sseg[0]                                                  ; Display:display|SSeg:mins2|Mux7  ; yes                    ;
; Display:display|SSeg:mins2|sseg[1]                                                  ; Display:display|SSeg:mins2|Mux7  ; yes                    ;
; Display:display|SSeg:mins2|sseg[2]                                                  ; Display:display|SSeg:mins2|Mux7  ; yes                    ;
; Display:display|SSeg:mins2|sseg[3]                                                  ; Display:display|SSeg:mins2|Mux7  ; yes                    ;
; Display:display|SSeg:mins2|sseg[4]                                                  ; Display:display|SSeg:mins2|Mux7  ; yes                    ;
; Display:display|SSeg:mins2|sseg[5]                                                  ; Display:display|SSeg:mins2|Mux7  ; yes                    ;
; Display:display|SSeg:mins2|sseg[6]                                                  ; Display:display|SSeg:mins2|Mux7  ; yes                    ;
; Display:display|SSeg:secs1|sseg[0]                                                  ; Display:display|SSeg:secs1|Mux7  ; yes                    ;
; Display:display|SSeg:secs1|sseg[1]                                                  ; Display:display|SSeg:secs1|Mux7  ; yes                    ;
; Display:display|SSeg:secs1|sseg[2]                                                  ; Display:display|SSeg:secs1|Mux7  ; yes                    ;
; Display:display|SSeg:secs1|sseg[3]                                                  ; Display:display|SSeg:secs1|Mux7  ; yes                    ;
; Display:display|SSeg:secs1|sseg[4]                                                  ; Display:display|SSeg:secs1|Mux7  ; yes                    ;
; Display:display|SSeg:secs1|sseg[5]                                                  ; Display:display|SSeg:secs1|Mux7  ; yes                    ;
; Display:display|SSeg:secs1|sseg[6]                                                  ; Display:display|SSeg:secs1|Mux7  ; yes                    ;
; Display:display|SSeg:secs2|sseg[0]                                                  ; Display:display|SSeg:secs2|Mux7  ; yes                    ;
; Display:display|SSeg:secs2|sseg[1]                                                  ; Display:display|SSeg:secs2|Mux7  ; yes                    ;
; Display:display|SSeg:secs2|sseg[2]                                                  ; Display:display|SSeg:secs2|Mux7  ; yes                    ;
; Display:display|SSeg:secs2|sseg[3]                                                  ; Display:display|SSeg:secs2|Mux7  ; yes                    ;
; Display:display|SSeg:secs2|sseg[4]                                                  ; Display:display|SSeg:secs2|Mux7  ; yes                    ;
; Display:display|SSeg:secs2|sseg[5]                                                  ; Display:display|SSeg:secs2|Mux7  ; yes                    ;
; Display:display|SSeg:secs2|sseg[6]                                                  ; Display:display|SSeg:secs2|Mux7  ; yes                    ;
; Clock:clock_v1|ButtonControl:Button_Control_v1|FastAdvance:minus_button|next_cp[22] ; VCC                              ; yes                    ;
; Clock:clock_v1|ButtonControl:Button_Control_v1|FastAdvance:minus_button|next_cp[21] ; VCC                              ; yes                    ;
; Clock:clock_v1|ButtonControl:Button_Control_v1|FastAdvance:minus_button|next_cp[20] ; VCC                              ; yes                    ;
; Clock:clock_v1|ButtonControl:Button_Control_v1|FastAdvance:minus_button|next_cp[19] ; VCC                              ; yes                    ;
; Clock:clock_v1|ButtonControl:Button_Control_v1|FastAdvance:minus_button|next_cp[18] ; VCC                              ; yes                    ;
; Clock:clock_v1|ButtonControl:Button_Control_v1|FastAdvance:minus_button|next_cp[17] ; VCC                              ; yes                    ;
; Clock:clock_v1|ButtonControl:Button_Control_v1|FastAdvance:minus_button|next_cp[16] ; VCC                              ; yes                    ;
; Clock:clock_v1|ButtonControl:Button_Control_v1|FastAdvance:minus_button|next_cp[15] ; VCC                              ; yes                    ;
; Clock:clock_v1|ButtonControl:Button_Control_v1|FastAdvance:minus_button|next_cp[14] ; VCC                              ; yes                    ;
; Clock:clock_v1|ButtonControl:Button_Control_v1|FastAdvance:minus_button|next_cp[13] ; VCC                              ; yes                    ;
; Clock:clock_v1|ButtonControl:Button_Control_v1|FastAdvance:minus_button|next_cp[12] ; VCC                              ; yes                    ;
; Clock:clock_v1|ButtonControl:Button_Control_v1|FastAdvance:minus_button|next_cp[11] ; VCC                              ; yes                    ;
; Clock:clock_v1|ButtonControl:Button_Control_v1|FastAdvance:minus_button|next_cp[0]  ; VCC                              ; yes                    ;
; Clock:clock_v1|ButtonControl:Button_Control_v1|FastAdvance:minus_button|next_cp[1]  ; VCC                              ; yes                    ;
; Clock:clock_v1|ButtonControl:Button_Control_v1|FastAdvance:minus_button|next_cp[10] ; VCC                              ; yes                    ;
; Clock:clock_v1|ButtonControl:Button_Control_v1|FastAdvance:minus_button|next_cp[9]  ; VCC                              ; yes                    ;
; Clock:clock_v1|ButtonControl:Button_Control_v1|FastAdvance:minus_button|next_cp[8]  ; VCC                              ; yes                    ;
; Clock:clock_v1|ButtonControl:Button_Control_v1|FastAdvance:minus_button|next_cp[7]  ; VCC                              ; yes                    ;
; Clock:clock_v1|ButtonControl:Button_Control_v1|FastAdvance:minus_button|next_cp[6]  ; VCC                              ; yes                    ;
; Clock:clock_v1|ButtonControl:Button_Control_v1|FastAdvance:minus_button|next_cp[5]  ; VCC                              ; yes                    ;
; Clock:clock_v1|ButtonControl:Button_Control_v1|FastAdvance:minus_button|next_cp[4]  ; VCC                              ; yes                    ;
; Clock:clock_v1|ButtonControl:Button_Control_v1|FastAdvance:minus_button|next_cp[3]  ; VCC                              ; yes                    ;
; Clock:clock_v1|ButtonControl:Button_Control_v1|FastAdvance:minus_button|next_cp[2]  ; VCC                              ; yes                    ;
; Clock:clock_v1|ButtonControl:Button_Control_v1|FastAdvance:minus_button|next_cl[14] ; VCC                              ; yes                    ;
; Clock:clock_v1|ButtonControl:Button_Control_v1|FastAdvance:minus_button|next_cl[13] ; VCC                              ; yes                    ;
; Clock:clock_v1|ButtonControl:Button_Control_v1|FastAdvance:minus_button|next_cl[12] ; VCC                              ; yes                    ;
; Clock:clock_v1|ButtonControl:Button_Control_v1|FastAdvance:minus_button|next_cl[11] ; VCC                              ; yes                    ;
; Clock:clock_v1|ButtonControl:Button_Control_v1|FastAdvance:minus_button|next_cl[10] ; VCC                              ; yes                    ;
; Clock:clock_v1|ButtonControl:Button_Control_v1|FastAdvance:minus_button|next_cl[9]  ; VCC                              ; yes                    ;
; Clock:clock_v1|ButtonControl:Button_Control_v1|FastAdvance:minus_button|next_cl[8]  ; VCC                              ; yes                    ;
; Clock:clock_v1|ButtonControl:Button_Control_v1|FastAdvance:minus_button|next_cl[7]  ; VCC                              ; yes                    ;
; Clock:clock_v1|ButtonControl:Button_Control_v1|FastAdvance:minus_button|next_cl[6]  ; VCC                              ; yes                    ;
; Clock:clock_v1|ButtonControl:Button_Control_v1|FastAdvance:minus_button|next_cl[5]  ; VCC                              ; yes                    ;
; Clock:clock_v1|ButtonControl:Button_Control_v1|FastAdvance:minus_button|next_cl[4]  ; VCC                              ; yes                    ;
; Clock:clock_v1|ButtonControl:Button_Control_v1|FastAdvance:minus_button|next_cl[3]  ; VCC                              ; yes                    ;
; Clock:clock_v1|ButtonControl:Button_Control_v1|FastAdvance:minus_button|next_cl[2]  ; VCC                              ; yes                    ;
; Clock:clock_v1|ButtonControl:Button_Control_v1|FastAdvance:minus_button|next_cl[1]  ; VCC                              ; yes                    ;
; Clock:clock_v1|ButtonControl:Button_Control_v1|FastAdvance:minus_button|next_cl[0]  ; VCC                              ; yes                    ;
; Clock:clock_v1|ButtonControl:Button_Control_v1|FastAdvance:minus_button|next_cl[15] ; VCC                              ; yes                    ;
; Clock:clock_v1|ButtonControl:Button_Control_v1|FastAdvance:minus_button|next_cl[16] ; VCC                              ; yes                    ;
; Clock:clock_v1|ButtonControl:Button_Control_v1|FastAdvance:minus_button|next_cl[17] ; VCC                              ; yes                    ;
; Clock:clock_v1|ButtonControl:Button_Control_v1|FastAdvance:minus_button|next_cl[18] ; VCC                              ; yes                    ;
; Clock:clock_v1|ButtonControl:Button_Control_v1|FastAdvance:minus_button|next_cl[19] ; VCC                              ; yes                    ;
; Clock:clock_v1|ButtonControl:Button_Control_v1|FastAdvance:minus_button|next_cl[20] ; VCC                              ; yes                    ;
; Clock:clock_v1|ButtonControl:Button_Control_v1|FastAdvance:minus_button|next_cl[21] ; VCC                              ; yes                    ;
; Clock:clock_v1|ButtonControl:Button_Control_v1|FastAdvance:minus_button|next_cl[22] ; VCC                              ; yes                    ;
; Clock:clock_v1|ButtonControl:Button_Control_v1|FastAdvance:minus_button|next_cl[23] ; VCC                              ; yes                    ;
; Clock:clock_v1|ButtonControl:Button_Control_v1|FastAdvance:minus_button|next_cl[24] ; VCC                              ; yes                    ;
; Clock:clock_v1|ButtonControl:Button_Control_v1|FastAdvance:plus_button|next_cp[22]  ; VCC                              ; yes                    ;
; Clock:clock_v1|ButtonControl:Button_Control_v1|FastAdvance:plus_button|next_cp[21]  ; VCC                              ; yes                    ;
; Clock:clock_v1|ButtonControl:Button_Control_v1|FastAdvance:plus_button|next_cp[20]  ; VCC                              ; yes                    ;
; Clock:clock_v1|ButtonControl:Button_Control_v1|FastAdvance:plus_button|next_cp[19]  ; VCC                              ; yes                    ;
; Clock:clock_v1|ButtonControl:Button_Control_v1|FastAdvance:plus_button|next_cp[18]  ; VCC                              ; yes                    ;
; Clock:clock_v1|ButtonControl:Button_Control_v1|FastAdvance:plus_button|next_cp[17]  ; VCC                              ; yes                    ;
; Clock:clock_v1|ButtonControl:Button_Control_v1|FastAdvance:plus_button|next_cp[16]  ; VCC                              ; yes                    ;
; Clock:clock_v1|ButtonControl:Button_Control_v1|FastAdvance:plus_button|next_cp[15]  ; VCC                              ; yes                    ;
; Clock:clock_v1|ButtonControl:Button_Control_v1|FastAdvance:plus_button|next_cp[14]  ; VCC                              ; yes                    ;
; Clock:clock_v1|ButtonControl:Button_Control_v1|FastAdvance:plus_button|next_cp[13]  ; VCC                              ; yes                    ;
; Number of user-specified and inferred latches = 186                                 ;                                  ;                        ;
+-------------------------------------------------------------------------------------+----------------------------------+------------------------+
Table restricted to first 100 entries. Note: All latches listed above may not be present at the end of synthesis due to various synthesis optimizations.


+-----------------------------------------------------------------------------------------------------------------------------------------------------+
; Registers Removed During Synthesis                                                                                                                  ;
+---------------------------------------------------------------------+-------------------------------------------------------------------------------+
; Register name                                                       ; Reason for Removal                                                            ;
+---------------------------------------------------------------------+-------------------------------------------------------------------------------+
; Count_down_timer:count_down_time_v1|check_values:check1|previous[2] ; Merged with Count_down_timer:count_down_time_v1|check_done:check3|prev_sec[2] ;
; Clock:clock_v1|ButtonControl:Button_Control_v1|Edit:mode|state~2    ; Lost fanout                                                                   ;
; Clock:clock_v1|ButtonControl:Button_Control_v1|Edit:mode|state~3    ; Lost fanout                                                                   ;
; Clock:clock_v1|ButtonControl:Button_Control_v1|Edit:mode|state~4    ; Lost fanout                                                                   ;
; Total Number of Removed Registers = 4                               ;                                                                               ;
+---------------------------------------------------------------------+-------------------------------------------------------------------------------+


+------------------------------------------------------+
; General Register Statistics                          ;
+----------------------------------------------+-------+
; Statistic                                    ; Value ;
+----------------------------------------------+-------+
; Total registers                              ; 351   ;
; Number of registers using Synchronous Clear  ; 111   ;
; Number of registers using Synchronous Load   ; 12    ;
; Number of registers using Asynchronous Clear ; 0     ;
; Number of registers using Asynchronous Load  ; 0     ;
; Number of registers using Clock Enable       ; 126   ;
; Number of registers using Preset             ; 0     ;
+----------------------------------------------+-------+


+-----------------------------------------------------------------------------+
; Inverted Register Statistics                                                ;
+-------------------------------------------------------------------+---------+
; Inverted Register                                                 ; Fan out ;
+-------------------------------------------------------------------+---------+
; Count_down_timer:count_down_time_v1|Counter:count_hours|cnt[0]    ; 9       ;
; Count_down_timer:count_down_time_v1|Counter:count_hours|cnt[1]    ; 8       ;
; Count_down_timer:count_down_time_v1|Counter:count_hours|cnt[2]    ; 7       ;
; Count_down_timer:count_down_time_v1|Counter:count_minutes|cnt[0]  ; 5       ;
; Count_down_timer:count_down_time_v1|Counter:count_minutes|cnt[1]  ; 5       ;
; Count_down_timer:count_down_time_v1|Counter:count_minutes|cnt[3]  ; 6       ;
; Count_down_timer:count_down_time_v1|Counter:count_seconds|cnt[0]  ; 12      ;
; Count_down_timer:count_down_time_v1|Counter:count_seconds|cnt[1]  ; 11      ;
; Count_down_timer:count_down_time_v1|Counter:count_seconds|cnt[3]  ; 9       ;
; Count_down_timer:count_down_time_v1|Counter:count_seconds|cnt[5]  ; 6       ;
; Count_down_timer:count_down_time_v1|Counter:count_seconds|cnt[4]  ; 7       ;
; Count_down_timer:count_down_time_v1|Counter:count_minutes|cnt[5]  ; 6       ;
; Count_down_timer:count_down_time_v1|Counter:count_minutes|cnt[4]  ; 5       ;
; Count_down_timer:count_down_time_v1|Counter:count_hours|cnt[4]    ; 6       ;
; Count_down_timer:count_down_time_v1|check_done:check3|prev_sec[0] ; 1       ;
; Count_down_timer:count_down_time_v1|check_done:check3|prev_sec[1] ; 1       ;
; Count_down_timer:count_down_time_v1|check_done:check3|prev_sec[3] ; 1       ;
; Count_down_timer:count_down_time_v1|check_done:check3|prev_sec[4] ; 1       ;
; Count_down_timer:count_down_time_v1|check_done:check3|prev_sec[5] ; 1       ;
; Count_down_timer:count_down_time_v1|Counter:seperate_time|cnt[5]  ; 3       ;
; Count_down_timer:count_down_time_v1|Counter:seperate_time|cnt[4]  ; 3       ;
; Count_down_timer:count_down_time_v1|Counter:seperate_time|cnt[3]  ; 3       ;
; Count_down_timer:count_down_time_v1|Counter:seperate_time|cnt[2]  ; 3       ;
; Count_down_timer:count_down_time_v1|Counter:seperate_time|cnt[1]  ; 3       ;
; Count_down_timer:count_down_time_v1|Counter:seperate_time|cnt[0]  ; 3       ;
; Count_down_timer:count_down_time_v1|Counter:seperate_time|cnt[25] ; 3       ;
; Count_down_timer:count_down_time_v1|Counter:seperate_time|cnt[23] ; 3       ;
; Count_down_timer:count_down_time_v1|Counter:seperate_time|cnt[22] ; 3       ;
; Count_down_timer:count_down_time_v1|Counter:seperate_time|cnt[21] ; 3       ;
; Count_down_timer:count_down_time_v1|Counter:seperate_time|cnt[20] ; 3       ;
; Count_down_timer:count_down_time_v1|Counter:seperate_time|cnt[19] ; 3       ;
; Count_down_timer:count_down_time_v1|Counter:seperate_time|cnt[17] ; 3       ;
; Count_down_timer:count_down_time_v1|Counter:seperate_time|cnt[15] ; 3       ;
; Count_down_timer:count_down_time_v1|Counter:seperate_time|cnt[14] ; 3       ;
; Count_down_timer:count_down_time_v1|Counter:seperate_time|cnt[13] ; 3       ;
; Count_down_timer:count_down_time_v1|Counter:seperate_time|cnt[12] ; 3       ;
; Count_down_timer:count_down_time_v1|Counter:seperate_time|cnt[6]  ; 3       ;
; Count_down_timer:count_down_time_v1|stop                          ; 3       ;
; Stop_watch:stopwatch_v1|stop                                      ; 2       ;
; Total number of inverted registers = 39                           ;         ;
+-------------------------------------------------------------------+---------+


+-----------------------------------------------------------------------------------------------------------------------------------------------------------------------------------------------------------------+
; Multiplexer Restructuring Statistics (Restructuring Performed)                                                                                                                                                  ;
+--------------------+-----------+---------------+----------------------+------------------------+------------+---------------------------------------------------------------------------------------------------+
; Multiplexer Inputs ; Bus Width ; Baseline Area ; Area if Restructured ; Saving if Restructured ; Registered ; Example Multiplexer Output                                                                        ;
+--------------------+-----------+---------------+----------------------+------------------------+------------+---------------------------------------------------------------------------------------------------+
; 3:1                ; 26 bits   ; 52 LEs        ; 0 LEs                ; 52 LEs                 ; Yes        ; |Final_watch|Clock:clock_v1|ButtonControl:Button_Control_v1|Edit:mode|Hold_OneSec:Holding|cnt[25] ;
; 4:1                ; 6 bits    ; 12 LEs        ; 12 LEs               ; 0 LEs                  ; Yes        ; |Final_watch|Stop_watch:stopwatch_v1|Counter:count_minutes|cnt[5]                                 ;
; 4:1                ; 6 bits    ; 12 LEs        ; 12 LEs               ; 0 LEs                  ; Yes        ; |Final_watch|Stop_watch:stopwatch_v1|Counter:count_seconds|cnt[3]                                 ;
; 4:1                ; 7 bits    ; 14 LEs        ; 14 LEs               ; 0 LEs                  ; Yes        ; |Final_watch|Stop_watch:stopwatch_v1|Counter:count_hundreds|cnt[1]                                ;
; 4:1                ; 19 bits   ; 38 LEs        ; 0 LEs                ; 38 LEs                 ; Yes        ; |Final_watch|Stop_watch:stopwatch_v1|Counter:seperate_time|cnt[18]                                ;
; 4:1                ; 8 bits    ; 16 LEs        ; 0 LEs                ; 16 LEs                 ; Yes        ; |Final_watch|Count_down_timer:count_down_time_v1|Counter:seperate_time|cnt[18]                    ;
; 5:1                ; 5 bits    ; 15 LEs        ; 10 LEs               ; 5 LEs                  ; Yes        ; |Final_watch|Clock:clock_v1|Time:time_v1|Counter:count_hours|cnt[4]                               ;
; 5:1                ; 6 bits    ; 18 LEs        ; 12 LEs               ; 6 LEs                  ; Yes        ; |Final_watch|Clock:clock_v1|Time:time_v1|Counter:count_minutes|cnt[5]                             ;
; 5:1                ; 6 bits    ; 18 LEs        ; 12 LEs               ; 6 LEs                  ; Yes        ; |Final_watch|Clock:clock_v1|Time:time_v1|Counter:count_seconds|cnt[1]                             ;
; 4:1                ; 18 bits   ; 36 LEs        ; 36 LEs               ; 0 LEs                  ; Yes        ; |Final_watch|Count_down_timer:count_down_time_v1|Counter:seperate_time|cnt[20]                    ;
; 6:1                ; 4 bits    ; 16 LEs        ; 8 LEs                ; 8 LEs                  ; Yes        ; |Final_watch|Count_down_timer:count_down_time_v1|Counter:count_hours|cnt[4]                       ;
; 6:1                ; 5 bits    ; 20 LEs        ; 10 LEs               ; 10 LEs                 ; Yes        ; |Final_watch|Count_down_timer:count_down_time_v1|Counter:count_minutes|cnt[0]                     ;
; 6:1                ; 5 bits    ; 20 LEs        ; 15 LEs               ; 5 LEs                  ; Yes        ; |Final_watch|Count_down_timer:count_down_time_v1|Counter:count_seconds|cnt[5]                     ;
; 4:1                ; 17 bits   ; 34 LEs        ; 34 LEs               ; 0 LEs                  ; No         ; |Final_watch|Multiplexer:multiplexer_v1|Mux4                                                      ;
; 4:1                ; 23 bits   ; 46 LEs        ; 46 LEs               ; 0 LEs                  ; No         ; |Final_watch|Clock:clock_v1|ButtonControl:Button_Control_v1|FastAdvance:minus_button|next_cp      ;
; 4:1                ; 23 bits   ; 46 LEs        ; 46 LEs               ; 0 LEs                  ; No         ; |Final_watch|Clock:clock_v1|ButtonControl:Button_Control_v1|FastAdvance:plus_button|next_cp       ;
; 4:1                ; 23 bits   ; 46 LEs        ; 46 LEs               ; 0 LEs                  ; No         ; |Final_watch|Count_down_timer:count_down_time_v1|FastAdvance:plus_button_CD|next_cp               ;
+--------------------+-----------+---------------+----------------------+------------------------+------------+---------------------------------------------------------------------------------------------------+


+---------------------------------------------------------------------------------------------------------------------+
; Parameter Settings for User Entity Instance: Clock:clock_v1|ButtonControl:Button_Control_v1|FastAdvance:plus_button ;
+----------------+----------+-----------------------------------------------------------------------------------------+
; Parameter Name ; Value    ; Type                                                                                    ;
+----------------+----------+-----------------------------------------------------------------------------------------+
; LONG           ; 25000000 ; Signed Integer                                                                          ;
; PERIOD         ; 5000000  ; Signed Integer                                                                          ;
+----------------+----------+-----------------------------------------------------------------------------------------+
Note: In order to hide this table in the UI and the text report file, please set the "Show Parameter Settings in Synthesis Report" option in "Analysis and Synthesis Settings -> More Settings" to "Off".


+----------------------------------------------------------------------------------------------------------------------+
; Parameter Settings for User Entity Instance: Clock:clock_v1|ButtonControl:Button_Control_v1|FastAdvance:minus_button ;
+----------------+----------+------------------------------------------------------------------------------------------+
; Parameter Name ; Value    ; Type                                                                                     ;
+----------------+----------+------------------------------------------------------------------------------------------+
; LONG           ; 25000000 ; Signed Integer                                                                           ;
; PERIOD         ; 5000000  ; Signed Integer                                                                           ;
+----------------+----------+------------------------------------------------------------------------------------------+
Note: In order to hide this table in the UI and the text report file, please set the "Show Parameter Settings in Synthesis Report" option in "Analysis and Synthesis Settings -> More Settings" to "Off".


+-------------------------------------------------------------------------------------------------------------+
; Parameter Settings for User Entity Instance: Clock:clock_v1|FlashControl:flash_v1|Flash_LED:Flash|Counter:p ;
+----------------+----------+---------------------------------------------------------------------------------+
; Parameter Name ; Value    ; Type                                                                            ;
+----------------+----------+---------------------------------------------------------------------------------+
; MAX            ; 24999999 ; Signed Integer                                                                  ;
; WIDTH          ; 25       ; Signed Integer                                                                  ;
; UP             ; 1        ; Signed Integer                                                                  ;
+----------------+----------+---------------------------------------------------------------------------------+
Note: In order to hide this table in the UI and the text report file, please set the "Show Parameter Settings in Synthesis Report" option in "Analysis and Synthesis Settings -> More Settings" to "Off".


+------------------------------------------------------------------------------------------------+
; Parameter Settings for User Entity Instance: Clock:clock_v1|Time:time_v1|Counter:seperate_time ;
+----------------+----------+--------------------------------------------------------------------+
; Parameter Name ; Value    ; Type                                                               ;
+----------------+----------+--------------------------------------------------------------------+
; MAX            ; 49999999 ; Signed Integer                                                     ;
; WIDTH          ; 26       ; Signed Integer                                                     ;
; UP             ; 1        ; Signed Integer                                                     ;
+----------------+----------+--------------------------------------------------------------------+
Note: In order to hide this table in the UI and the text report file, please set the "Show Parameter Settings in Synthesis Report" option in "Analysis and Synthesis Settings -> More Settings" to "Off".


+------------------------------------------------------------------------------------------------+
; Parameter Settings for User Entity Instance: Clock:clock_v1|Time:time_v1|Counter:count_seconds ;
+----------------+-------+-----------------------------------------------------------------------+
; Parameter Name ; Value ; Type                                                                  ;
+----------------+-------+-----------------------------------------------------------------------+
; MAX            ; 59    ; Signed Integer                                                        ;
; WIDTH          ; 6     ; Signed Integer                                                        ;
; UP             ; 1     ; Signed Integer                                                        ;
+----------------+-------+-----------------------------------------------------------------------+
Note: In order to hide this table in the UI and the text report file, please set the "Show Parameter Settings in Synthesis Report" option in "Analysis and Synthesis Settings -> More Settings" to "Off".


+------------------------------------------------------------------------------------------------+
; Parameter Settings for User Entity Instance: Clock:clock_v1|Time:time_v1|Counter:count_minutes ;
+----------------+-------+-----------------------------------------------------------------------+
; Parameter Name ; Value ; Type                                                                  ;
+----------------+-------+-----------------------------------------------------------------------+
; MAX            ; 59    ; Signed Integer                                                        ;
; WIDTH          ; 6     ; Signed Integer                                                        ;
; UP             ; 1     ; Signed Integer                                                        ;
+----------------+-------+-----------------------------------------------------------------------+
Note: In order to hide this table in the UI and the text report file, please set the "Show Parameter Settings in Synthesis Report" option in "Analysis and Synthesis Settings -> More Settings" to "Off".


+----------------------------------------------------------------------------------------------+
; Parameter Settings for User Entity Instance: Clock:clock_v1|Time:time_v1|Counter:count_hours ;
+----------------+-------+---------------------------------------------------------------------+
; Parameter Name ; Value ; Type                                                                ;
+----------------+-------+---------------------------------------------------------------------+
; MAX            ; 23    ; Signed Integer                                                      ;
; WIDTH          ; 5     ; Signed Integer                                                      ;
; UP             ; 1     ; Signed Integer                                                      ;
+----------------+-------+---------------------------------------------------------------------+
Note: In order to hide this table in the UI and the text report file, please set the "Show Parameter Settings in Synthesis Report" option in "Analysis and Synthesis Settings -> More Settings" to "Off".


+---------------------------------------------------------------------------------------------+
; Parameter Settings for User Entity Instance: Stop_watch:stopwatch_v1|Counter:count_hundreds ;
+----------------+-------+--------------------------------------------------------------------+
; Parameter Name ; Value ; Type                                                               ;
+----------------+-------+--------------------------------------------------------------------+
; MAX            ; 99    ; Signed Integer                                                     ;
; WIDTH          ; 7     ; Signed Integer                                                     ;
; UP             ; 1     ; Signed Integer                                                     ;
+----------------+-------+--------------------------------------------------------------------+
Note: In order to hide this table in the UI and the text report file, please set the "Show Parameter Settings in Synthesis Report" option in "Analysis and Synthesis Settings -> More Settings" to "Off".


+--------------------------------------------------------------------------------------------+
; Parameter Settings for User Entity Instance: Stop_watch:stopwatch_v1|Counter:count_seconds ;
+----------------+-------+-------------------------------------------------------------------+
; Parameter Name ; Value ; Type                                                              ;
+----------------+-------+-------------------------------------------------------------------+
; MAX            ; 59    ; Signed Integer                                                    ;
; WIDTH          ; 6     ; Signed Integer                                                    ;
; UP             ; 1     ; Signed Integer                                                    ;
+----------------+-------+-------------------------------------------------------------------+
Note: In order to hide this table in the UI and the text report file, please set the "Show Parameter Settings in Synthesis Report" option in "Analysis and Synthesis Settings -> More Settings" to "Off".


+--------------------------------------------------------------------------------------------+
; Parameter Settings for User Entity Instance: Stop_watch:stopwatch_v1|Counter:seperate_time ;
+----------------+--------+------------------------------------------------------------------+
; Parameter Name ; Value  ; Type                                                             ;
+----------------+--------+------------------------------------------------------------------+
; MAX            ; 499999 ; Signed Integer                                                   ;
; WIDTH          ; 19     ; Signed Integer                                                   ;
; UP             ; 1      ; Signed Integer                                                   ;
+----------------+--------+------------------------------------------------------------------+
Note: In order to hide this table in the UI and the text report file, please set the "Show Parameter Settings in Synthesis Report" option in "Analysis and Synthesis Settings -> More Settings" to "Off".


+--------------------------------------------------------------------------------------------+
; Parameter Settings for User Entity Instance: Stop_watch:stopwatch_v1|Counter:count_minutes ;
+----------------+-------+-------------------------------------------------------------------+
; Parameter Name ; Value ; Type                                                              ;
+----------------+-------+-------------------------------------------------------------------+
; MAX            ; 59    ; Signed Integer                                                    ;
; WIDTH          ; 6     ; Signed Integer                                                    ;
; UP             ; 1     ; Signed Integer                                                    ;
+----------------+-------+-------------------------------------------------------------------+
Note: In order to hide this table in the UI and the text report file, please set the "Show Parameter Settings in Synthesis Report" option in "Analysis and Synthesis Settings -> More Settings" to "Off".


+-------------------------------------------------------------------------------------------------------------+
; Parameter Settings for User Entity Instance: Count_down_timer:count_down_time_v1|FastAdvance:plus_button_CD ;
+----------------+----------+---------------------------------------------------------------------------------+
; Parameter Name ; Value    ; Type                                                                            ;
+----------------+----------+---------------------------------------------------------------------------------+
; LONG           ; 25000000 ; Signed Integer                                                                  ;
; PERIOD         ; 5000000  ; Signed Integer                                                                  ;
+----------------+----------+---------------------------------------------------------------------------------+
Note: In order to hide this table in the UI and the text report file, please set the "Show Parameter Settings in Synthesis Report" option in "Analysis and Synthesis Settings -> More Settings" to "Off".


+--------------------------------------------------------------------------------------------------------+
; Parameter Settings for User Entity Instance: Count_down_timer:count_down_time_v1|Counter:seperate_time ;
+----------------+----------+----------------------------------------------------------------------------+
; Parameter Name ; Value    ; Type                                                                       ;
+----------------+----------+----------------------------------------------------------------------------+
; MAX            ; 49999999 ; Signed Integer                                                             ;
; WIDTH          ; 26       ; Signed Integer                                                             ;
; UP             ; 0        ; Signed Integer                                                             ;
+----------------+----------+----------------------------------------------------------------------------+
Note: In order to hide this table in the UI and the text report file, please set the "Show Parameter Settings in Synthesis Report" option in "Analysis and Synthesis Settings -> More Settings" to "Off".


+--------------------------------------------------------------------------------------------------------+
; Parameter Settings for User Entity Instance: Count_down_timer:count_down_time_v1|Counter:count_seconds ;
+----------------+-------+-------------------------------------------------------------------------------+
; Parameter Name ; Value ; Type                                                                          ;
+----------------+-------+-------------------------------------------------------------------------------+
; MAX            ; 59    ; Signed Integer                                                                ;
; WIDTH          ; 6     ; Signed Integer                                                                ;
; UP             ; 0     ; Signed Integer                                                                ;
+----------------+-------+-------------------------------------------------------------------------------+
Note: In order to hide this table in the UI and the text report file, please set the "Show Parameter Settings in Synthesis Report" option in "Analysis and Synthesis Settings -> More Settings" to "Off".


+--------------------------------------------------------------------------------------------------------+
; Parameter Settings for User Entity Instance: Count_down_timer:count_down_time_v1|Counter:count_minutes ;
+----------------+-------+-------------------------------------------------------------------------------+
; Parameter Name ; Value ; Type                                                                          ;
+----------------+-------+-------------------------------------------------------------------------------+
; MAX            ; 59    ; Signed Integer                                                                ;
; WIDTH          ; 6     ; Signed Integer                                                                ;
; UP             ; 0     ; Signed Integer                                                                ;
+----------------+-------+-------------------------------------------------------------------------------+
Note: In order to hide this table in the UI and the text report file, please set the "Show Parameter Settings in Synthesis Report" option in "Analysis and Synthesis Settings -> More Settings" to "Off".


+------------------------------------------------------------------------------------------------------+
; Parameter Settings for User Entity Instance: Count_down_timer:count_down_time_v1|Counter:count_hours ;
+----------------+-------+-----------------------------------------------------------------------------+
; Parameter Name ; Value ; Type                                                                        ;
+----------------+-------+-----------------------------------------------------------------------------+
; MAX            ; 23    ; Signed Integer                                                              ;
; WIDTH          ; 5     ; Signed Integer                                                              ;
; UP             ; 0     ; Signed Integer                                                              ;
+----------------+-------+-----------------------------------------------------------------------------+
Note: In order to hide this table in the UI and the text report file, please set the "Show Parameter Settings in Synthesis Report" option in "Analysis and Synthesis Settings -> More Settings" to "Off".


+------------------------------------------------------------------------------------------------------+
; Parameter Settings for User Entity Instance: Count_down_timer:count_down_time_v1|check_values:check1 ;
+----------------+-------+-----------------------------------------------------------------------------+
; Parameter Name ; Value ; Type                                                                        ;
+----------------+-------+-----------------------------------------------------------------------------+
; MAX            ; 59    ; Signed Integer                                                              ;
; WIDTH          ; 6     ; Signed Integer                                                              ;
+----------------+-------+-----------------------------------------------------------------------------+
Note: In order to hide this table in the UI and the text report file, please set the "Show Parameter Settings in Synthesis Report" option in "Analysis and Synthesis Settings -> More Settings" to "Off".


+------------------------------------------------------------------------------------------------------+
; Parameter Settings for User Entity Instance: Count_down_timer:count_down_time_v1|check_values:check2 ;
+----------------+-------+-----------------------------------------------------------------------------+
; Parameter Name ; Value ; Type                                                                        ;
+----------------+-------+-----------------------------------------------------------------------------+
; MAX            ; 59    ; Signed Integer                                                              ;
; WIDTH          ; 6     ; Signed Integer                                                              ;
+----------------+-------+-----------------------------------------------------------------------------+
Note: In order to hide this table in the UI and the text report file, please set the "Show Parameter Settings in Synthesis Report" option in "Analysis and Synthesis Settings -> More Settings" to "Off".


+----------------------------------------------------------------------------------------------------+
; Parameter Settings for User Entity Instance: Count_down_timer:count_down_time_v1|check_done:check3 ;
+----------------+----------+------------------------------------------------------------------------+
; Parameter Name ; Value    ; Type                                                                   ;
+----------------+----------+------------------------------------------------------------------------+
; PERIOD         ; 50000000 ; Signed Integer                                                         ;
; WIDTH          ; 26       ; Signed Integer                                                         ;
+----------------+----------+------------------------------------------------------------------------+
Note: In order to hide this table in the UI and the text report file, please set the "Show Parameter Settings in Synthesis Report" option in "Analysis and Synthesis Settings -> More Settings" to "Off".


+--------------------------------------------------------------------------------------------------------+
; Parameter Settings for Inferred Entity Instance: Display:display|NumConv:Convert_Hours|lpm_divide:Div0 ;
+------------------------+----------------+--------------------------------------------------------------+
; Parameter Name         ; Value          ; Type                                                         ;
+------------------------+----------------+--------------------------------------------------------------+
; LPM_WIDTHN             ; 7              ; Untyped                                                      ;
; LPM_WIDTHD             ; 4              ; Untyped                                                      ;
; LPM_NREPRESENTATION    ; UNSIGNED       ; Untyped                                                      ;
; LPM_DREPRESENTATION    ; UNSIGNED       ; Untyped                                                      ;
; LPM_PIPELINE           ; 0              ; Untyped                                                      ;
; LPM_REMAINDERPOSITIVE  ; TRUE           ; Untyped                                                      ;
; MAXIMIZE_SPEED         ; 5              ; Untyped                                                      ;
; CBXI_PARAMETER         ; lpm_divide_4am ; Untyped                                                      ;
; CARRY_CHAIN            ; MANUAL         ; Untyped                                                      ;
; OPTIMIZE_FOR_SPEED     ; 5              ; Untyped                                                      ;
; AUTO_CARRY_CHAINS      ; ON             ; AUTO_CARRY                                                   ;
; IGNORE_CARRY_BUFFERS   ; OFF            ; IGNORE_CARRY                                                 ;
; AUTO_CASCADE_CHAINS    ; ON             ; AUTO_CASCADE                                                 ;
; IGNORE_CASCADE_BUFFERS ; OFF            ; IGNORE_CASCADE                                               ;
+------------------------+----------------+--------------------------------------------------------------+
Note: In order to hide this table in the UI and the text report file, please set the "Show Parameter Settings in Synthesis Report" option in "Analysis and Synthesis Settings -> More Settings" to "Off".


+--------------------------------------------------------------------------------------------------------+
; Parameter Settings for Inferred Entity Instance: Display:display|NumConv:Convert_Hours|lpm_divide:Mod0 ;
+------------------------+----------------+--------------------------------------------------------------+
; Parameter Name         ; Value          ; Type                                                         ;
+------------------------+----------------+--------------------------------------------------------------+
; LPM_WIDTHN             ; 7              ; Untyped                                                      ;
; LPM_WIDTHD             ; 4              ; Untyped                                                      ;
; LPM_NREPRESENTATION    ; UNSIGNED       ; Untyped                                                      ;
; LPM_DREPRESENTATION    ; UNSIGNED       ; Untyped                                                      ;
; LPM_PIPELINE           ; 0              ; Untyped                                                      ;
; LPM_REMAINDERPOSITIVE  ; TRUE           ; Untyped                                                      ;
; MAXIMIZE_SPEED         ; 5              ; Untyped                                                      ;
; CBXI_PARAMETER         ; lpm_divide_72m ; Untyped                                                      ;
; CARRY_CHAIN            ; MANUAL         ; Untyped                                                      ;
; OPTIMIZE_FOR_SPEED     ; 5              ; Untyped                                                      ;
; AUTO_CARRY_CHAINS      ; ON             ; AUTO_CARRY                                                   ;
; IGNORE_CARRY_BUFFERS   ; OFF            ; IGNORE_CARRY                                                 ;
; AUTO_CASCADE_CHAINS    ; ON             ; AUTO_CASCADE                                                 ;
; IGNORE_CASCADE_BUFFERS ; OFF            ; IGNORE_CASCADE                                               ;
+------------------------+----------------+--------------------------------------------------------------+
Note: In order to hide this table in the UI and the text report file, please set the "Show Parameter Settings in Synthesis Report" option in "Analysis and Synthesis Settings -> More Settings" to "Off".


+-------------------------------------------------------------------------------------------------------+
; Parameter Settings for Inferred Entity Instance: Display:display|NumConv:Convert_Mins|lpm_divide:Div0 ;
+------------------------+----------------+-------------------------------------------------------------+
; Parameter Name         ; Value          ; Type                                                        ;
+------------------------+----------------+-------------------------------------------------------------+
; LPM_WIDTHN             ; 7              ; Untyped                                                     ;
; LPM_WIDTHD             ; 4              ; Untyped                                                     ;
; LPM_NREPRESENTATION    ; UNSIGNED       ; Untyped                                                     ;
; LPM_DREPRESENTATION    ; UNSIGNED       ; Untyped                                                     ;
; LPM_PIPELINE           ; 0              ; Untyped                                                     ;
; LPM_REMAINDERPOSITIVE  ; TRUE           ; Untyped                                                     ;
; MAXIMIZE_SPEED         ; 5              ; Untyped                                                     ;
; CBXI_PARAMETER         ; lpm_divide_4am ; Untyped                                                     ;
; CARRY_CHAIN            ; MANUAL         ; Untyped                                                     ;
; OPTIMIZE_FOR_SPEED     ; 5              ; Untyped                                                     ;
; AUTO_CARRY_CHAINS      ; ON             ; AUTO_CARRY                                                  ;
; IGNORE_CARRY_BUFFERS   ; OFF            ; IGNORE_CARRY                                                ;
; AUTO_CASCADE_CHAINS    ; ON             ; AUTO_CASCADE                                                ;
; IGNORE_CASCADE_BUFFERS ; OFF            ; IGNORE_CASCADE                                              ;
+------------------------+----------------+-------------------------------------------------------------+
Note: In order to hide this table in the UI and the text report file, please set the "Show Parameter Settings in Synthesis Report" option in "Analysis and Synthesis Settings -> More Settings" to "Off".


+-------------------------------------------------------------------------------------------------------+
; Parameter Settings for Inferred Entity Instance: Display:display|NumConv:Convert_Mins|lpm_divide:Mod0 ;
+------------------------+----------------+-------------------------------------------------------------+
; Parameter Name         ; Value          ; Type                                                        ;
+------------------------+----------------+-------------------------------------------------------------+
; LPM_WIDTHN             ; 7              ; Untyped                                                     ;
; LPM_WIDTHD             ; 4              ; Untyped                                                     ;
; LPM_NREPRESENTATION    ; UNSIGNED       ; Untyped                                                     ;
; LPM_DREPRESENTATION    ; UNSIGNED       ; Untyped                                                     ;
; LPM_PIPELINE           ; 0              ; Untyped                                                     ;
; LPM_REMAINDERPOSITIVE  ; TRUE           ; Untyped                                                     ;
; MAXIMIZE_SPEED         ; 5              ; Untyped                                                     ;
; CBXI_PARAMETER         ; lpm_divide_72m ; Untyped                                                     ;
; CARRY_CHAIN            ; MANUAL         ; Untyped                                                     ;
; OPTIMIZE_FOR_SPEED     ; 5              ; Untyped                                                     ;
; AUTO_CARRY_CHAINS      ; ON             ; AUTO_CARRY                                                  ;
; IGNORE_CARRY_BUFFERS   ; OFF            ; IGNORE_CARRY                                                ;
; AUTO_CASCADE_CHAINS    ; ON             ; AUTO_CASCADE                                                ;
; IGNORE_CASCADE_BUFFERS ; OFF            ; IGNORE_CASCADE                                              ;
+------------------------+----------------+-------------------------------------------------------------+
Note: In order to hide this table in the UI and the text report file, please set the "Show Parameter Settings in Synthesis Report" option in "Analysis and Synthesis Settings -> More Settings" to "Off".


+-------------------------------------------------------------------------------------------------------+
; Parameter Settings for Inferred Entity Instance: Display:display|NumConv:Convert_Secs|lpm_divide:Div0 ;
+------------------------+----------------+-------------------------------------------------------------+
; Parameter Name         ; Value          ; Type                                                        ;
+------------------------+----------------+-------------------------------------------------------------+
; LPM_WIDTHN             ; 7              ; Untyped                                                     ;
; LPM_WIDTHD             ; 4              ; Untyped                                                     ;
; LPM_NREPRESENTATION    ; UNSIGNED       ; Untyped                                                     ;
; LPM_DREPRESENTATION    ; UNSIGNED       ; Untyped                                                     ;
; LPM_PIPELINE           ; 0              ; Untyped                                                     ;
; LPM_REMAINDERPOSITIVE  ; TRUE           ; Untyped                                                     ;
; MAXIMIZE_SPEED         ; 5              ; Untyped                                                     ;
; CBXI_PARAMETER         ; lpm_divide_4am ; Untyped                                                     ;
; CARRY_CHAIN            ; MANUAL         ; Untyped                                                     ;
; OPTIMIZE_FOR_SPEED     ; 5              ; Untyped                                                     ;
; AUTO_CARRY_CHAINS      ; ON             ; AUTO_CARRY                                                  ;
; IGNORE_CARRY_BUFFERS   ; OFF            ; IGNORE_CARRY                                                ;
; AUTO_CASCADE_CHAINS    ; ON             ; AUTO_CASCADE                                                ;
; IGNORE_CASCADE_BUFFERS ; OFF            ; IGNORE_CASCADE                                              ;
+------------------------+----------------+-------------------------------------------------------------+
Note: In order to hide this table in the UI and the text report file, please set the "Show Parameter Settings in Synthesis Report" option in "Analysis and Synthesis Settings -> More Settings" to "Off".


+-------------------------------------------------------------------------------------------------------+
; Parameter Settings for Inferred Entity Instance: Display:display|NumConv:Convert_Secs|lpm_divide:Mod0 ;
+------------------------+----------------+-------------------------------------------------------------+
; Parameter Name         ; Value          ; Type                                                        ;
+------------------------+----------------+-------------------------------------------------------------+
; LPM_WIDTHN             ; 7              ; Untyped                                                     ;
; LPM_WIDTHD             ; 4              ; Untyped                                                     ;
; LPM_NREPRESENTATION    ; UNSIGNED       ; Untyped                                                     ;
; LPM_DREPRESENTATION    ; UNSIGNED       ; Untyped                                                     ;
; LPM_PIPELINE           ; 0              ; Untyped                                                     ;
; LPM_REMAINDERPOSITIVE  ; TRUE           ; Untyped                                                     ;
; MAXIMIZE_SPEED         ; 5              ; Untyped                                                     ;
; CBXI_PARAMETER         ; lpm_divide_72m ; Untyped                                                     ;
; CARRY_CHAIN            ; MANUAL         ; Untyped                                                     ;
; OPTIMIZE_FOR_SPEED     ; 5              ; Untyped                                                     ;
; AUTO_CARRY_CHAINS      ; ON             ; AUTO_CARRY                                                  ;
; IGNORE_CARRY_BUFFERS   ; OFF            ; IGNORE_CARRY                                                ;
; AUTO_CASCADE_CHAINS    ; ON             ; AUTO_CASCADE                                                ;
; IGNORE_CASCADE_BUFFERS ; OFF            ; IGNORE_CASCADE                                              ;
+------------------------+----------------+-------------------------------------------------------------+
Note: In order to hide this table in the UI and the text report file, please set the "Show Parameter Settings in Synthesis Report" option in "Analysis and Synthesis Settings -> More Settings" to "Off".


+------------------------------------------------------------------------------------------------------------------+
; Port Connectivity Checks: "DeMUX4:demultiplexer3"                                                                ;
+--------+--------+----------+-------------------------------------------------------------------------------------+
; Port   ; Type   ; Severity ; Details                                                                             ;
+--------+--------+----------+-------------------------------------------------------------------------------------+
; out[3] ; Output ; Info     ; Connected to dangling logic. Logic that only feeds a dangling port will be removed. ;
+--------+--------+----------+-------------------------------------------------------------------------------------+


+------------------------------------------------------------------------------------------------------------------+
; Port Connectivity Checks: "DeMUX4:demultiplexer2"                                                                ;
+--------+--------+----------+-------------------------------------------------------------------------------------+
; Port   ; Type   ; Severity ; Details                                                                             ;
+--------+--------+----------+-------------------------------------------------------------------------------------+
; out[3] ; Output ; Info     ; Connected to dangling logic. Logic that only feeds a dangling port will be removed. ;
+--------+--------+----------+-------------------------------------------------------------------------------------+


+------------------------------------------------------------------------------------------------------------------+
; Port Connectivity Checks: "DeMUX4:demultiplexer1"                                                                ;
+--------+--------+----------+-------------------------------------------------------------------------------------+
; Port   ; Type   ; Severity ; Details                                                                             ;
+--------+--------+----------+-------------------------------------------------------------------------------------+
; out[3] ; Output ; Info     ; Connected to dangling logic. Logic that only feeds a dangling port will be removed. ;
+--------+--------+----------+-------------------------------------------------------------------------------------+


+--------------------------------------------------------+
; Port Connectivity Checks: "Display:display|SSeg:secs2" ;
+--------+-------+----------+----------------------------+
; Port   ; Type  ; Severity ; Details                    ;
+--------+-------+----------+----------------------------+
; enable ; Input ; Info     ; Stuck at VCC               ;
+--------+-------+----------+----------------------------+


+--------------------------------------------------------+
; Port Connectivity Checks: "Display:display|SSeg:secs1" ;
+--------+-------+----------+----------------------------+
; Port   ; Type  ; Severity ; Details                    ;
+--------+-------+----------+----------------------------+
; enable ; Input ; Info     ; Stuck at VCC               ;
+--------+-------+----------+----------------------------+


+--------------------------------------------------------+
; Port Connectivity Checks: "Display:display|SSeg:mins2" ;
+--------+-------+----------+----------------------------+
; Port   ; Type  ; Severity ; Details                    ;
+--------+-------+----------+----------------------------+
; enable ; Input ; Info     ; Stuck at VCC               ;
+--------+-------+----------+----------------------------+


+--------------------------------------------------------+
; Port Connectivity Checks: "Display:display|SSeg:mins1" ;
+--------+-------+----------+----------------------------+
; Port   ; Type  ; Severity ; Details                    ;
+--------+-------+----------+----------------------------+
; enable ; Input ; Info     ; Stuck at VCC               ;
+--------+-------+----------+----------------------------+


+---------------------------------------------------------+
; Port Connectivity Checks: "Display:display|SSeg:hours2" ;
+--------+-------+----------+-----------------------------+
; Port   ; Type  ; Severity ; Details                     ;
+--------+-------+----------+-----------------------------+
; enable ; Input ; Info     ; Stuck at VCC                ;
+--------+-------+----------+-----------------------------+


+---------------------------------------------------------+
; Port Connectivity Checks: "Display:display|SSeg:hours1" ;
+--------+-------+----------+-----------------------------+
; Port   ; Type  ; Severity ; Details                     ;
+--------+-------+----------+-----------------------------+
; enable ; Input ; Info     ; Stuck at VCC                ;
+--------+-------+----------+-----------------------------+


+--------------------------------------------------------+
; Port Connectivity Checks: "Multiplexer:multiplexer_v1" ;
+-----------------+-------+----------+-------------------+
; Port            ; Type  ; Severity ; Details           ;
+-----------------+-------+----------+-------------------+
; stopwatch[3..0] ; Input ; Info     ; Stuck at GND      ;
; count_DT[3..0]  ; Input ; Info     ; Stuck at GND      ;
; none            ; Input ; Info     ; Stuck at GND      ;
+-----------------+-------+----------+-------------------+


+---------------------------------------------------------------------------------------------------------------------------------------------------------------------------------------------------------------+
; Port Connectivity Checks: "Count_down_timer:count_down_time_v1|check_done:check3"                                                                                                                             ;
+---------+-------+----------+----------------------------------------------------------------------------------------------------------------------------------------------------------------------------------+
; Port    ; Type  ; Severity ; Details                                                                                                                                                                          ;
+---------+-------+----------+----------------------------------------------------------------------------------------------------------------------------------------------------------------------------------+
; hours   ; Input ; Warning  ; Input port expression (7 bits) is wider than the input port (5 bits) it drives.  The 2 most-significant bit(s) in the expression will be dangling if they have no other fanouts. ;
; minutes ; Input ; Warning  ; Input port expression (7 bits) is wider than the input port (6 bits) it drives.  The 1 most-significant bit(s) in the expression will be dangling if they have no other fanouts. ;
; seconds ; Input ; Warning  ; Input port expression (7 bits) is wider than the input port (6 bits) it drives.  The 1 most-significant bit(s) in the expression will be dangling if they have no other fanouts. ;
+---------+-------+----------+----------------------------------------------------------------------------------------------------------------------------------------------------------------------------------+


+------------------------------------------------------------------------------------------------------------------------------------------------------------------------------------------------------------+
; Port Connectivity Checks: "Count_down_timer:count_down_time_v1|check_values:check2"                                                                                                                        ;
+------+-------+----------+----------------------------------------------------------------------------------------------------------------------------------------------------------------------------------+
; Port ; Type  ; Severity ; Details                                                                                                                                                                          ;
+------+-------+----------+----------------------------------------------------------------------------------------------------------------------------------------------------------------------------------+
; in   ; Input ; Warning  ; Input port expression (7 bits) is wider than the input port (6 bits) it drives.  The 1 most-significant bit(s) in the expression will be dangling if they have no other fanouts. ;
+------+-------+----------+----------------------------------------------------------------------------------------------------------------------------------------------------------------------------------+


+------------------------------------------------------------------------------------------------------------------------------------------------------------------------------------------------------------+
; Port Connectivity Checks: "Count_down_timer:count_down_time_v1|check_values:check1"                                                                                                                        ;
+------+-------+----------+----------------------------------------------------------------------------------------------------------------------------------------------------------------------------------+
; Port ; Type  ; Severity ; Details                                                                                                                                                                          ;
+------+-------+----------+----------------------------------------------------------------------------------------------------------------------------------------------------------------------------------+
; in   ; Input ; Warning  ; Input port expression (7 bits) is wider than the input port (6 bits) it drives.  The 1 most-significant bit(s) in the expression will be dangling if they have no other fanouts. ;
+------+-------+----------+----------------------------------------------------------------------------------------------------------------------------------------------------------------------------------+


+---------------------------------------------------------------------------------------------------------------------------------------------------------------------------------------------------+
; Port Connectivity Checks: "Count_down_timer:count_down_time_v1|Counter:count_hours"                                                                                                               ;
+-------+--------+----------+-----------------------------------------------------------------------------------------------------------------------------------------------------------------------+
; Port  ; Type   ; Severity ; Details                                                                                                                                                               ;
+-------+--------+----------+-----------------------------------------------------------------------------------------------------------------------------------------------------------------------+
; minus ; Input  ; Info     ; Stuck at GND                                                                                                                                                          ;
; cnt   ; Output ; Warning  ; Output or bidir port (5 bits) is smaller than the port expression (7 bits) it drives.  The 2 most-significant bit(s) in the port expression will be connected to GND. ;
+-------+--------+----------+-----------------------------------------------------------------------------------------------------------------------------------------------------------------------+


+---------------------------------------------------------------------------------------------------------------------------------------------------------------------------------------------------+
; Port Connectivity Checks: "Count_down_timer:count_down_time_v1|Counter:count_minutes"                                                                                                             ;
+-------+--------+----------+-----------------------------------------------------------------------------------------------------------------------------------------------------------------------+
; Port  ; Type   ; Severity ; Details                                                                                                                                                               ;
+-------+--------+----------+-----------------------------------------------------------------------------------------------------------------------------------------------------------------------+
; minus ; Input  ; Info     ; Stuck at GND                                                                                                                                                          ;
; cnt   ; Output ; Warning  ; Output or bidir port (6 bits) is smaller than the port expression (7 bits) it drives.  The 1 most-significant bit(s) in the port expression will be connected to GND. ;
+-------+--------+----------+-----------------------------------------------------------------------------------------------------------------------------------------------------------------------+


+---------------------------------------------------------------------------------------------------------------------------------------------------------------------------------------------------+
; Port Connectivity Checks: "Count_down_timer:count_down_time_v1|Counter:count_seconds"                                                                                                             ;
+-------+--------+----------+-----------------------------------------------------------------------------------------------------------------------------------------------------------------------+
; Port  ; Type   ; Severity ; Details                                                                                                                                                               ;
+-------+--------+----------+-----------------------------------------------------------------------------------------------------------------------------------------------------------------------+
; minus ; Input  ; Info     ; Stuck at GND                                                                                                                                                          ;
; cnt   ; Output ; Warning  ; Output or bidir port (6 bits) is smaller than the port expression (7 bits) it drives.  The 1 most-significant bit(s) in the port expression will be connected to GND. ;
+-------+--------+----------+-----------------------------------------------------------------------------------------------------------------------------------------------------------------------+


+---------------------------------------------------------------------------------------+
; Port Connectivity Checks: "Count_down_timer:count_down_time_v1|Counter:seperate_time" ;
+-------+-------+----------+------------------------------------------------------------+
; Port  ; Type  ; Severity ; Details                                                    ;
+-------+-------+----------+------------------------------------------------------------+
; plus  ; Input ; Info     ; Stuck at GND                                               ;
; minus ; Input ; Info     ; Stuck at GND                                               ;
+-------+-------+----------+------------------------------------------------------------+


+---------------------------------------------------------------------------------------------------------------------------------------------------------------------------------------------------+
; Port Connectivity Checks: "Stop_watch:stopwatch_v1|Counter:count_minutes"                                                                                                                         ;
+-------+--------+----------+-----------------------------------------------------------------------------------------------------------------------------------------------------------------------+
; Port  ; Type   ; Severity ; Details                                                                                                                                                               ;
+-------+--------+----------+-----------------------------------------------------------------------------------------------------------------------------------------------------------------------+
; plus  ; Input  ; Info     ; Stuck at GND                                                                                                                                                          ;
; minus ; Input  ; Info     ; Stuck at GND                                                                                                                                                          ;
; cnt   ; Output ; Warning  ; Output or bidir port (6 bits) is smaller than the port expression (7 bits) it drives.  The 1 most-significant bit(s) in the port expression will be connected to GND. ;
+-------+--------+----------+-----------------------------------------------------------------------------------------------------------------------------------------------------------------------+


+---------------------------------------------------------------------------+
; Port Connectivity Checks: "Stop_watch:stopwatch_v1|Counter:seperate_time" ;
+-------+-------+----------+------------------------------------------------+
; Port  ; Type  ; Severity ; Details                                        ;
+-------+-------+----------+------------------------------------------------+
; plus  ; Input ; Info     ; Stuck at GND                                   ;
; minus ; Input ; Info     ; Stuck at GND                                   ;
+-------+-------+----------+------------------------------------------------+


+---------------------------------------------------------------------------------------------------------------------------------------------------------------------------------------------------+
; Port Connectivity Checks: "Stop_watch:stopwatch_v1|Counter:count_seconds"                                                                                                                         ;
+-------+--------+----------+-----------------------------------------------------------------------------------------------------------------------------------------------------------------------+
; Port  ; Type   ; Severity ; Details                                                                                                                                                               ;
+-------+--------+----------+-----------------------------------------------------------------------------------------------------------------------------------------------------------------------+
; cnt   ; Output ; Warning  ; Output or bidir port (6 bits) is smaller than the port expression (7 bits) it drives.  The 1 most-significant bit(s) in the port expression will be connected to GND. ;
; plus  ; Input  ; Warning  ; Declared by entity but not connected by instance. If a default value exists, it will be used.  Otherwise, the port will be connected to GND.                          ;
; minus ; Input  ; Warning  ; Declared by entity but not connected by instance. If a default value exists, it will be used.  Otherwise, the port will be connected to GND.                          ;
+-------+--------+----------+-----------------------------------------------------------------------------------------------------------------------------------------------------------------------+


+----------------------------------------------------------------------------+
; Port Connectivity Checks: "Stop_watch:stopwatch_v1|Counter:count_hundreds" ;
+-------+-------+----------+-------------------------------------------------+
; Port  ; Type  ; Severity ; Details                                         ;
+-------+-------+----------+-------------------------------------------------+
; plus  ; Input ; Info     ; Stuck at GND                                    ;
; minus ; Input ; Info     ; Stuck at GND                                    ;
+-------+-------+----------+-------------------------------------------------+


+------------------------------------------------------------------------------------------------------------------------------------------------------------------------+
; Port Connectivity Checks: "Clock:clock_v1|Time:time_v1|Counter:count_hours"                                                                                            ;
+------+-------+----------+----------------------------------------------------------------------------------------------------------------------------------------------+
; Port ; Type  ; Severity ; Details                                                                                                                                      ;
+------+-------+----------+----------------------------------------------------------------------------------------------------------------------------------------------+
; stop ; Input ; Warning  ; Declared by entity but not connected by instance. If a default value exists, it will be used.  Otherwise, the port will be connected to GND. ;
+------+-------+----------+----------------------------------------------------------------------------------------------------------------------------------------------+


+-------------------------------------------------------------------------------+
; Port Connectivity Checks: "Clock:clock_v1|Time:time_v1|Counter:count_minutes" ;
+------+-------+----------+-----------------------------------------------------+
; Port ; Type  ; Severity ; Details                                             ;
+------+-------+----------+-----------------------------------------------------+
; stop ; Input ; Info     ; Stuck at GND                                        ;
+------+-------+----------+-----------------------------------------------------+


+-------------------------------------------------------------------------------+
; Port Connectivity Checks: "Clock:clock_v1|Time:time_v1|Counter:count_seconds" ;
+------+-------+----------+-----------------------------------------------------+
; Port ; Type  ; Severity ; Details                                             ;
+------+-------+----------+-----------------------------------------------------+
; stop ; Input ; Info     ; Stuck at GND                                        ;
+------+-------+----------+-----------------------------------------------------+


+-------------------------------------------------------------------------------+
; Port Connectivity Checks: "Clock:clock_v1|Time:time_v1|Counter:seperate_time" ;
+-------+-------+----------+----------------------------------------------------+
; Port  ; Type  ; Severity ; Details                                            ;
+-------+-------+----------+----------------------------------------------------+
; plus  ; Input ; Info     ; Stuck at GND                                       ;
; minus ; Input ; Info     ; Stuck at GND                                       ;
; stop  ; Input ; Info     ; Stuck at GND                                       ;
+-------+-------+----------+----------------------------------------------------+


+---------------------------------------------------------------------------------------------------------------------------------------------------------------------------------------------------+
; Port Connectivity Checks: "Clock:clock_v1|Time:time_v1"                                                                                                                                           ;
+-------+--------+----------+-----------------------------------------------------------------------------------------------------------------------------------------------------------------------+
; Port  ; Type   ; Severity ; Details                                                                                                                                                               ;
+-------+--------+----------+-----------------------------------------------------------------------------------------------------------------------------------------------------------------------+
; hours ; Output ; Warning  ; Output or bidir port (5 bits) is smaller than the port expression (7 bits) it drives.  The 2 most-significant bit(s) in the port expression will be connected to GND. ;
; mins  ; Output ; Warning  ; Output or bidir port (6 bits) is smaller than the port expression (7 bits) it drives.  The 1 most-significant bit(s) in the port expression will be connected to GND. ;
; secs  ; Output ; Warning  ; Output or bidir port (6 bits) is smaller than the port expression (7 bits) it drives.  The 1 most-significant bit(s) in the port expression will be connected to GND. ;
+-------+--------+----------+-----------------------------------------------------------------------------------------------------------------------------------------------------------------------+


+--------------------------------------------------------------------------------------------------------------------------------------------------------------------------+
; Port Connectivity Checks: "Clock:clock_v1|FlashControl:flash_v1|Flash_LED:Flash|Counter:p"                                                                               ;
+--------+-------+----------+----------------------------------------------------------------------------------------------------------------------------------------------+
; Port   ; Type  ; Severity ; Details                                                                                                                                      ;
+--------+-------+----------+----------------------------------------------------------------------------------------------------------------------------------------------+
; enable ; Input ; Info     ; Stuck at VCC                                                                                                                                 ;
; plus   ; Input ; Warning  ; Declared by entity but not connected by instance. If a default value exists, it will be used.  Otherwise, the port will be connected to GND. ;
; minus  ; Input ; Warning  ; Declared by entity but not connected by instance. If a default value exists, it will be used.  Otherwise, the port will be connected to GND. ;
; stop   ; Input ; Warning  ; Declared by entity but not connected by instance. If a default value exists, it will be used.  Otherwise, the port will be connected to GND. ;
+--------+-------+----------+----------------------------------------------------------------------------------------------------------------------------------------------+


+------------------------------------------------------------------------------------------------------------------------------------------------------------------------------------------------------------+
; Port Connectivity Checks: "Clock:clock_v1|ButtonControl:Button_Control_v1|Edit:mode|RisingEdge:Rising"                                                                                                     ;
+------+-------+----------+----------------------------------------------------------------------------------------------------------------------------------------------------------------------------------+
; Port ; Type  ; Severity ; Details                                                                                                                                                                          ;
+------+-------+----------+----------------------------------------------------------------------------------------------------------------------------------------------------------------------------------+
; in   ; Input ; Warning  ; Input port expression (2 bits) is wider than the input port (1 bits) it drives.  The 1 most-significant bit(s) in the expression will be dangling if they have no other fanouts. ;
+------+-------+----------+----------------------------------------------------------------------------------------------------------------------------------------------------------------------------------+


+------------------------------------------------------------------------------------------------------------------------------------------------------------------------------------------------------------+
; Port Connectivity Checks: "Clock:clock_v1|ButtonControl:Button_Control_v1|Edit:mode|Hold_OneSec:Holding"                                                                                                   ;
+------+-------+----------+----------------------------------------------------------------------------------------------------------------------------------------------------------------------------------+
; Port ; Type  ; Severity ; Details                                                                                                                                                                          ;
+------+-------+----------+----------------------------------------------------------------------------------------------------------------------------------------------------------------------------------+
; in   ; Input ; Warning  ; Input port expression (2 bits) is wider than the input port (1 bits) it drives.  The 1 most-significant bit(s) in the expression will be dangling if they have no other fanouts. ;
+------+-------+----------+----------------------------------------------------------------------------------------------------------------------------------------------------------------------------------+


+-----------------------------------------------------------------------------------------------------------------------------------------------------------------------+
; Port Connectivity Checks: "Clock:clock_v1|ButtonControl:Button_Control_v1|Edit:mode"                                                                                  ;
+------+-------+----------+---------------------------------------------------------------------------------------------------------------------------------------------+
; Port ; Type  ; Severity ; Details                                                                                                                                     ;
+------+-------+----------+---------------------------------------------------------------------------------------------------------------------------------------------+
; KEY  ; Input ; Warning  ; Input port expression (1 bits) is smaller than the input port (2 bits) it drives.  Extra input bit(s) "KEY[1..1]" will be connected to GND. ;
+------+-------+----------+---------------------------------------------------------------------------------------------------------------------------------------------+


+------------------------------------------------------------------------------------------------------------------------------------------------------------------------+
; Port Connectivity Checks: "Clock:clock_v1"                                                                                                                             ;
+------+-------+----------+----------------------------------------------------------------------------------------------------------------------------------------------+
; Port ; Type  ; Severity ; Details                                                                                                                                      ;
+------+-------+----------+----------------------------------------------------------------------------------------------------------------------------------------------+
; SW   ; Input ; Warning  ; Declared by entity but not connected by instance. If a default value exists, it will be used.  Otherwise, the port will be connected to GND. ;
+------+-------+----------+----------------------------------------------------------------------------------------------------------------------------------------------+


+-----------------------------------------------------+
; Post-Synthesis Netlist Statistics for Top Partition ;
+-----------------------+-----------------------------+
; Type                  ; Count                       ;
+-----------------------+-----------------------------+
; arriav_ff             ; 351                         ;
;     ENA               ; 54                          ;
;     ENA SCLR          ; 60                          ;
;     ENA SLD           ; 12                          ;
;     SCLR              ; 51                          ;
;     plain             ; 174                         ;
; arriav_lcell_comb     ; 1041                        ;
;     arith             ; 453                         ;
;         0 data inputs ; 52                          ;
;         1 data inputs ; 278                         ;
;         2 data inputs ; 19                          ;
;         3 data inputs ; 78                          ;
;         4 data inputs ; 16                          ;
;         5 data inputs ; 10                          ;
;     extend            ; 1                           ;
;         7 data inputs ; 1                           ;
;     normal            ; 587                         ;
;         0 data inputs ; 1                           ;
;         1 data inputs ; 15                          ;
;         2 data inputs ; 37                          ;
;         3 data inputs ; 83                          ;
;         4 data inputs ; 161                         ;
;         5 data inputs ; 210                         ;
;         6 data inputs ; 80                          ;
; boundary_port         ; 59                          ;
;                       ;                             ;
; Max LUT depth         ; 10.50                       ;
; Average LUT depth     ; 5.14                        ;
+-----------------------+-----------------------------+


+-------------------------------+
; Elapsed Time Per Partition    ;
+----------------+--------------+
; Partition Name ; Elapsed Time ;
+----------------+--------------+
; Top            ; 00:00:01     ;
+----------------+--------------+


+-------------------------------+
; Analysis & Synthesis Messages ;
+-------------------------------+
Info: *******************************************************************
Info: Running Quartus Prime Analysis & Synthesis
    Info: Version 22.1std.0 Build 915 10/25/2022 SC Lite Edition
    Info: Processing started: Tue May 21 16:04:08 2024
Info: Command: quartus_map --read_settings_files=on --write_settings_files=off Final_Clock_Project -c Final_Clock_Project
Warning (18236): Number of processors has not been specified which may cause overloading on shared machines.  Set the global assignment NUM_PARALLEL_PROCESSORS in your QSF to an appropriate value for best performance.
Info (20030): Parallel compilation is enabled and will use 14 of the 14 processors detected
Info (12021): Found 1 design units, including 1 entities, in source file cdt.v
    Info (12023): Found entity 1: Count_down_timer File: C:/Users/james/OneDrive/Documents/Quartus/Final_Project_1080595_Clock/CDT.v Line: 1
Info (12021): Found 1 design units, including 1 entities, in source file button_control.v
    Info (12023): Found entity 1: ButtonControl File: C:/Users/james/OneDrive/Documents/Quartus/Final_Project_1080595_Clock/Button_Control.v Line: 1
Info (12021): Found 1 design units, including 1 entities, in source file hold_one_sec.v
    Info (12023): Found entity 1: Hold_OneSec File: C:/Users/james/OneDrive/Documents/Quartus/Final_Project_1080595_Clock/Hold_One_Sec.v Line: 3
Info (12021): Found 1 design units, including 1 entities, in source file multiplexer.v
    Info (12023): Found entity 1: Multiplexer File: C:/Users/james/OneDrive/Documents/Quartus/Final_Project_1080595_Clock/MultiPlexer.v Line: 3
Info (12021): Found 1 design units, including 1 entities, in source file risingedge.v
    Info (12023): Found entity 1: RisingEdge File: C:/Users/james/OneDrive/Documents/Quartus/Final_Project_1080595_Clock/RisingEdge.v Line: 1
Info (12021): Found 1 design units, including 1 entities, in source file flashcontrol.v
    Info (12023): Found entity 1: FlashControl File: C:/Users/james/OneDrive/Documents/Quartus/Final_Project_1080595_Clock/FlashControl.v Line: 1
Info (12021): Found 1 design units, including 1 entities, in source file time.v
    Info (12023): Found entity 1: Time File: C:/Users/james/OneDrive/Documents/Quartus/Final_Project_1080595_Clock/Time.v Line: 1
Info (12021): Found 1 design units, including 1 entities, in source file numconv.v
    Info (12023): Found entity 1: NumConv File: C:/Users/james/OneDrive/Documents/Quartus/Final_Project_1080595_Clock/NumConv.v Line: 2
Info (12021): Found 1 design units, including 1 entities, in source file sseg.v
    Info (12023): Found entity 1: SSeg File: C:/Users/james/OneDrive/Documents/Quartus/Final_Project_1080595_Clock/SSEG.v Line: 1
Info (12021): Found 1 design units, including 1 entities, in source file stop_watch.v
    Info (12023): Found entity 1: Stop_watch File: C:/Users/james/OneDrive/Documents/Quartus/Final_Project_1080595_Clock/Stop_watch.v Line: 1
Info (12021): Found 1 design units, including 1 entities, in source file final_watch.v
    Info (12023): Found entity 1: Final_watch File: C:/Users/james/OneDrive/Documents/Quartus/Final_Project_1080595_Clock/Final_Watch.v Line: 3
Info (12021): Found 1 design units, including 1 entities, in source file fast_advance.v
    Info (12023): Found entity 1: FastAdvance File: C:/Users/james/OneDrive/Documents/Quartus/Final_Project_1080595_Clock/Fast_Advance.v Line: 1
Info (12021): Found 1 design units, including 1 entities, in source file display.v
    Info (12023): Found entity 1: Display File: C:/Users/james/OneDrive/Documents/Quartus/Final_Project_1080595_Clock/Display.v Line: 1
Info (12021): Found 1 design units, including 1 entities, in source file edit.v
    Info (12023): Found entity 1: Edit File: C:/Users/james/OneDrive/Documents/Quartus/Final_Project_1080595_Clock/Edit.v Line: 1
Info (12021): Found 1 design units, including 1 entities, in source file demultiplexer.v
    Info (12023): Found entity 1: DeMUX4 File: C:/Users/james/OneDrive/Documents/Quartus/Final_Project_1080595_Clock/DeMultiplexer.v Line: 1
Info (12021): Found 1 design units, including 1 entities, in source file counter.v
    Info (12023): Found entity 1: Counter File: C:/Users/james/OneDrive/Documents/Quartus/Final_Project_1080595_Clock/Counter.v Line: 1
Info (12021): Found 1 design units, including 1 entities, in source file clock.v
    Info (12023): Found entity 1: Clock File: C:/Users/james/OneDrive/Documents/Quartus/Final_Project_1080595_Clock/Clock.v Line: 3
Info (12021): Found 1 design units, including 1 entities, in source file check_values.v
    Info (12023): Found entity 1: check_values File: C:/Users/james/OneDrive/Documents/Quartus/Final_Project_1080595_Clock/check_values.v Line: 1
Info (12021): Found 1 design units, including 1 entities, in source file check_finished.v
    Info (12023): Found entity 1: check_done File: C:/Users/james/OneDrive/Documents/Quartus/Final_Project_1080595_Clock/check_finished.v Line: 1
Info (12021): Found 1 design units, including 1 entities, in source file mode_fsm.v
    Info (12023): Found entity 1: mode_FSM File: C:/Users/james/OneDrive/Documents/Quartus/Final_Project_1080595_Clock/mode_FSM.v Line: 1
Info (12021): Found 1 design units, including 1 entities, in source file flash_led.v
    Info (12023): Found entity 1: Flash_LED File: C:/Users/james/OneDrive/Documents/Quartus/Final_Project_1080595_Clock/Flash_LED.v Line: 1
Warning (10236): Verilog HDL Implicit Net warning at Stop_watch.v(12): created implicit net for "increment_min" File: C:/Users/james/OneDrive/Documents/Quartus/Final_Project_1080595_Clock/Stop_watch.v Line: 12
Info (12127): Elaborating entity "Final_watch" for the top level hierarchy
Warning (10034): Output port "LEDR[6..1]" at Final_Watch.v(4) has no driver File: C:/Users/james/OneDrive/Documents/Quartus/Final_Project_1080595_Clock/Final_Watch.v Line: 4
Info (12128): Elaborating entity "mode_FSM" for hierarchy "mode_FSM:finite_SM" File: C:/Users/james/OneDrive/Documents/Quartus/Final_Project_1080595_Clock/Final_Watch.v Line: 41
Info (12128): Elaborating entity "RisingEdge" for hierarchy "mode_FSM:finite_SM|RisingEdge:check" File: C:/Users/james/OneDrive/Documents/Quartus/Final_Project_1080595_Clock/mode_FSM.v Line: 11
Info (12128): Elaborating entity "Clock" for hierarchy "Clock:clock_v1" File: C:/Users/james/OneDrive/Documents/Quartus/Final_Project_1080595_Clock/Final_Watch.v Line: 45
Info (12128): Elaborating entity "ButtonControl" for hierarchy "Clock:clock_v1|ButtonControl:Button_Control_v1" File: C:/Users/james/OneDrive/Documents/Quartus/Final_Project_1080595_Clock/Clock.v Line: 16
Info (12128): Elaborating entity "Edit" for hierarchy "Clock:clock_v1|ButtonControl:Button_Control_v1|Edit:mode" File: C:/Users/james/OneDrive/Documents/Quartus/Final_Project_1080595_Clock/Button_Control.v Line: 11
Warning (10230): Verilog HDL assignment warning at Edit.v(38): truncated value with size 3 to match size of target (2) File: C:/Users/james/OneDrive/Documents/Quartus/Final_Project_1080595_Clock/Edit.v Line: 38
Info (12128): Elaborating entity "Hold_OneSec" for hierarchy "Clock:clock_v1|ButtonControl:Button_Control_v1|Edit:mode|Hold_OneSec:Holding" File: C:/Users/james/OneDrive/Documents/Quartus/Final_Project_1080595_Clock/Edit.v Line: 17
Warning (10230): Verilog HDL assignment warning at Hold_One_Sec.v(16): truncated value with size 32 to match size of target (26) File: C:/Users/james/OneDrive/Documents/Quartus/Final_Project_1080595_Clock/Hold_One_Sec.v Line: 16
Info (12128): Elaborating entity "FastAdvance" for hierarchy "Clock:clock_v1|ButtonControl:Button_Control_v1|FastAdvance:plus_button" File: C:/Users/james/OneDrive/Documents/Quartus/Final_Project_1080595_Clock/Button_Control.v Line: 15
Warning (10230): Verilog HDL assignment warning at Fast_Advance.v(40): truncated value with size 32 to match size of target (25) File: C:/Users/james/OneDrive/Documents/Quartus/Final_Project_1080595_Clock/Fast_Advance.v Line: 40
Warning (10240): Verilog HDL Always Construct warning at Fast_Advance.v(24): inferring latch(es) for variable "next_cl", which holds its previous value in one or more paths through the always construct File: C:/Users/james/OneDrive/Documents/Quartus/Final_Project_1080595_Clock/Fast_Advance.v Line: 24
Warning (10240): Verilog HDL Always Construct warning at Fast_Advance.v(24): inferring latch(es) for variable "next_cp", which holds its previous value in one or more paths through the always construct File: C:/Users/james/OneDrive/Documents/Quartus/Final_Project_1080595_Clock/Fast_Advance.v Line: 24
Info (10041): Inferred latch for "next_cp[0]" at Fast_Advance.v(30) File: C:/Users/james/OneDrive/Documents/Quartus/Final_Project_1080595_Clock/Fast_Advance.v Line: 30
Info (10041): Inferred latch for "next_cp[1]" at Fast_Advance.v(30) File: C:/Users/james/OneDrive/Documents/Quartus/Final_Project_1080595_Clock/Fast_Advance.v Line: 30
Info (10041): Inferred latch for "next_cp[2]" at Fast_Advance.v(30) File: C:/Users/james/OneDrive/Documents/Quartus/Final_Project_1080595_Clock/Fast_Advance.v Line: 30
Info (10041): Inferred latch for "next_cp[3]" at Fast_Advance.v(30) File: C:/Users/james/OneDrive/Documents/Quartus/Final_Project_1080595_Clock/Fast_Advance.v Line: 30
Info (10041): Inferred latch for "next_cp[4]" at Fast_Advance.v(30) File: C:/Users/james/OneDrive/Documents/Quartus/Final_Project_1080595_Clock/Fast_Advance.v Line: 30
Info (10041): Inferred latch for "next_cp[5]" at Fast_Advance.v(30) File: C:/Users/james/OneDrive/Documents/Quartus/Final_Project_1080595_Clock/Fast_Advance.v Line: 30
Info (10041): Inferred latch for "next_cp[6]" at Fast_Advance.v(30) File: C:/Users/james/OneDrive/Documents/Quartus/Final_Project_1080595_Clock/Fast_Advance.v Line: 30
Info (10041): Inferred latch for "next_cp[7]" at Fast_Advance.v(30) File: C:/Users/james/OneDrive/Documents/Quartus/Final_Project_1080595_Clock/Fast_Advance.v Line: 30
Info (10041): Inferred latch for "next_cp[8]" at Fast_Advance.v(30) File: C:/Users/james/OneDrive/Documents/Quartus/Final_Project_1080595_Clock/Fast_Advance.v Line: 30
Info (10041): Inferred latch for "next_cp[9]" at Fast_Advance.v(30) File: C:/Users/james/OneDrive/Documents/Quartus/Final_Project_1080595_Clock/Fast_Advance.v Line: 30
Info (10041): Inferred latch for "next_cp[10]" at Fast_Advance.v(30) File: C:/Users/james/OneDrive/Documents/Quartus/Final_Project_1080595_Clock/Fast_Advance.v Line: 30
Info (10041): Inferred latch for "next_cp[11]" at Fast_Advance.v(30) File: C:/Users/james/OneDrive/Documents/Quartus/Final_Project_1080595_Clock/Fast_Advance.v Line: 30
Info (10041): Inferred latch for "next_cp[12]" at Fast_Advance.v(30) File: C:/Users/james/OneDrive/Documents/Quartus/Final_Project_1080595_Clock/Fast_Advance.v Line: 30
Info (10041): Inferred latch for "next_cp[13]" at Fast_Advance.v(30) File: C:/Users/james/OneDrive/Documents/Quartus/Final_Project_1080595_Clock/Fast_Advance.v Line: 30
Info (10041): Inferred latch for "next_cp[14]" at Fast_Advance.v(30) File: C:/Users/james/OneDrive/Documents/Quartus/Final_Project_1080595_Clock/Fast_Advance.v Line: 30
Info (10041): Inferred latch for "next_cp[15]" at Fast_Advance.v(30) File: C:/Users/james/OneDrive/Documents/Quartus/Final_Project_1080595_Clock/Fast_Advance.v Line: 30
Info (10041): Inferred latch for "next_cp[16]" at Fast_Advance.v(30) File: C:/Users/james/OneDrive/Documents/Quartus/Final_Project_1080595_Clock/Fast_Advance.v Line: 30
Info (10041): Inferred latch for "next_cp[17]" at Fast_Advance.v(30) File: C:/Users/james/OneDrive/Documents/Quartus/Final_Project_1080595_Clock/Fast_Advance.v Line: 30
Info (10041): Inferred latch for "next_cp[18]" at Fast_Advance.v(30) File: C:/Users/james/OneDrive/Documents/Quartus/Final_Project_1080595_Clock/Fast_Advance.v Line: 30
Info (10041): Inferred latch for "next_cp[19]" at Fast_Advance.v(30) File: C:/Users/james/OneDrive/Documents/Quartus/Final_Project_1080595_Clock/Fast_Advance.v Line: 30
Info (10041): Inferred latch for "next_cp[20]" at Fast_Advance.v(30) File: C:/Users/james/OneDrive/Documents/Quartus/Final_Project_1080595_Clock/Fast_Advance.v Line: 30
Info (10041): Inferred latch for "next_cp[21]" at Fast_Advance.v(30) File: C:/Users/james/OneDrive/Documents/Quartus/Final_Project_1080595_Clock/Fast_Advance.v Line: 30
Info (10041): Inferred latch for "next_cp[22]" at Fast_Advance.v(30) File: C:/Users/james/OneDrive/Documents/Quartus/Final_Project_1080595_Clock/Fast_Advance.v Line: 30
Info (10041): Inferred latch for "next_cl[0]" at Fast_Advance.v(30) File: C:/Users/james/OneDrive/Documents/Quartus/Final_Project_1080595_Clock/Fast_Advance.v Line: 30
Info (10041): Inferred latch for "next_cl[1]" at Fast_Advance.v(30) File: C:/Users/james/OneDrive/Documents/Quartus/Final_Project_1080595_Clock/Fast_Advance.v Line: 30
Info (10041): Inferred latch for "next_cl[2]" at Fast_Advance.v(30) File: C:/Users/james/OneDrive/Documents/Quartus/Final_Project_1080595_Clock/Fast_Advance.v Line: 30
Info (10041): Inferred latch for "next_cl[3]" at Fast_Advance.v(30) File: C:/Users/james/OneDrive/Documents/Quartus/Final_Project_1080595_Clock/Fast_Advance.v Line: 30
Info (10041): Inferred latch for "next_cl[4]" at Fast_Advance.v(30) File: C:/Users/james/OneDrive/Documents/Quartus/Final_Project_1080595_Clock/Fast_Advance.v Line: 30
Info (10041): Inferred latch for "next_cl[5]" at Fast_Advance.v(30) File: C:/Users/james/OneDrive/Documents/Quartus/Final_Project_1080595_Clock/Fast_Advance.v Line: 30
Info (10041): Inferred latch for "next_cl[6]" at Fast_Advance.v(30) File: C:/Users/james/OneDrive/Documents/Quartus/Final_Project_1080595_Clock/Fast_Advance.v Line: 30
Info (10041): Inferred latch for "next_cl[7]" at Fast_Advance.v(30) File: C:/Users/james/OneDrive/Documents/Quartus/Final_Project_1080595_Clock/Fast_Advance.v Line: 30
Info (10041): Inferred latch for "next_cl[8]" at Fast_Advance.v(30) File: C:/Users/james/OneDrive/Documents/Quartus/Final_Project_1080595_Clock/Fast_Advance.v Line: 30
Info (10041): Inferred latch for "next_cl[9]" at Fast_Advance.v(30) File: C:/Users/james/OneDrive/Documents/Quartus/Final_Project_1080595_Clock/Fast_Advance.v Line: 30
Info (10041): Inferred latch for "next_cl[10]" at Fast_Advance.v(30) File: C:/Users/james/OneDrive/Documents/Quartus/Final_Project_1080595_Clock/Fast_Advance.v Line: 30
Info (10041): Inferred latch for "next_cl[11]" at Fast_Advance.v(30) File: C:/Users/james/OneDrive/Documents/Quartus/Final_Project_1080595_Clock/Fast_Advance.v Line: 30
Info (10041): Inferred latch for "next_cl[12]" at Fast_Advance.v(30) File: C:/Users/james/OneDrive/Documents/Quartus/Final_Project_1080595_Clock/Fast_Advance.v Line: 30
Info (10041): Inferred latch for "next_cl[13]" at Fast_Advance.v(30) File: C:/Users/james/OneDrive/Documents/Quartus/Final_Project_1080595_Clock/Fast_Advance.v Line: 30
Info (10041): Inferred latch for "next_cl[14]" at Fast_Advance.v(30) File: C:/Users/james/OneDrive/Documents/Quartus/Final_Project_1080595_Clock/Fast_Advance.v Line: 30
Info (10041): Inferred latch for "next_cl[15]" at Fast_Advance.v(30) File: C:/Users/james/OneDrive/Documents/Quartus/Final_Project_1080595_Clock/Fast_Advance.v Line: 30
Info (10041): Inferred latch for "next_cl[16]" at Fast_Advance.v(30) File: C:/Users/james/OneDrive/Documents/Quartus/Final_Project_1080595_Clock/Fast_Advance.v Line: 30
Info (10041): Inferred latch for "next_cl[17]" at Fast_Advance.v(30) File: C:/Users/james/OneDrive/Documents/Quartus/Final_Project_1080595_Clock/Fast_Advance.v Line: 30
Info (10041): Inferred latch for "next_cl[18]" at Fast_Advance.v(30) File: C:/Users/james/OneDrive/Documents/Quartus/Final_Project_1080595_Clock/Fast_Advance.v Line: 30
Info (10041): Inferred latch for "next_cl[19]" at Fast_Advance.v(30) File: C:/Users/james/OneDrive/Documents/Quartus/Final_Project_1080595_Clock/Fast_Advance.v Line: 30
Info (10041): Inferred latch for "next_cl[20]" at Fast_Advance.v(30) File: C:/Users/james/OneDrive/Documents/Quartus/Final_Project_1080595_Clock/Fast_Advance.v Line: 30
Info (10041): Inferred latch for "next_cl[21]" at Fast_Advance.v(30) File: C:/Users/james/OneDrive/Documents/Quartus/Final_Project_1080595_Clock/Fast_Advance.v Line: 30
Info (10041): Inferred latch for "next_cl[22]" at Fast_Advance.v(30) File: C:/Users/james/OneDrive/Documents/Quartus/Final_Project_1080595_Clock/Fast_Advance.v Line: 30
Info (10041): Inferred latch for "next_cl[23]" at Fast_Advance.v(30) File: C:/Users/james/OneDrive/Documents/Quartus/Final_Project_1080595_Clock/Fast_Advance.v Line: 30
Info (10041): Inferred latch for "next_cl[24]" at Fast_Advance.v(30) File: C:/Users/james/OneDrive/Documents/Quartus/Final_Project_1080595_Clock/Fast_Advance.v Line: 30
Info (12128): Elaborating entity "FlashControl" for hierarchy "Clock:clock_v1|FlashControl:flash_v1" File: C:/Users/james/OneDrive/Documents/Quartus/Final_Project_1080595_Clock/Clock.v Line: 19
Info (12128): Elaborating entity "Flash_LED" for hierarchy "Clock:clock_v1|FlashControl:flash_v1|Flash_LED:Flash" File: C:/Users/james/OneDrive/Documents/Quartus/Final_Project_1080595_Clock/FlashControl.v Line: 19
Info (12128): Elaborating entity "Counter" for hierarchy "Clock:clock_v1|FlashControl:flash_v1|Flash_LED:Flash|Counter:p" File: C:/Users/james/OneDrive/Documents/Quartus/Final_Project_1080595_Clock/Flash_LED.v Line: 12
Warning (10230): Verilog HDL assignment warning at Counter.v(35): truncated value with size 32 to match size of target (25) File: C:/Users/james/OneDrive/Documents/Quartus/Final_Project_1080595_Clock/Counter.v Line: 35
Info (12128): Elaborating entity "DeMUX4" for hierarchy "Clock:clock_v1|FlashControl:flash_v1|DeMUX4:dm4" File: C:/Users/james/OneDrive/Documents/Quartus/Final_Project_1080595_Clock/FlashControl.v Line: 20
Info (12128): Elaborating entity "Time" for hierarchy "Clock:clock_v1|Time:time_v1" File: C:/Users/james/OneDrive/Documents/Quartus/Final_Project_1080595_Clock/Clock.v Line: 23
Info (12128): Elaborating entity "Counter" for hierarchy "Clock:clock_v1|Time:time_v1|Counter:seperate_time" File: C:/Users/james/OneDrive/Documents/Quartus/Final_Project_1080595_Clock/Time.v Line: 30
Warning (10230): Verilog HDL assignment warning at Counter.v(35): truncated value with size 32 to match size of target (26) File: C:/Users/james/OneDrive/Documents/Quartus/Final_Project_1080595_Clock/Counter.v Line: 35
Info (12128): Elaborating entity "Counter" for hierarchy "Clock:clock_v1|Time:time_v1|Counter:count_seconds" File: C:/Users/james/OneDrive/Documents/Quartus/Final_Project_1080595_Clock/Time.v Line: 35
Warning (10230): Verilog HDL assignment warning at Counter.v(35): truncated value with size 32 to match size of target (6) File: C:/Users/james/OneDrive/Documents/Quartus/Final_Project_1080595_Clock/Counter.v Line: 35
Info (12128): Elaborating entity "Counter" for hierarchy "Clock:clock_v1|Time:time_v1|Counter:count_hours" File: C:/Users/james/OneDrive/Documents/Quartus/Final_Project_1080595_Clock/Time.v Line: 45
Warning (10230): Verilog HDL assignment warning at Counter.v(35): truncated value with size 32 to match size of target (5) File: C:/Users/james/OneDrive/Documents/Quartus/Final_Project_1080595_Clock/Counter.v Line: 35
Info (12128): Elaborating entity "Stop_watch" for hierarchy "Stop_watch:stopwatch_v1" File: C:/Users/james/OneDrive/Documents/Quartus/Final_Project_1080595_Clock/Final_Watch.v Line: 49
Info (12128): Elaborating entity "Counter" for hierarchy "Stop_watch:stopwatch_v1|Counter:count_hundreds" File: C:/Users/james/OneDrive/Documents/Quartus/Final_Project_1080595_Clock/Stop_watch.v Line: 42
Warning (10230): Verilog HDL assignment warning at Counter.v(35): truncated value with size 32 to match size of target (7) File: C:/Users/james/OneDrive/Documents/Quartus/Final_Project_1080595_Clock/Counter.v Line: 35
Info (12128): Elaborating entity "Counter" for hierarchy "Stop_watch:stopwatch_v1|Counter:count_seconds" File: C:/Users/james/OneDrive/Documents/Quartus/Final_Project_1080595_Clock/Stop_watch.v Line: 46
Warning (10230): Verilog HDL assignment warning at Counter.v(35): truncated value with size 32 to match size of target (6) File: C:/Users/james/OneDrive/Documents/Quartus/Final_Project_1080595_Clock/Counter.v Line: 35
Info (12128): Elaborating entity "Counter" for hierarchy "Stop_watch:stopwatch_v1|Counter:seperate_time" File: C:/Users/james/OneDrive/Documents/Quartus/Final_Project_1080595_Clock/Stop_watch.v Line: 50
Warning (10230): Verilog HDL assignment warning at Counter.v(35): truncated value with size 32 to match size of target (19) File: C:/Users/james/OneDrive/Documents/Quartus/Final_Project_1080595_Clock/Counter.v Line: 35
Info (12128): Elaborating entity "Count_down_timer" for hierarchy "Count_down_timer:count_down_time_v1" File: C:/Users/james/OneDrive/Documents/Quartus/Final_Project_1080595_Clock/Final_Watch.v Line: 53
Info (12128): Elaborating entity "Counter" for hierarchy "Count_down_timer:count_down_time_v1|Counter:seperate_time" File: C:/Users/james/OneDrive/Documents/Quartus/Final_Project_1080595_Clock/CDT.v Line: 70
Warning (10230): Verilog HDL assignment warning at Counter.v(15): truncated value with size 32 to match size of target (26) File: C:/Users/james/OneDrive/Documents/Quartus/Final_Project_1080595_Clock/Counter.v Line: 15
Warning (10230): Verilog HDL assignment warning at Counter.v(35): truncated value with size 32 to match size of target (26) File: C:/Users/james/OneDrive/Documents/Quartus/Final_Project_1080595_Clock/Counter.v Line: 35
Warning (10230): Verilog HDL assignment warning at Counter.v(43): truncated value with size 32 to match size of target (26) File: C:/Users/james/OneDrive/Documents/Quartus/Final_Project_1080595_Clock/Counter.v Line: 43
Info (12128): Elaborating entity "Counter" for hierarchy "Count_down_timer:count_down_time_v1|Counter:count_seconds" File: C:/Users/james/OneDrive/Documents/Quartus/Final_Project_1080595_Clock/CDT.v Line: 76
Warning (10230): Verilog HDL assignment warning at Counter.v(15): truncated value with size 32 to match size of target (6) File: C:/Users/james/OneDrive/Documents/Quartus/Final_Project_1080595_Clock/Counter.v Line: 15
Warning (10230): Verilog HDL assignment warning at Counter.v(35): truncated value with size 32 to match size of target (6) File: C:/Users/james/OneDrive/Documents/Quartus/Final_Project_1080595_Clock/Counter.v Line: 35
Warning (10230): Verilog HDL assignment warning at Counter.v(43): truncated value with size 32 to match size of target (6) File: C:/Users/james/OneDrive/Documents/Quartus/Final_Project_1080595_Clock/Counter.v Line: 43
Info (12128): Elaborating entity "Counter" for hierarchy "Count_down_timer:count_down_time_v1|Counter:count_hours" File: C:/Users/james/OneDrive/Documents/Quartus/Final_Project_1080595_Clock/CDT.v Line: 87
Warning (10230): Verilog HDL assignment warning at Counter.v(15): truncated value with size 32 to match size of target (5) File: C:/Users/james/OneDrive/Documents/Quartus/Final_Project_1080595_Clock/Counter.v Line: 15
Warning (10230): Verilog HDL assignment warning at Counter.v(35): truncated value with size 32 to match size of target (5) File: C:/Users/james/OneDrive/Documents/Quartus/Final_Project_1080595_Clock/Counter.v Line: 35
Warning (10230): Verilog HDL assignment warning at Counter.v(43): truncated value with size 32 to match size of target (5) File: C:/Users/james/OneDrive/Documents/Quartus/Final_Project_1080595_Clock/Counter.v Line: 43
Info (12128): Elaborating entity "check_values" for hierarchy "Count_down_timer:count_down_time_v1|check_values:check1" File: C:/Users/james/OneDrive/Documents/Quartus/Final_Project_1080595_Clock/CDT.v Line: 90
Info (12128): Elaborating entity "check_done" for hierarchy "Count_down_timer:count_down_time_v1|check_done:check3" File: C:/Users/james/OneDrive/Documents/Quartus/Final_Project_1080595_Clock/CDT.v Line: 96
Warning (10230): Verilog HDL assignment warning at check_finished.v(6): truncated value with size 32 to match size of target (6) File: C:/Users/james/OneDrive/Documents/Quartus/Final_Project_1080595_Clock/check_finished.v Line: 6
Info (12128): Elaborating entity "Multiplexer" for hierarchy "Multiplexer:multiplexer_v1" File: C:/Users/james/OneDrive/Documents/Quartus/Final_Project_1080595_Clock/Final_Watch.v Line: 61
Info (12128): Elaborating entity "Display" for hierarchy "Display:display" File: C:/Users/james/OneDrive/Documents/Quartus/Final_Project_1080595_Clock/Final_Watch.v Line: 66
Info (12128): Elaborating entity "NumConv" for hierarchy "Display:display|NumConv:Convert_Hours" File: C:/Users/james/OneDrive/Documents/Quartus/Final_Project_1080595_Clock/Display.v Line: 13
Warning (10230): Verilog HDL assignment warning at NumConv.v(4): truncated value with size 32 to match size of target (4) File: C:/Users/james/OneDrive/Documents/Quartus/Final_Project_1080595_Clock/NumConv.v Line: 4
Warning (10230): Verilog HDL assignment warning at NumConv.v(5): truncated value with size 32 to match size of target (4) File: C:/Users/james/OneDrive/Documents/Quartus/Final_Project_1080595_Clock/NumConv.v Line: 5
Info (12128): Elaborating entity "SSeg" for hierarchy "Display:display|SSeg:hours1" File: C:/Users/james/OneDrive/Documents/Quartus/Final_Project_1080595_Clock/Display.v Line: 18
Warning (10270): Verilog HDL Case Statement warning at SSEG.v(8): incomplete case statement has no default case item File: C:/Users/james/OneDrive/Documents/Quartus/Final_Project_1080595_Clock/SSEG.v Line: 8
Warning (10240): Verilog HDL Always Construct warning at SSEG.v(3): inferring latch(es) for variable "sseg", which holds its previous value in one or more paths through the always construct File: C:/Users/james/OneDrive/Documents/Quartus/Final_Project_1080595_Clock/SSEG.v Line: 3
Info (10041): Inferred latch for "sseg[0]" at SSEG.v(5) File: C:/Users/james/OneDrive/Documents/Quartus/Final_Project_1080595_Clock/SSEG.v Line: 5
Info (10041): Inferred latch for "sseg[1]" at SSEG.v(5) File: C:/Users/james/OneDrive/Documents/Quartus/Final_Project_1080595_Clock/SSEG.v Line: 5
Info (10041): Inferred latch for "sseg[2]" at SSEG.v(5) File: C:/Users/james/OneDrive/Documents/Quartus/Final_Project_1080595_Clock/SSEG.v Line: 5
Info (10041): Inferred latch for "sseg[3]" at SSEG.v(5) File: C:/Users/james/OneDrive/Documents/Quartus/Final_Project_1080595_Clock/SSEG.v Line: 5
Info (10041): Inferred latch for "sseg[4]" at SSEG.v(5) File: C:/Users/james/OneDrive/Documents/Quartus/Final_Project_1080595_Clock/SSEG.v Line: 5
Info (10041): Inferred latch for "sseg[5]" at SSEG.v(5) File: C:/Users/james/OneDrive/Documents/Quartus/Final_Project_1080595_Clock/SSEG.v Line: 5
Info (10041): Inferred latch for "sseg[6]" at SSEG.v(5) File: C:/Users/james/OneDrive/Documents/Quartus/Final_Project_1080595_Clock/SSEG.v Line: 5
Warning (12011): Net is missing source, defaulting to GND
    Warning (12110): Net "Count_down_timer:count_down_time_v1|hours[6]" is missing source, defaulting to GND File: C:/Users/james/OneDrive/Documents/Quartus/Final_Project_1080595_Clock/CDT.v Line: 1
    Warning (12110): Net "Count_down_timer:count_down_time_v1|hours[5]" is missing source, defaulting to GND File: C:/Users/james/OneDrive/Documents/Quartus/Final_Project_1080595_Clock/CDT.v Line: 1
    Warning (12110): Net "Count_down_timer:count_down_time_v1|seconds[6]" is missing source, defaulting to GND File: C:/Users/james/OneDrive/Documents/Quartus/Final_Project_1080595_Clock/CDT.v Line: 1
    Warning (12110): Net "Count_down_timer:count_down_time_v1|minutes[6]" is missing source, defaulting to GND File: C:/Users/james/OneDrive/Documents/Quartus/Final_Project_1080595_Clock/CDT.v Line: 1
Info (278001): Inferred 6 megafunctions from design logic
    Info (278004): Inferred divider/modulo megafunction ("lpm_divide") from the following logic: "Display:display|NumConv:Convert_Hours|Div0" File: C:/Users/james/OneDrive/Documents/Quartus/Final_Project_1080595_Clock/NumConv.v Line: 4
    Info (278004): Inferred divider/modulo megafunction ("lpm_divide") from the following logic: "Display:display|NumConv:Convert_Hours|Mod0" File: C:/Users/james/OneDrive/Documents/Quartus/Final_Project_1080595_Clock/NumConv.v Line: 5
    Info (278004): Inferred divider/modulo megafunction ("lpm_divide") from the following logic: "Display:display|NumConv:Convert_Mins|Div0" File: C:/Users/james/OneDrive/Documents/Quartus/Final_Project_1080595_Clock/NumConv.v Line: 4
    Info (278004): Inferred divider/modulo megafunction ("lpm_divide") from the following logic: "Display:display|NumConv:Convert_Mins|Mod0" File: C:/Users/james/OneDrive/Documents/Quartus/Final_Project_1080595_Clock/NumConv.v Line: 5
    Info (278004): Inferred divider/modulo megafunction ("lpm_divide") from the following logic: "Display:display|NumConv:Convert_Secs|Div0" File: C:/Users/james/OneDrive/Documents/Quartus/Final_Project_1080595_Clock/NumConv.v Line: 4
    Info (278004): Inferred divider/modulo megafunction ("lpm_divide") from the following logic: "Display:display|NumConv:Convert_Secs|Mod0" File: C:/Users/james/OneDrive/Documents/Quartus/Final_Project_1080595_Clock/NumConv.v Line: 5
Info (12130): Elaborated megafunction instantiation "Display:display|NumConv:Convert_Hours|lpm_divide:Div0" File: C:/Users/james/OneDrive/Documents/Quartus/Final_Project_1080595_Clock/NumConv.v Line: 4
Info (12133): Instantiated megafunction "Display:display|NumConv:Convert_Hours|lpm_divide:Div0" with the following parameter: File: C:/Users/james/OneDrive/Documents/Quartus/Final_Project_1080595_Clock/NumConv.v Line: 4
    Info (12134): Parameter "LPM_WIDTHN" = "7"
    Info (12134): Parameter "LPM_WIDTHD" = "4"
    Info (12134): Parameter "LPM_NREPRESENTATION" = "UNSIGNED"
    Info (12134): Parameter "LPM_DREPRESENTATION" = "UNSIGNED"
Info (12021): Found 1 design units, including 1 entities, in source file db/lpm_divide_4am.tdf
    Info (12023): Found entity 1: lpm_divide_4am File: C:/Users/james/OneDrive/Documents/Quartus/Final_Project_1080595_Clock/db/lpm_divide_4am.tdf Line: 25
Info (12021): Found 1 design units, including 1 entities, in source file db/sign_div_unsign_akh.tdf
    Info (12023): Found entity 1: sign_div_unsign_akh File: C:/Users/james/OneDrive/Documents/Quartus/Final_Project_1080595_Clock/db/sign_div_unsign_akh.tdf Line: 25
Info (12021): Found 1 design units, including 1 entities, in source file db/alt_u_div_qse.tdf
    Info (12023): Found entity 1: alt_u_div_qse File: C:/Users/james/OneDrive/Documents/Quartus/Final_Project_1080595_Clock/db/alt_u_div_qse.tdf Line: 23
Info (12130): Elaborated megafunction instantiation "Display:display|NumConv:Convert_Hours|lpm_divide:Mod0" File: C:/Users/james/OneDrive/Documents/Quartus/Final_Project_1080595_Clock/NumConv.v Line: 5
Info (12133): Instantiated megafunction "Display:display|NumConv:Convert_Hours|lpm_divide:Mod0" with the following parameter: File: C:/Users/james/OneDrive/Documents/Quartus/Final_Project_1080595_Clock/NumConv.v Line: 5
    Info (12134): Parameter "LPM_WIDTHN" = "7"
    Info (12134): Parameter "LPM_WIDTHD" = "4"
    Info (12134): Parameter "LPM_NREPRESENTATION" = "UNSIGNED"
    Info (12134): Parameter "LPM_DREPRESENTATION" = "UNSIGNED"
Info (12021): Found 1 design units, including 1 entities, in source file db/lpm_divide_72m.tdf
    Info (12023): Found entity 1: lpm_divide_72m File: C:/Users/james/OneDrive/Documents/Quartus/Final_Project_1080595_Clock/db/lpm_divide_72m.tdf Line: 25
Info (12130): Elaborated megafunction instantiation "Display:display|NumConv:Convert_Secs|lpm_divide:Div0" File: C:/Users/james/OneDrive/Documents/Quartus/Final_Project_1080595_Clock/NumConv.v Line: 4
Info (12133): Instantiated megafunction "Display:display|NumConv:Convert_Secs|lpm_divide:Div0" with the following parameter: File: C:/Users/james/OneDrive/Documents/Quartus/Final_Project_1080595_Clock/NumConv.v Line: 4
    Info (12134): Parameter "LPM_WIDTHN" = "7"
    Info (12134): Parameter "LPM_WIDTHD" = "4"
    Info (12134): Parameter "LPM_NREPRESENTATION" = "UNSIGNED"
    Info (12134): Parameter "LPM_DREPRESENTATION" = "UNSIGNED"
Info (12130): Elaborated megafunction instantiation "Display:display|NumConv:Convert_Secs|lpm_divide:Mod0" File: C:/Users/james/OneDrive/Documents/Quartus/Final_Project_1080595_Clock/NumConv.v Line: 5
Info (12133): Instantiated megafunction "Display:display|NumConv:Convert_Secs|lpm_divide:Mod0" with the following parameter: File: C:/Users/james/OneDrive/Documents/Quartus/Final_Project_1080595_Clock/NumConv.v Line: 5
    Info (12134): Parameter "LPM_WIDTHN" = "7"
    Info (12134): Parameter "LPM_WIDTHD" = "4"
    Info (12134): Parameter "LPM_NREPRESENTATION" = "UNSIGNED"
    Info (12134): Parameter "LPM_DREPRESENTATION" = "UNSIGNED"
Warning (12241): 15 hierarchies have connectivity warnings - see the Connectivity Checks report folder
Warning (13012): Latch Display:display|SSeg:hours1|sseg[0] has unsafe behavior File: C:/Users/james/OneDrive/Documents/Quartus/Final_Project_1080595_Clock/SSEG.v Line: 5
    Warning (13013): Ports D and ENA on the latch are fed by the same signal Display:display|NumConv:Convert_Hours|lpm_divide:Div0|lpm_divide_4am:auto_generated|sign_div_unsign_akh:divider|alt_u_div_qse:divider|op_6~synth
Warning (13012): Latch Display:display|SSeg:hours1|sseg[1] has unsafe behavior File: C:/Users/james/OneDrive/Documents/Quartus/Final_Project_1080595_Clock/SSEG.v Line: 5
    Warning (13013): Ports D and ENA on the latch are fed by the same signal Display:display|NumConv:Convert_Hours|lpm_divide:Div0|lpm_divide_4am:auto_generated|sign_div_unsign_akh:divider|alt_u_div_qse:divider|op_5~synth
Warning (13012): Latch Display:display|SSeg:hours1|sseg[2] has unsafe behavior File: C:/Users/james/OneDrive/Documents/Quartus/Final_Project_1080595_Clock/SSEG.v Line: 5
    Warning (13013): Ports D and ENA on the latch are fed by the same signal Display:display|NumConv:Convert_Hours|lpm_divide:Div0|lpm_divide_4am:auto_generated|sign_div_unsign_akh:divider|alt_u_div_qse:divider|op_5~synth
Warning (13012): Latch Display:display|SSeg:hours1|sseg[3] has unsafe behavior File: C:/Users/james/OneDrive/Documents/Quartus/Final_Project_1080595_Clock/SSEG.v Line: 5
    Warning (13013): Ports D and ENA on the latch are fed by the same signal Display:display|NumConv:Convert_Hours|lpm_divide:Div0|lpm_divide_4am:auto_generated|sign_div_unsign_akh:divider|alt_u_div_qse:divider|op_6~synth
Warning (13012): Latch Display:display|SSeg:hours1|sseg[4] has unsafe behavior File: C:/Users/james/OneDrive/Documents/Quartus/Final_Project_1080595_Clock/SSEG.v Line: 5
    Warning (13013): Ports D and ENA on the latch are fed by the same signal Display:display|NumConv:Convert_Hours|lpm_divide:Div0|lpm_divide_4am:auto_generated|sign_div_unsign_akh:divider|alt_u_div_qse:divider|op_5~synth
Warning (13012): Latch Display:display|SSeg:hours1|sseg[5] has unsafe behavior File: C:/Users/james/OneDrive/Documents/Quartus/Final_Project_1080595_Clock/SSEG.v Line: 5
    Warning (13013): Ports D and ENA on the latch are fed by the same signal Display:display|NumConv:Convert_Hours|lpm_divide:Div0|lpm_divide_4am:auto_generated|sign_div_unsign_akh:divider|alt_u_div_qse:divider|op_6~synth
Warning (13012): Latch Display:display|SSeg:hours1|sseg[6] has unsafe behavior File: C:/Users/james/OneDrive/Documents/Quartus/Final_Project_1080595_Clock/SSEG.v Line: 5
    Warning (13013): Ports D and ENA on the latch are fed by the same signal Display:display|NumConv:Convert_Hours|lpm_divide:Div0|lpm_divide_4am:auto_generated|sign_div_unsign_akh:divider|alt_u_div_qse:divider|op_6~synth
Warning (13012): Latch Display:display|SSeg:hours2|sseg[0] has unsafe behavior File: C:/Users/james/OneDrive/Documents/Quartus/Final_Project_1080595_Clock/SSEG.v Line: 5
    Warning (13013): Ports D and ENA on the latch are fed by the same signal mode_FSM:finite_SM|state_mode.CLOCK_MODE File: C:/Users/james/OneDrive/Documents/Quartus/Final_Project_1080595_Clock/mode_FSM.v Line: 13
    Warning (13013): Ports ENA and PRE on the latch are fed by the same signal mode_FSM:finite_SM|state_mode.CLOCK_MODE File: C:/Users/james/OneDrive/Documents/Quartus/Final_Project_1080595_Clock/mode_FSM.v Line: 13
Warning (13012): Latch Display:display|SSeg:hours2|sseg[1] has unsafe behavior File: C:/Users/james/OneDrive/Documents/Quartus/Final_Project_1080595_Clock/SSEG.v Line: 5
    Warning (13013): Ports D and ENA on the latch are fed by the same signal mode_FSM:finite_SM|state_mode.CLOCK_MODE File: C:/Users/james/OneDrive/Documents/Quartus/Final_Project_1080595_Clock/mode_FSM.v Line: 13
    Warning (13013): Ports ENA and PRE on the latch are fed by the same signal mode_FSM:finite_SM|state_mode.CLOCK_MODE File: C:/Users/james/OneDrive/Documents/Quartus/Final_Project_1080595_Clock/mode_FSM.v Line: 13
Warning (13012): Latch Display:display|SSeg:hours2|sseg[2] has unsafe behavior File: C:/Users/james/OneDrive/Documents/Quartus/Final_Project_1080595_Clock/SSEG.v Line: 5
    Warning (13013): Ports D and ENA on the latch are fed by the same signal mode_FSM:finite_SM|state_mode.CLOCK_MODE File: C:/Users/james/OneDrive/Documents/Quartus/Final_Project_1080595_Clock/mode_FSM.v Line: 13
    Warning (13013): Ports ENA and PRE on the latch are fed by the same signal mode_FSM:finite_SM|state_mode.CLOCK_MODE File: C:/Users/james/OneDrive/Documents/Quartus/Final_Project_1080595_Clock/mode_FSM.v Line: 13
Warning (13012): Latch Display:display|SSeg:hours2|sseg[3] has unsafe behavior File: C:/Users/james/OneDrive/Documents/Quartus/Final_Project_1080595_Clock/SSEG.v Line: 5
    Warning (13013): Ports D and ENA on the latch are fed by the same signal mode_FSM:finite_SM|state_mode.CLOCK_MODE File: C:/Users/james/OneDrive/Documents/Quartus/Final_Project_1080595_Clock/mode_FSM.v Line: 13
    Warning (13013): Ports ENA and PRE on the latch are fed by the same signal mode_FSM:finite_SM|state_mode.CLOCK_MODE File: C:/Users/james/OneDrive/Documents/Quartus/Final_Project_1080595_Clock/mode_FSM.v Line: 13
Warning (13012): Latch Display:display|SSeg:hours2|sseg[4] has unsafe behavior File: C:/Users/james/OneDrive/Documents/Quartus/Final_Project_1080595_Clock/SSEG.v Line: 5
    Warning (13013): Ports D and ENA on the latch are fed by the same signal mode_FSM:finite_SM|state_mode.CLOCK_MODE File: C:/Users/james/OneDrive/Documents/Quartus/Final_Project_1080595_Clock/mode_FSM.v Line: 13
    Warning (13013): Ports ENA and PRE on the latch are fed by the same signal mode_FSM:finite_SM|state_mode.CLOCK_MODE File: C:/Users/james/OneDrive/Documents/Quartus/Final_Project_1080595_Clock/mode_FSM.v Line: 13
Warning (13012): Latch Display:display|SSeg:hours2|sseg[5] has unsafe behavior File: C:/Users/james/OneDrive/Documents/Quartus/Final_Project_1080595_Clock/SSEG.v Line: 5
    Warning (13013): Ports D and ENA on the latch are fed by the same signal mode_FSM:finite_SM|state_mode.CLOCK_MODE File: C:/Users/james/OneDrive/Documents/Quartus/Final_Project_1080595_Clock/mode_FSM.v Line: 13
    Warning (13013): Ports ENA and PRE on the latch are fed by the same signal mode_FSM:finite_SM|state_mode.CLOCK_MODE File: C:/Users/james/OneDrive/Documents/Quartus/Final_Project_1080595_Clock/mode_FSM.v Line: 13
Warning (13012): Latch Display:display|SSeg:hours2|sseg[6] has unsafe behavior File: C:/Users/james/OneDrive/Documents/Quartus/Final_Project_1080595_Clock/SSEG.v Line: 5
    Warning (13013): Ports D and ENA on the latch are fed by the same signal mode_FSM:finite_SM|state_mode.CLOCK_MODE File: C:/Users/james/OneDrive/Documents/Quartus/Final_Project_1080595_Clock/mode_FSM.v Line: 13
    Warning (13013): Ports ENA and PRE on the latch are fed by the same signal mode_FSM:finite_SM|state_mode.CLOCK_MODE File: C:/Users/james/OneDrive/Documents/Quartus/Final_Project_1080595_Clock/mode_FSM.v Line: 13
Warning (13012): Latch Display:display|SSeg:mins1|sseg[0] has unsafe behavior File: C:/Users/james/OneDrive/Documents/Quartus/Final_Project_1080595_Clock/SSEG.v Line: 5
    Warning (13013): Ports D and ENA on the latch are fed by the same signal Display:display|NumConv:Convert_Mins|lpm_divide:Div0|lpm_divide_4am:auto_generated|sign_div_unsign_akh:divider|alt_u_div_qse:divider|op_6~synth
Warning (13012): Latch Display:display|SSeg:mins1|sseg[1] has unsafe behavior File: C:/Users/james/OneDrive/Documents/Quartus/Final_Project_1080595_Clock/SSEG.v Line: 5
    Warning (13013): Ports D and ENA on the latch are fed by the same signal Display:display|NumConv:Convert_Mins|lpm_divide:Div0|lpm_divide_4am:auto_generated|sign_div_unsign_akh:divider|alt_u_div_qse:divider|op_5~synth
Warning (13012): Latch Display:display|SSeg:mins1|sseg[2] has unsafe behavior File: C:/Users/james/OneDrive/Documents/Quartus/Final_Project_1080595_Clock/SSEG.v Line: 5
    Warning (13013): Ports D and ENA on the latch are fed by the same signal Display:display|NumConv:Convert_Mins|lpm_divide:Div0|lpm_divide_4am:auto_generated|sign_div_unsign_akh:divider|alt_u_div_qse:divider|op_5~synth
Warning (13012): Latch Display:display|SSeg:mins1|sseg[3] has unsafe behavior File: C:/Users/james/OneDrive/Documents/Quartus/Final_Project_1080595_Clock/SSEG.v Line: 5
    Warning (13013): Ports D and ENA on the latch are fed by the same signal Display:display|NumConv:Convert_Mins|lpm_divide:Div0|lpm_divide_4am:auto_generated|sign_div_unsign_akh:divider|alt_u_div_qse:divider|op_6~synth
Warning (13012): Latch Display:display|SSeg:mins1|sseg[4] has unsafe behavior File: C:/Users/james/OneDrive/Documents/Quartus/Final_Project_1080595_Clock/SSEG.v Line: 5
    Warning (13013): Ports D and ENA on the latch are fed by the same signal Display:display|NumConv:Convert_Mins|lpm_divide:Div0|lpm_divide_4am:auto_generated|sign_div_unsign_akh:divider|alt_u_div_qse:divider|op_5~synth
Warning (13012): Latch Display:display|SSeg:mins1|sseg[5] has unsafe behavior File: C:/Users/james/OneDrive/Documents/Quartus/Final_Project_1080595_Clock/SSEG.v Line: 5
    Warning (13013): Ports D and ENA on the latch are fed by the same signal Display:display|NumConv:Convert_Mins|lpm_divide:Div0|lpm_divide_4am:auto_generated|sign_div_unsign_akh:divider|alt_u_div_qse:divider|op_6~synth
Warning (13012): Latch Display:display|SSeg:mins1|sseg[6] has unsafe behavior File: C:/Users/james/OneDrive/Documents/Quartus/Final_Project_1080595_Clock/SSEG.v Line: 5
    Warning (13013): Ports D and ENA on the latch are fed by the same signal Display:display|NumConv:Convert_Mins|lpm_divide:Div0|lpm_divide_4am:auto_generated|sign_div_unsign_akh:divider|alt_u_div_qse:divider|op_6~synth
Warning (13012): Latch Display:display|SSeg:mins2|sseg[0] has unsafe behavior File: C:/Users/james/OneDrive/Documents/Quartus/Final_Project_1080595_Clock/SSEG.v Line: 5
    Warning (13013): Ports D and ENA on the latch are fed by the same signal mode_FSM:finite_SM|state_mode.CLOCK_MODE File: C:/Users/james/OneDrive/Documents/Quartus/Final_Project_1080595_Clock/mode_FSM.v Line: 13
    Warning (13013): Ports ENA and PRE on the latch are fed by the same signal mode_FSM:finite_SM|state_mode.CLOCK_MODE File: C:/Users/james/OneDrive/Documents/Quartus/Final_Project_1080595_Clock/mode_FSM.v Line: 13
Warning (13012): Latch Display:display|SSeg:mins2|sseg[1] has unsafe behavior File: C:/Users/james/OneDrive/Documents/Quartus/Final_Project_1080595_Clock/SSEG.v Line: 5
    Warning (13013): Ports D and ENA on the latch are fed by the same signal mode_FSM:finite_SM|state_mode.CLOCK_MODE File: C:/Users/james/OneDrive/Documents/Quartus/Final_Project_1080595_Clock/mode_FSM.v Line: 13
    Warning (13013): Ports ENA and PRE on the latch are fed by the same signal mode_FSM:finite_SM|state_mode.CLOCK_MODE File: C:/Users/james/OneDrive/Documents/Quartus/Final_Project_1080595_Clock/mode_FSM.v Line: 13
Warning (13012): Latch Display:display|SSeg:mins2|sseg[2] has unsafe behavior File: C:/Users/james/OneDrive/Documents/Quartus/Final_Project_1080595_Clock/SSEG.v Line: 5
    Warning (13013): Ports D and ENA on the latch are fed by the same signal mode_FSM:finite_SM|state_mode.CLOCK_MODE File: C:/Users/james/OneDrive/Documents/Quartus/Final_Project_1080595_Clock/mode_FSM.v Line: 13
    Warning (13013): Ports ENA and PRE on the latch are fed by the same signal mode_FSM:finite_SM|state_mode.CLOCK_MODE File: C:/Users/james/OneDrive/Documents/Quartus/Final_Project_1080595_Clock/mode_FSM.v Line: 13
Warning (13012): Latch Display:display|SSeg:mins2|sseg[3] has unsafe behavior File: C:/Users/james/OneDrive/Documents/Quartus/Final_Project_1080595_Clock/SSEG.v Line: 5
    Warning (13013): Ports D and ENA on the latch are fed by the same signal mode_FSM:finite_SM|state_mode.CLOCK_MODE File: C:/Users/james/OneDrive/Documents/Quartus/Final_Project_1080595_Clock/mode_FSM.v Line: 13
    Warning (13013): Ports ENA and PRE on the latch are fed by the same signal mode_FSM:finite_SM|state_mode.CLOCK_MODE File: C:/Users/james/OneDrive/Documents/Quartus/Final_Project_1080595_Clock/mode_FSM.v Line: 13
Warning (13012): Latch Display:display|SSeg:mins2|sseg[4] has unsafe behavior File: C:/Users/james/OneDrive/Documents/Quartus/Final_Project_1080595_Clock/SSEG.v Line: 5
    Warning (13013): Ports D and ENA on the latch are fed by the same signal mode_FSM:finite_SM|state_mode.CLOCK_MODE File: C:/Users/james/OneDrive/Documents/Quartus/Final_Project_1080595_Clock/mode_FSM.v Line: 13
    Warning (13013): Ports ENA and PRE on the latch are fed by the same signal mode_FSM:finite_SM|state_mode.CLOCK_MODE File: C:/Users/james/OneDrive/Documents/Quartus/Final_Project_1080595_Clock/mode_FSM.v Line: 13
Warning (13012): Latch Display:display|SSeg:mins2|sseg[5] has unsafe behavior File: C:/Users/james/OneDrive/Documents/Quartus/Final_Project_1080595_Clock/SSEG.v Line: 5
    Warning (13013): Ports D and ENA on the latch are fed by the same signal mode_FSM:finite_SM|state_mode.CLOCK_MODE File: C:/Users/james/OneDrive/Documents/Quartus/Final_Project_1080595_Clock/mode_FSM.v Line: 13
    Warning (13013): Ports ENA and PRE on the latch are fed by the same signal mode_FSM:finite_SM|state_mode.CLOCK_MODE File: C:/Users/james/OneDrive/Documents/Quartus/Final_Project_1080595_Clock/mode_FSM.v Line: 13
Warning (13012): Latch Display:display|SSeg:mins2|sseg[6] has unsafe behavior File: C:/Users/james/OneDrive/Documents/Quartus/Final_Project_1080595_Clock/SSEG.v Line: 5
    Warning (13013): Ports D and ENA on the latch are fed by the same signal mode_FSM:finite_SM|state_mode.CLOCK_MODE File: C:/Users/james/OneDrive/Documents/Quartus/Final_Project_1080595_Clock/mode_FSM.v Line: 13
    Warning (13013): Ports ENA and PRE on the latch are fed by the same signal mode_FSM:finite_SM|state_mode.CLOCK_MODE File: C:/Users/james/OneDrive/Documents/Quartus/Final_Project_1080595_Clock/mode_FSM.v Line: 13
Warning (13012): Latch Display:display|SSeg:secs1|sseg[0] has unsafe behavior File: C:/Users/james/OneDrive/Documents/Quartus/Final_Project_1080595_Clock/SSEG.v Line: 5
    Warning (13013): Ports D and ENA on the latch are fed by the same signal Display:display|NumConv:Convert_Secs|lpm_divide:Div0|lpm_divide_4am:auto_generated|sign_div_unsign_akh:divider|alt_u_div_qse:divider|op_6~synth
Warning (13012): Latch Display:display|SSeg:secs1|sseg[1] has unsafe behavior File: C:/Users/james/OneDrive/Documents/Quartus/Final_Project_1080595_Clock/SSEG.v Line: 5
    Warning (13013): Ports D and ENA on the latch are fed by the same signal Display:display|NumConv:Convert_Secs|lpm_divide:Div0|lpm_divide_4am:auto_generated|sign_div_unsign_akh:divider|alt_u_div_qse:divider|op_5~synth
Warning (13012): Latch Display:display|SSeg:secs1|sseg[2] has unsafe behavior File: C:/Users/james/OneDrive/Documents/Quartus/Final_Project_1080595_Clock/SSEG.v Line: 5
    Warning (13013): Ports D and ENA on the latch are fed by the same signal Display:display|NumConv:Convert_Secs|lpm_divide:Div0|lpm_divide_4am:auto_generated|sign_div_unsign_akh:divider|alt_u_div_qse:divider|op_5~synth
Warning (13012): Latch Display:display|SSeg:secs1|sseg[3] has unsafe behavior File: C:/Users/james/OneDrive/Documents/Quartus/Final_Project_1080595_Clock/SSEG.v Line: 5
    Warning (13013): Ports D and ENA on the latch are fed by the same signal Display:display|NumConv:Convert_Secs|lpm_divide:Div0|lpm_divide_4am:auto_generated|sign_div_unsign_akh:divider|alt_u_div_qse:divider|op_6~synth
Warning (13012): Latch Display:display|SSeg:secs1|sseg[4] has unsafe behavior File: C:/Users/james/OneDrive/Documents/Quartus/Final_Project_1080595_Clock/SSEG.v Line: 5
    Warning (13013): Ports D and ENA on the latch are fed by the same signal Display:display|NumConv:Convert_Secs|lpm_divide:Div0|lpm_divide_4am:auto_generated|sign_div_unsign_akh:divider|alt_u_div_qse:divider|op_5~synth
Warning (13012): Latch Display:display|SSeg:secs1|sseg[5] has unsafe behavior File: C:/Users/james/OneDrive/Documents/Quartus/Final_Project_1080595_Clock/SSEG.v Line: 5
    Warning (13013): Ports D and ENA on the latch are fed by the same signal Display:display|NumConv:Convert_Secs|lpm_divide:Div0|lpm_divide_4am:auto_generated|sign_div_unsign_akh:divider|alt_u_div_qse:divider|op_6~synth
Warning (13012): Latch Display:display|SSeg:secs1|sseg[6] has unsafe behavior File: C:/Users/james/OneDrive/Documents/Quartus/Final_Project_1080595_Clock/SSEG.v Line: 5
    Warning (13013): Ports D and ENA on the latch are fed by the same signal Display:display|NumConv:Convert_Secs|lpm_divide:Div0|lpm_divide_4am:auto_generated|sign_div_unsign_akh:divider|alt_u_div_qse:divider|op_6~synth
Warning (13012): Latch Display:display|SSeg:secs2|sseg[0] has unsafe behavior File: C:/Users/james/OneDrive/Documents/Quartus/Final_Project_1080595_Clock/SSEG.v Line: 5
    Warning (13013): Ports D and ENA on the latch are fed by the same signal mode_FSM:finite_SM|state_mode.CLOCK_MODE File: C:/Users/james/OneDrive/Documents/Quartus/Final_Project_1080595_Clock/mode_FSM.v Line: 13
    Warning (13013): Ports ENA and PRE on the latch are fed by the same signal mode_FSM:finite_SM|state_mode.CLOCK_MODE File: C:/Users/james/OneDrive/Documents/Quartus/Final_Project_1080595_Clock/mode_FSM.v Line: 13
Warning (13012): Latch Display:display|SSeg:secs2|sseg[1] has unsafe behavior File: C:/Users/james/OneDrive/Documents/Quartus/Final_Project_1080595_Clock/SSEG.v Line: 5
    Warning (13013): Ports D and ENA on the latch are fed by the same signal mode_FSM:finite_SM|state_mode.CLOCK_MODE File: C:/Users/james/OneDrive/Documents/Quartus/Final_Project_1080595_Clock/mode_FSM.v Line: 13
    Warning (13013): Ports ENA and PRE on the latch are fed by the same signal mode_FSM:finite_SM|state_mode.CLOCK_MODE File: C:/Users/james/OneDrive/Documents/Quartus/Final_Project_1080595_Clock/mode_FSM.v Line: 13
Warning (13012): Latch Display:display|SSeg:secs2|sseg[2] has unsafe behavior File: C:/Users/james/OneDrive/Documents/Quartus/Final_Project_1080595_Clock/SSEG.v Line: 5
    Warning (13013): Ports D and ENA on the latch are fed by the same signal mode_FSM:finite_SM|state_mode.CLOCK_MODE File: C:/Users/james/OneDrive/Documents/Quartus/Final_Project_1080595_Clock/mode_FSM.v Line: 13
    Warning (13013): Ports ENA and PRE on the latch are fed by the same signal mode_FSM:finite_SM|state_mode.CLOCK_MODE File: C:/Users/james/OneDrive/Documents/Quartus/Final_Project_1080595_Clock/mode_FSM.v Line: 13
Warning (13012): Latch Display:display|SSeg:secs2|sseg[3] has unsafe behavior File: C:/Users/james/OneDrive/Documents/Quartus/Final_Project_1080595_Clock/SSEG.v Line: 5
    Warning (13013): Ports D and ENA on the latch are fed by the same signal mode_FSM:finite_SM|state_mode.CLOCK_MODE File: C:/Users/james/OneDrive/Documents/Quartus/Final_Project_1080595_Clock/mode_FSM.v Line: 13
    Warning (13013): Ports ENA and PRE on the latch are fed by the same signal mode_FSM:finite_SM|state_mode.CLOCK_MODE File: C:/Users/james/OneDrive/Documents/Quartus/Final_Project_1080595_Clock/mode_FSM.v Line: 13
Warning (13012): Latch Display:display|SSeg:secs2|sseg[4] has unsafe behavior File: C:/Users/james/OneDrive/Documents/Quartus/Final_Project_1080595_Clock/SSEG.v Line: 5
    Warning (13013): Ports D and ENA on the latch are fed by the same signal mode_FSM:finite_SM|state_mode.CLOCK_MODE File: C:/Users/james/OneDrive/Documents/Quartus/Final_Project_1080595_Clock/mode_FSM.v Line: 13
    Warning (13013): Ports ENA and PRE on the latch are fed by the same signal mode_FSM:finite_SM|state_mode.CLOCK_MODE File: C:/Users/james/OneDrive/Documents/Quartus/Final_Project_1080595_Clock/mode_FSM.v Line: 13
Warning (13012): Latch Display:display|SSeg:secs2|sseg[5] has unsafe behavior File: C:/Users/james/OneDrive/Documents/Quartus/Final_Project_1080595_Clock/SSEG.v Line: 5
    Warning (13013): Ports D and ENA on the latch are fed by the same signal mode_FSM:finite_SM|state_mode.CLOCK_MODE File: C:/Users/james/OneDrive/Documents/Quartus/Final_Project_1080595_Clock/mode_FSM.v Line: 13
    Warning (13013): Ports ENA and PRE on the latch are fed by the same signal mode_FSM:finite_SM|state_mode.CLOCK_MODE File: C:/Users/james/OneDrive/Documents/Quartus/Final_Project_1080595_Clock/mode_FSM.v Line: 13
Warning (13012): Latch Display:display|SSeg:secs2|sseg[6] has unsafe behavior File: C:/Users/james/OneDrive/Documents/Quartus/Final_Project_1080595_Clock/SSEG.v Line: 5
    Warning (13013): Ports D and ENA on the latch are fed by the same signal mode_FSM:finite_SM|state_mode.CLOCK_MODE File: C:/Users/james/OneDrive/Documents/Quartus/Final_Project_1080595_Clock/mode_FSM.v Line: 13
    Warning (13013): Ports ENA and PRE on the latch are fed by the same signal mode_FSM:finite_SM|state_mode.CLOCK_MODE File: C:/Users/james/OneDrive/Documents/Quartus/Final_Project_1080595_Clock/mode_FSM.v Line: 13
Warning (13024): Output pins are stuck at VCC or GND
    Warning (13410): Pin "LEDR[1]" is stuck at GND File: C:/Users/james/OneDrive/Documents/Quartus/Final_Project_1080595_Clock/Final_Watch.v Line: 4
    Warning (13410): Pin "LEDR[2]" is stuck at GND File: C:/Users/james/OneDrive/Documents/Quartus/Final_Project_1080595_Clock/Final_Watch.v Line: 4
    Warning (13410): Pin "LEDR[3]" is stuck at GND File: C:/Users/james/OneDrive/Documents/Quartus/Final_Project_1080595_Clock/Final_Watch.v Line: 4
    Warning (13410): Pin "LEDR[4]" is stuck at GND File: C:/Users/james/OneDrive/Documents/Quartus/Final_Project_1080595_Clock/Final_Watch.v Line: 4
    Warning (13410): Pin "LEDR[5]" is stuck at GND File: C:/Users/james/OneDrive/Documents/Quartus/Final_Project_1080595_Clock/Final_Watch.v Line: 4
    Warning (13410): Pin "LEDR[6]" is stuck at GND File: C:/Users/james/OneDrive/Documents/Quartus/Final_Project_1080595_Clock/Final_Watch.v Line: 4
Info (286030): Timing-Driven Synthesis is running
Info (17049): 3 registers lost all their fanouts during netlist optimizations.
Info (16010): Generating hard_block partition "hard_block:auto_generated_inst"
    Info (16011): Adding 0 node(s), including 0 DDIO, 0 PLL, 0 transceiver and 0 LCELL
Warning (21074): Design contains 2 input pin(s) that do not drive logic
    Warning (15610): No output dependent on input pin "SW[0]" File: C:/Users/james/OneDrive/Documents/Quartus/Final_Project_1080595_Clock/Final_Watch.v Line: 3
    Warning (15610): No output dependent on input pin "SW[1]" File: C:/Users/james/OneDrive/Documents/Quartus/Final_Project_1080595_Clock/Final_Watch.v Line: 3
Info (21057): Implemented 1110 device resources after synthesis - the final resource count might be different
    Info (21058): Implemented 7 input pins
    Info (21059): Implemented 52 output pins
    Info (21061): Implemented 1051 logic cells
Info: Quartus Prime Analysis & Synthesis was successful. 0 errors, 150 warnings
    Info: Peak virtual memory: 4952 megabytes
    Info: Processing ended: Tue May 21 16:04:14 2024
    Info: Elapsed time: 00:00:06
    Info: Total CPU time (on all processors): 00:00:05


